Order_ID,Customer_Name,City,Region,Category,Product,Quantity,Unit_Price,Total_Sales,Profit,Payment_Method,Order_Date
ORD00001,Mrs. Carol Mann,Sabrinaview,North,Electronics,Laptop,5,2106,10530,1114.1,Net Banking,2024-04-14
ORD00002,Stacy Hall,Tammytown,North,Electronics,Laptop,2,1891,3782,409.08,Cash,2025-09-08
ORD00003,Tyler Wolf,West Tyronemouth,South,Sports,Gym Gloves,4,3779,15116,2982.64,Net Banking,2024-01-07
ORD00004,Lindsey Moore,Brentstad,North,Clothing,Jacket,3,1863,5589,1616.92,UPI,2024-12-10
ORD00005,Earl Bryant,Port Lisa,West,Groceries,Rice,6,2917,17502,3516.7,UPI,2024-02-14
ORD00006,Debra Price,New Charles,East,Groceries,Rice,9,2501,22509,5792.72,Cash,2025-09-25
ORD00007,Erik Bailey,Josephview,North,Electronics,Laptop,4,2470,9880,2927.5,Net Banking,2024-08-26
ORD00008,Alex Ross,Port Codyville,East,Clothing,Shoes,6,1432,8592,1224.75,UPI,2024-08-02
ORD00009,Justin Cervantes,Rileyberg,East,Sports,Cricket Bat,9,2105,18945,1721.17,Cash,2025-01-23
ORD00010,Corey Mccoy,East John,East,Clothing,T-Shirt,4,362,1448,363.83,UPI,2025-02-14
ORD00011,Kathleen Hale,Jordanside,West,Furniture,Sofa,4,4189,16756,2495.1,Cash,2025-10-20
ORD00012,Ronald Banks,East Katelyn,West,Clothing,Jeans,4,4698,18792,3471.72,Net Banking,2025-08-21
ORD00013,Kyle Taylor,North Melissa,North,Clothing,Jeans,3,4274,12822,2223.07,Cash,2024-02-18
ORD00014,Tracy Rojas,Evanston,West,Furniture,Bed,10,620,6200,906.39,Card,2025-09-02
ORD00015,Jennifer Harrell,Hansenshire,East,Sports,Football,2,4498,8996,2138.52,UPI,2025-10-18
ORD00016,Emily Miller MD,New Lisa,South,Clothing,Shoes,3,3816,11448,581.69,UPI,2024-09-26
ORD00017,Christina Ford,Tuckerhaven,North,Clothing,Jeans,3,3163,9489,2283.32,Card,2025-07-06
ORD00018,Sarah Stewart,East Gary,South,Groceries,Rice,2,3073,6146,1657.46,UPI,2024-11-10
ORD00019,Pamela Medina,New Lisa,South,Furniture,Chair,2,4081,8162,2073.2,Cash,2025-06-29
ORD00020,Edward Holloway,South Barbaramouth,South,Groceries,Milk,5,4422,22110,5927.87,Cash,2025-03-09
ORD00021,Ricky Henderson,North Ashleyfurt,North,Clothing,Shoes,6,3688,22128,6083.07,Cash,2025-04-07
ORD00022,Sara Vaughan,West Kellyfurt,South,Furniture,Chair,6,272,1632,321.63,UPI,2024-08-23
ORD00023,Sharon Simpson,North Elijah,North,Electronics,Laptop,4,652,2608,720.73,Cash,2024-12-04
ORD00024,Anna Chapman,Adamsview,West,Clothing,Shoes,4,4517,18068,1501.05,Cash,2025-08-07
ORD00025,Zachary Graham,Gonzalesfurt,East,Groceries,Eggs,4,872,3488,258.92,Net Banking,2025-03-17
ORD00026,Kristina Evans,North Joshuamouth,North,Groceries,Eggs,1,906,906,59.03,Cash,2024-12-13
ORD00027,Mary Lamb,Carterville,East,Furniture,Table,9,3775,33975,2889.42,Net Banking,2024-07-06
ORD00028,William Lam,Shieldsmouth,North,Furniture,Chair,8,4608,36864,2745.53,UPI,2025-10-29
ORD00029,Linda Riggs,New Bryan,North,Furniture,Table,7,4078,28546,4862.51,Cash,2025-02-14
ORD00030,Christopher Davis,Anthonytown,East,Groceries,Rice,7,2272,15904,4479.04,Net Banking,2025-04-10
ORD00031,Felicia Cline,Barbaraport,North,Sports,Gym Gloves,3,1655,4965,616.54,Card,2024-02-29
ORD00032,Jennifer Christensen,Bettyview,South,Electronics,Laptop,10,4005,40050,7037.29,UPI,2025-06-27
ORD00033,Kelly Peterson,Scottborough,South,Sports,Football,3,661,1983,394.14,Net Banking,2025-11-22
ORD00034,James Galvan,New Michael,West,Electronics,Phone,10,4970,49700,2978.79,Card,2024-03-24
ORD00035,Jennifer Franco,Port Matthewville,East,Clothing,Jeans,6,2055,12330,1435.26,Net Banking,2024-05-14
ORD00036,Martin Smith,Mcintyreburgh,North,Clothing,T-Shirt,1,3854,3854,791.19,UPI,2025-07-30
ORD00037,Laura Young,Port Daniel,North,Sports,Cricket Bat,9,2272,20448,1699.52,Cash,2024-12-23
ORD00038,Gregory Lopez,Lake Luis,East,Clothing,Jacket,3,3689,11067,2860.11,UPI,2025-12-21
ORD00039,Joseph Davis,Port Christopherland,South,Sports,Tennis Racket,2,1200,2400,278.68,Card,2024-04-19
ORD00040,Meagan Hall,North Mariahaven,West,Clothing,Jeans,6,1767,10602,2352.31,Card,2024-09-27
ORD00041,Michael Williamson,West Kevinhaven,South,Electronics,Laptop,7,2366,16562,1010.64,Card,2024-12-07
ORD00042,Austin Garcia,North Daniel,North,Furniture,Bed,9,3603,32427,6168.48,Cash,2024-04-24
ORD00043,Jessica Brown,East Stephanie,South,Sports,Football,6,4871,29226,5498.32,UPI,2025-03-16
ORD00044,Kimberly Faulkner,Nelsonton,North,Clothing,Jacket,1,3031,3031,310.74,Card,2024-09-12
ORD00045,Sherry Singleton,South Robert,South,Sports,Gym Gloves,10,1366,13660,3844.48,Cash,2024-08-30
ORD00046,Jeremy Taylor,Luceroshire,South,Groceries,Rice,3,2821,8463,2078.48,Card,2025-02-25
ORD00047,Timothy Anderson,North Dianeview,South,Furniture,Chair,7,417,2919,772.51,Net Banking,2024-08-15
ORD00048,Darren Casey,Haysshire,West,Clothing,Jacket,4,1926,7704,430.78,Card,2024-07-16
ORD00049,Lisa Schmitt,West Meganshire,East,Clothing,T-Shirt,5,2976,14880,3130.31,UPI,2025-02-13
ORD00050,Sierra Padilla,North Shannonfurt,North,Electronics,Tablet,3,4856,14568,4233.95,UPI,2024-09-28
ORD00051,Margaret Holloway,North Kevin,North,Sports,Gym Gloves,6,2669,16014,2547.8,Net Banking,2025-06-07
ORD00052,Christopher Parker,Toddmouth,South,Sports,Cricket Bat,5,463,2315,525.96,Card,2024-01-02
ORD00053,Michael Clark,South Robert,East,Groceries,Rice,6,2671,16026,3459.16,Card,2024-05-07
ORD00054,Anna Keller,Port Pamela,West,Groceries,Bread,7,2522,17654,3329.6,Net Banking,2024-07-15
ORD00055,Francisco Brown,Roseland,East,Furniture,Sofa,7,4588,32116,8299.78,Cash,2024-11-07
ORD00056,Dr. Sara Pittman,Jamesburgh,West,Groceries,Bread,8,3719,29752,4776.38,Cash,2024-08-06
ORD00057,John Jackson,Port Tammyton,East,Electronics,Tablet,9,2845,25605,1878.04,Cash,2024-08-28
ORD00058,Annette Branch,East Jasontown,North,Furniture,Table,1,478,478,53.16,Net Banking,2025-05-01
ORD00059,Nathan Ho,New Rachel,North,Groceries,Milk,7,4149,29043,4353.93,UPI,2024-05-31
ORD00060,Sean Martinez,New Ashleeview,South,Groceries,Milk,3,4343,13029,2164.61,UPI,2025-07-24
ORD00061,Sandra Nicholson,Timothyburgh,East,Groceries,Milk,8,4451,35608,10574.62,Net Banking,2025-09-01
ORD00062,David Chan,South Bradleyside,West,Sports,Gym Gloves,9,3752,33768,9262.63,Card,2025-05-01
ORD00063,Matthew Reid,Curtisborough,West,Furniture,Sofa,9,4069,36621,7569.09,UPI,2024-10-08
ORD00064,Amy Lowery,Jamesmouth,North,Clothing,Jeans,5,2851,14255,1852.11,Cash,2025-07-07
ORD00065,Paul Gonzalez,Lorimouth,West,Furniture,Table,7,1351,9457,2143.0,Net Banking,2024-03-06
ORD00066,John Davis,Brandytown,West,Clothing,Shoes,7,610,4270,434.3,UPI,2025-03-06
ORD00067,Jessica Meyer,South Vanessa,West,Sports,Gym Gloves,8,148,1184,338.25,Net Banking,2024-11-01
ORD00068,Robert Stone,Lake Anthonytown,North,Sports,Cricket Bat,8,1897,15176,1794.32,Net Banking,2025-05-12
ORD00069,Kenneth Mills,Heatherborough,North,Clothing,Shoes,3,3928,11784,3298.17,Net Banking,2025-09-29
ORD00070,Elizabeth Baldwin,Garciabury,South,Sports,Football,2,3611,7222,606.11,UPI,2025-04-17
ORD00071,Daniel Smith,Deborahshire,West,Clothing,Shoes,6,1833,10998,1800.1,Card,2024-12-11
ORD00072,Meghan Miller,North Derekville,North,Groceries,Bread,2,3952,7904,433.5,Card,2025-07-06
ORD00073,Nicolas Graham,Ballardhaven,North,Furniture,Chair,1,354,354,101.74,Cash,2024-07-23
ORD00074,Alexander Jackson,Moralesport,West,Furniture,Table,8,1037,8296,1584.47,Card,2024-08-11
ORD00075,Olivia Garcia,Lake Cynthiaton,East,Clothing,Jeans,10,1038,10380,2537.37,UPI,2024-06-16
ORD00076,Karen Williams,Port Andrew,West,Sports,Football,5,4816,24080,5281.63,Cash,2025-01-19
ORD00077,Emma Long,North Joshuaburgh,North,Electronics,Phone,2,2570,5140,1349.63,UPI,2025-09-06
ORD00078,David Bowers,Petersonchester,North,Clothing,Shoes,6,664,3984,703.14,Net Banking,2024-12-15
ORD00079,Elizabeth Davis,New Shaun,South,Groceries,Rice,7,3067,21469,4484.79,Net Banking,2025-04-15
ORD00080,Dustin Goodwin MD,Michaelland,West,Furniture,Sofa,10,4508,45080,10984.21,Card,2025-04-21
ORD00081,David Mendez,West Jacquelinemouth,West,Clothing,Jeans,2,2384,4768,1289.3,Net Banking,2024-09-06
ORD00082,Tina Smith,Petersonside,East,Clothing,T-Shirt,8,2762,22096,2109.28,Card,2024-08-05
ORD00083,Brianna Harper,Mckeeton,South,Clothing,Jacket,10,2363,23630,4464.84,UPI,2025-06-13
ORD00084,Clifford Barker,Fisherview,West,Furniture,Bed,8,4648,37184,8907.1,Net Banking,2025-12-08
ORD00085,Megan Bautista,Rileyland,South,Groceries,Rice,2,2510,5020,529.1,Card,2025-12-09
ORD00086,Robert Ellis,North Ian,East,Sports,Tennis Racket,8,4634,37072,6774.18,Card,2025-03-11
ORD00087,Gabriela Brown,Port Anna,East,Groceries,Bread,5,2159,10795,1161.91,UPI,2024-07-16
ORD00088,Eric Kelly,Francofort,East,Sports,Cricket Bat,4,1872,7488,1757.07,UPI,2024-10-10
ORD00089,Robert Hicks,Moonberg,South,Furniture,Sofa,4,3056,12224,1159.57,Card,2024-01-15
ORD00090,Linda Aguilar,Port Nancy,West,Electronics,Laptop,9,2493,22437,5033.84,UPI,2024-05-09
ORD00091,Gabriela Pratt,Kathyburgh,North,Electronics,Tablet,8,4021,32168,5150.65,Card,2024-07-07
ORD00092,Michael Lewis,West Susanmouth,North,Groceries,Rice,2,3382,6764,1169.74,Cash,2025-08-13
ORD00093,Lindsay Schmitt,New Amy,South,Furniture,Sofa,2,2133,4266,339.63,Net Banking,2025-03-02
ORD00094,Patricia Malone,North Charles,North,Groceries,Eggs,5,4921,24605,7320.18,UPI,2024-11-08
ORD00095,Amanda Wheeler,Lydiahaven,North,Furniture,Table,5,765,3825,341.44,Cash,2024-06-26
ORD00096,Jennifer Ryan,New Williamburgh,South,Electronics,Headphones,8,4964,39712,6650.89,Card,2024-02-03
ORD00097,Jordan Moore,Caseyfurt,South,Clothing,Shoes,2,2012,4024,1130.65,Net Banking,2025-10-02
ORD00098,James Castro,Elizabethport,North,Electronics,Phone,3,2276,6828,1752.46,Cash,2024-03-14
ORD00099,Ronald Alvarado,West Jessica,West,Clothing,Jacket,8,1118,8944,1495.21,Card,2024-11-07
ORD00100,Vanessa Black,West Jenniferfort,East,Sports,Gym Gloves,8,758,6064,1209.82,Card,2025-03-18
ORD00101,Michael Thomas,Jonesmouth,East,Electronics,Laptop,4,4812,19248,3787.64,UPI,2024-01-22
ORD00102,Austin Gardner,Lake Samuel,West,Furniture,Bed,9,3722,33498,9346.55,Net Banking,2024-07-04
ORD00103,David Oneal,West Noah,North,Electronics,Headphones,6,3445,20670,2755.87,Cash,2025-11-17
ORD00104,Holly Garcia,North Connorview,North,Clothing,Shoes,8,2461,19688,4245.64,Net Banking,2025-02-14
ORD00105,Dr. Eric Berry,Smithshire,North,Electronics,Tablet,5,2748,13740,1085.19,Net Banking,2025-02-17
ORD00106,Jordan Neal,West Theresa,West,Groceries,Rice,4,4347,17388,2442.05,UPI,2025-05-25
ORD00107,Jack Robinson,Villarrealton,West,Furniture,Sofa,9,1173,10557,2976.21,UPI,2025-03-24
ORD00108,Christopher Vega,New Herbertmouth,West,Electronics,Phone,3,2645,7935,1489.48,UPI,2025-07-19
ORD00109,Patrick Le,South Anthony,West,Furniture,Chair,8,1062,8496,1800.54,Card,2024-06-06
ORD00110,Scott Rush,Port Mark,West,Sports,Tennis Racket,7,4052,28364,8369.11,Cash,2024-09-06
ORD00111,Monica Cardenas,Reynoldsmouth,North,Groceries,Milk,10,4263,42630,10085.11,Card,2024-05-19
ORD00112,Charles Turner,Brownview,East,Groceries,Bread,9,2288,20592,5253.79,Net Banking,2024-10-16
ORD00113,Kevin Bolton,East Ariel,West,Furniture,Bed,9,4067,36603,4988.29,Net Banking,2025-07-19
ORD00114,Taylor Jones,Parkschester,North,Clothing,Jeans,4,4784,19136,2788.93,Card,2025-02-24
ORD00115,John Allen,South Diana,South,Groceries,Eggs,7,1346,9422,1637.85,Card,2024-02-07
ORD00116,John Skinner,Wadeshire,South,Electronics,Headphones,2,4408,8816,2447.41,Net Banking,2024-01-16
ORD00117,Robert Garcia,Clarkton,West,Furniture,Chair,8,2271,18168,2446.15,UPI,2025-12-10
ORD00118,Tyler Hogan,South Ashleystad,North,Clothing,Shoes,6,4097,24582,6590.33,Cash,2024-02-06
ORD00119,Jessica Turner,East Brett,North,Clothing,Jeans,2,3655,7310,2153.41,Net Banking,2025-10-10
ORD00120,Amber Carpenter,Port Bernardstad,East,Furniture,Sofa,1,476,476,62.4,Card,2024-02-27
ORD00121,Maria Sherman,Rasmussenport,South,Clothing,Shoes,3,2100,6300,1151.59,Cash,2025-08-02
ORD00122,Michele Olson,New David,West,Furniture,Chair,10,3233,32330,6625.31,Cash,2024-09-03
ORD00123,Katie Richards MD,Lake Michaelmouth,West,Furniture,Bed,5,3864,19320,2199.23,Card,2024-01-10
ORD00124,Brian Reeves,Heatherfurt,East,Sports,Cricket Bat,2,3718,7436,2128.99,Net Banking,2025-08-24
ORD00125,Belinda Estrada,New Seanmouth,North,Clothing,Shoes,5,1731,8655,2595.14,Cash,2025-05-09
ORD00126,Tyler Johnson,Stacystad,North,Groceries,Bread,10,2523,25230,7522.91,Net Banking,2024-10-29
ORD00127,Nicolas Mcintyre,South David,East,Clothing,T-Shirt,10,501,5010,1391.05,Cash,2025-05-23
ORD00128,Brent Diaz,Burnsville,South,Sports,Tennis Racket,4,1657,6628,1360.22,UPI,2025-11-25
ORD00129,Megan Burns,Pooleport,North,Electronics,Tablet,8,373,2984,581.56,Card,2024-05-14
ORD00130,Joanne Malone,Port Christianview,East,Clothing,Shoes,3,1744,5232,434.47,Card,2025-07-06
ORD00131,Pamela Brandt,Lake Jennifer,North,Furniture,Sofa,8,2517,20136,4764.98,Net Banking,2024-12-12
ORD00132,Courtney Douglas,West Jorgechester,East,Electronics,Phone,4,3355,13420,3916.19,UPI,2025-07-24
ORD00133,Gary Flores,Tannerside,East,Groceries,Rice,5,4495,22475,1818.16,Net Banking,2025-01-12
ORD00134,Patricia Compton,New Kennethside,East,Clothing,T-Shirt,4,3962,15848,891.55,Cash,2025-07-28
ORD00135,Sharon Flores,Michaelberg,North,Electronics,Headphones,5,3444,17220,1363.29,Card,2024-02-16
ORD00136,Cory Carpenter,East Caleb,West,Groceries,Rice,2,2023,4046,1099.76,Net Banking,2024-05-18
ORD00137,Christine Frank,South Kyleberg,North,Clothing,Shoes,10,1365,13650,3703.97,Net Banking,2025-11-01
ORD00138,Carrie Baker,East Paulborough,West,Sports,Gym Gloves,5,368,1840,409.53,Net Banking,2024-08-10
ORD00139,Kathleen Glover,Robynfort,East,Furniture,Sofa,2,3109,6218,1157.27,UPI,2025-10-22
ORD00140,Jared Wilson,West Victoriaton,North,Groceries,Bread,4,1100,4400,1263.91,Cash,2025-04-10
ORD00141,Joseph Delgado,Noahmouth,South,Sports,Football,1,2832,2832,314.05,UPI,2024-05-08
ORD00142,Nicole Hall,Lewisburgh,East,Sports,Cricket Bat,10,1869,18690,4733.49,Cash,2024-08-26
ORD00143,Ian Walters,Port Coreymouth,East,Sports,Football,5,1285,6425,1907.47,Cash,2025-07-07
ORD00144,Jesse Russell,East Jessica,East,Electronics,Laptop,3,221,663,92.53,UPI,2024-08-31
ORD00145,Angela Myers,West Hunter,North,Furniture,Sofa,1,1138,1138,267.92,UPI,2025-06-22
ORD00146,Cameron Collins,South Masonfort,South,Groceries,Eggs,6,4304,25824,5123.91,UPI,2025-04-07
ORD00147,Brianna Douglas,Lake Bryanbury,West,Sports,Tennis Racket,8,355,2840,185.19,Net Banking,2025-05-05
ORD00148,Aaron Simpson,Murrayburgh,South,Electronics,Headphones,8,702,5616,1543.37,UPI,2024-11-25
ORD00149,Steven Khan,New Kimberlyhaven,West,Furniture,Sofa,10,4895,48950,9158.01,Card,2024-11-28
ORD00150,Yolanda Campbell,Smithton,South,Groceries,Eggs,2,1037,2074,545.87,Net Banking,2025-10-28
ORD00151,John Klein,North Scottstad,West,Groceries,Milk,7,2876,20132,5171.0,UPI,2025-02-12
ORD00152,Lisa Mathews,Moniqueport,West,Clothing,Shoes,6,2188,13128,1884.86,UPI,2024-06-05
ORD00153,Kristi Gray,Johnberg,South,Electronics,Laptop,2,3637,7274,539.3,UPI,2025-01-16
ORD00154,Brian Miller,New Philipchester,West,Sports,Tennis Racket,2,3465,6930,959.11,UPI,2025-11-12
ORD00155,Scott Hicks,Schmitttown,South,Clothing,Jacket,6,948,5688,1106.2,Net Banking,2024-08-05
ORD00156,David Stewart,New Thomas,South,Furniture,Chair,6,4656,27936,3963.85,Net Banking,2024-10-12
ORD00157,Justin White,Stacymouth,East,Sports,Football,10,2290,22900,1310.76,Card,2024-10-06
ORD00158,Lucas Gonzales,Josephland,North,Clothing,T-Shirt,3,1273,3819,731.65,Cash,2025-02-14
ORD00159,Jack Spencer,West Theresa,East,Electronics,Laptop,9,1862,16758,2413.97,Cash,2025-04-09
ORD00160,Melissa Fuller,Melissafort,South,Clothing,Jacket,6,4749,28494,5671.9,Cash,2024-02-23
ORD00161,Jamie Ruiz,New Savannah,West,Sports,Football,2,2329,4658,748.91,Net Banking,2025-03-10
ORD00162,Tiffany Sanders,South Stephenborough,North,Groceries,Bread,4,4297,17188,1348.47,Card,2025-03-16
ORD00163,Lindsey Schmitt,Jamesport,North,Sports,Gym Gloves,9,2626,23634,1450.05,UPI,2025-02-08
ORD00164,Ernest Mccarthy,Lake William,East,Furniture,Sofa,4,1224,4896,1180.13,UPI,2024-10-23
ORD00165,Joseph Acosta,East Kennethshire,South,Electronics,Headphones,7,1539,10773,886.58,Card,2025-06-29
ORD00166,Lauren Scott,Codyville,East,Electronics,Headphones,1,3673,3673,200.86,Net Banking,2024-03-20
ORD00167,Amy Shaw,East Brian,East,Sports,Gym Gloves,7,2471,17297,1362.89,Cash,2024-01-22
ORD00168,Helen Smith,New Kirk,South,Sports,Gym Gloves,6,821,4926,784.11,Net Banking,2024-04-18
ORD00169,Tiffany Velasquez,North Dennisshire,East,Sports,Gym Gloves,9,744,6696,997.31,Cash,2024-11-13
ORD00170,Brian Gordon,Julieton,South,Clothing,Jeans,2,4281,8562,1783.52,Card,2025-06-27
ORD00171,Robert Mills,Jonesport,South,Clothing,Jeans,4,942,3768,326.35,Cash,2024-07-21
ORD00172,Hannah Orozco,Leeton,West,Electronics,Phone,8,3900,31200,7444.68,Card,2025-08-16
ORD00173,Harold Reed,Aprilside,East,Clothing,Jeans,8,659,5272,881.64,Card,2025-10-08
ORD00174,Stephen Mcknight,Butlerland,West,Sports,Football,6,4256,25536,1750.43,UPI,2025-04-17
ORD00175,Jonathan Jones,Wigginsfort,West,Electronics,Tablet,5,728,3640,768.65,Net Banking,2024-04-02
ORD00176,Matthew Wilcox,Joshuahaven,West,Sports,Football,8,4783,38264,8148.68,Cash,2024-11-25
ORD00177,Ryan Cox,Justinshire,South,Electronics,Headphones,2,2913,5826,1722.14,UPI,2024-03-27
ORD00178,Mrs. Elizabeth Meadows,Robertmouth,East,Furniture,Bed,8,4393,35144,6350.06,Card,2024-06-11
ORD00179,Olivia Martin,West Tina,East,Clothing,Shoes,7,2871,20097,4415.8,UPI,2024-02-23
ORD00180,Troy Fernandez,Whitefurt,South,Clothing,T-Shirt,9,3266,29394,3557.75,Card,2025-11-03
ORD00181,Victoria Johnston,Port Davidmouth,West,Electronics,Phone,6,2641,15846,4625.83,Cash,2025-12-16
ORD00182,Mr. Michael Martin,Lynchbury,South,Sports,Football,5,4678,23390,3372.13,UPI,2024-12-02
ORD00183,Nicole Elliott,Garciafurt,East,Groceries,Bread,1,3070,3070,390.55,Net Banking,2024-08-07
ORD00184,Kimberly Smith,North Carolview,North,Furniture,Table,3,1369,4107,284.58,Card,2024-04-13
ORD00185,Terry Wright,Lake Ronald,South,Sports,Cricket Bat,10,3186,31860,2821.62,Net Banking,2024-07-04
ORD00186,Joseph Hardy,New Michaelberg,East,Electronics,Headphones,6,2045,12270,3587.71,Net Banking,2025-09-17
ORD00187,Lawrence Webb,Brandyberg,East,Furniture,Table,5,3942,19710,5439.83,Net Banking,2024-07-17
ORD00188,Kevin Huang,Carolynside,South,Groceries,Bread,7,4219,29533,5371.02,Cash,2024-06-14
ORD00189,Amanda Davis,South Nataliemouth,North,Clothing,T-Shirt,8,3140,25120,4738.52,Card,2024-04-15
ORD00190,Jordan Sullivan,Chambersview,West,Electronics,Phone,5,3780,18900,5222.57,UPI,2024-05-30
ORD00191,Jenny Cannon,Port Mark,East,Furniture,Bed,6,318,1908,293.31,Cash,2025-02-09
ORD00192,Anna Blair,Brentmouth,East,Groceries,Rice,6,1939,11634,663.68,Cash,2024-04-11
ORD00193,Brianna Hall,Lake Julie,West,Furniture,Chair,5,3970,19850,4446.76,Net Banking,2024-05-22
ORD00194,Latoya Whitehead,East Christopher,West,Sports,Football,2,255,510,58.13,UPI,2024-06-02
ORD00195,Michelle Wallace,Kellyton,West,Clothing,Jeans,5,1098,5490,340.04,UPI,2025-03-05
ORD00196,Karen Hensley,Hernandezport,South,Electronics,Headphones,10,4491,44910,2430.03,Cash,2025-06-11
ORD00197,Daniel Rose,Lake Katherinemouth,South,Clothing,Shoes,1,2990,2990,329.32,UPI,2025-03-02
ORD00198,Jose Cummings,Garcialand,North,Sports,Tennis Racket,2,4409,8818,1640.33,Net Banking,2025-06-03
ORD00199,George Montgomery,Jacquelineberg,East,Groceries,Rice,7,3158,22106,2507.1,UPI,2024-01-17
ORD00200,Alexander Sanders,West Howard,South,Clothing,Jeans,2,4866,9732,2275.31,UPI,2024-12-06
ORD00201,Joshua Thomas,Nicholasberg,South,Clothing,Jacket,3,3906,11718,3459.21,Cash,2025-05-05
ORD00202,Cassandra Thomas,Sullivanfurt,North,Electronics,Headphones,1,2503,2503,251.3,Card,2024-07-23
ORD00203,Claire Shelton,North Richardbury,South,Clothing,Shoes,9,3978,35802,4057.38,Card,2025-10-24
ORD00204,Janet Garcia,Greenshire,West,Clothing,T-Shirt,6,2338,14028,1137.93,Net Banking,2025-01-11
ORD00205,Dustin Ryan,Lake Josephtown,East,Groceries,Eggs,6,1630,9780,1702.22,Card,2025-05-24
ORD00206,Melissa Scott,Sarahtown,East,Electronics,Headphones,2,3627,7254,1455.25,Card,2024-07-03
ORD00207,Dr. Anna Gray,East Craigfort,West,Electronics,Laptop,6,2521,15126,1915.31,Cash,2025-09-09
ORD00208,Heidi Bray,New Amy,West,Groceries,Bread,8,446,3568,826.72,Card,2024-12-27
ORD00209,Sherry Wilson,Port Darren,South,Electronics,Laptop,7,3076,21532,3838.54,UPI,2025-11-26
ORD00210,Deanna Knapp,Lake Amberfurt,East,Furniture,Bed,1,1134,1134,75.76,Card,2025-10-22
ORD00211,Nathan Garner,South Jessicaberg,East,Groceries,Rice,10,1356,13560,2980.02,Net Banking,2025-01-14
ORD00212,Renee Chapman,Maryside,East,Electronics,Phone,9,3106,27954,4179.36,Cash,2025-10-27
ORD00213,Harry Gilmore,Jasonstad,North,Electronics,Laptop,3,4188,12564,2254.44,Card,2025-07-29
ORD00214,Garrett Meyer,East Steven,South,Clothing,Shoes,4,2439,9756,2180.42,UPI,2025-05-17
ORD00215,Justin Ayala,Carrollshire,North,Furniture,Chair,8,1514,12112,3326.8,Card,2025-03-31
ORD00216,Carlos Castro,Ronaldbury,South,Clothing,T-Shirt,9,4541,40869,5010.15,Cash,2024-11-03
ORD00217,Michael Fuller,Ericberg,West,Clothing,Jeans,2,1746,3492,866.07,UPI,2024-08-30
ORD00218,Mary Hayes,New William,North,Clothing,Jacket,8,4619,36952,3046.43,Card,2024-03-29
ORD00219,Michael Bradley,East Joseph,North,Groceries,Eggs,9,3465,31185,7555.85,Cash,2025-08-11
ORD00220,Miguel Rose II,South Kathleen,South,Clothing,T-Shirt,8,3916,31328,6893.01,Cash,2024-12-18
ORD00221,Jennifer Sanchez,Hartstad,South,Furniture,Bed,9,553,4977,1283.31,Card,2025-06-14
ORD00222,Christopher Lowery,Heatherstad,East,Furniture,Table,6,1947,11682,1594.66,UPI,2025-06-15
ORD00223,David Crane,New Carla,North,Clothing,Jeans,9,2348,21132,1717.87,Cash,2024-11-06
ORD00224,Brandi Johnson,Scottbury,North,Sports,Cricket Bat,3,2865,8595,2240.14,UPI,2025-07-31
ORD00225,Alex Harrington,Port Reginamouth,West,Electronics,Laptop,10,2268,22680,4825.91,UPI,2025-08-08
ORD00226,Cynthia Wolf,Allisonton,West,Groceries,Bread,5,4056,20280,2255.53,Card,2025-12-02
ORD00227,Richard Johnson,Gregorymouth,West,Groceries,Rice,1,1394,1394,222.9,Cash,2025-05-10
ORD00228,Billy Thomas,Lovemouth,West,Clothing,Jeans,6,2715,16290,3804.53,Cash,2024-12-19
ORD00229,Dana Vargas,South Nicoleborough,West,Clothing,T-Shirt,6,2080,12480,2079.39,Cash,2024-09-30
ORD00230,Peter Berger,Amandastad,West,Furniture,Chair,1,2477,2477,709.28,Cash,2025-09-22
ORD00231,Mark Moran,Lake Adammouth,West,Furniture,Sofa,10,2661,26610,2593.37,Net Banking,2024-06-12
ORD00232,Karen Hardin,New Sandra,West,Groceries,Bread,8,289,2312,167.65,Cash,2025-02-06
ORD00233,Julie Reyes,Vincentview,West,Furniture,Sofa,1,514,514,61.85,Card,2025-09-03
ORD00234,Andrea Miller,Boydshire,East,Sports,Football,2,3630,7260,606.09,Net Banking,2024-09-27
ORD00235,Michael Collier,Cindychester,East,Clothing,T-Shirt,7,519,3633,699.61,Card,2024-07-18
ORD00236,Kim Brown,Lake Thomasside,North,Electronics,Headphones,9,3789,34101,8221.79,Cash,2024-10-13
ORD00237,Janice Whitney,Lopezmouth,South,Electronics,Headphones,6,2877,17262,3270.42,Cash,2025-01-09
ORD00238,Thomas Henderson,West Crystalfurt,East,Sports,Gym Gloves,9,429,3861,236.78,Net Banking,2024-05-20
ORD00239,George Contreras,Smithburgh,East,Sports,Gym Gloves,3,4323,12969,1101.65,Cash,2025-09-19
ORD00240,Samantha Lee,Jeffreyshire,West,Groceries,Bread,10,2855,28550,5048.46,Card,2025-06-05
ORD00241,William Munoz,Saraburgh,East,Groceries,Rice,6,2813,16878,3687.03,UPI,2025-03-02
ORD00242,Tammy Diaz,East Donna,West,Sports,Gym Gloves,5,4838,24190,4702.74,Cash,2024-02-22
ORD00243,Whitney Gibbs,Allenport,North,Sports,Gym Gloves,3,2084,6252,361.94,Cash,2025-12-18
ORD00244,Manuel Leon,North Amy,South,Electronics,Headphones,6,3530,21180,1860.83,Net Banking,2025-12-08
ORD00245,John French,Kimstad,East,Sports,Gym Gloves,1,1231,1231,221.17,Net Banking,2025-07-28
ORD00246,Alexander Bailey,New Caitlynborough,East,Sports,Gym Gloves,6,1518,9108,1502.05,Card,2025-06-29
ORD00247,Taylor Brown,Phelpsmouth,South,Clothing,Shoes,4,2119,8476,1015.01,Card,2024-11-01
ORD00248,Laura Roberts,North Michaeltown,East,Clothing,Jeans,8,2697,21576,3666.86,Card,2025-07-27
ORD00249,Jason Salazar,Nolanberg,East,Electronics,Headphones,7,2927,20489,5914.2,UPI,2024-05-29
ORD00250,Joshua Rodriguez,West Veronicaville,South,Clothing,T-Shirt,6,3723,22338,4780.18,Cash,2025-05-05
ORD00251,Vincent Rollins,Lake Cassandraburgh,South,Sports,Tennis Racket,9,2325,20925,1764.36,Cash,2025-09-22
ORD00252,Jacob Stevens,New Andrew,West,Electronics,Phone,4,530,2120,159.1,UPI,2024-12-04
ORD00253,Mrs. Jacqueline Ho MD,Port Kimberlyhaven,West,Furniture,Chair,9,1393,12537,1902.2,Cash,2025-05-02
ORD00254,Dr. Cindy Turner MD,Jamesshire,South,Clothing,Jacket,5,584,2920,808.79,UPI,2024-04-01
ORD00255,John Moody,Port Samantha,West,Furniture,Bed,3,397,1191,356.46,Cash,2025-02-10
ORD00256,Brian White,Riveraview,East,Clothing,T-Shirt,1,2544,2544,488.42,Card,2024-04-19
ORD00257,Molly Evans,East Jessicastad,North,Groceries,Eggs,3,4230,12690,2119.3,Card,2024-07-16
ORD00258,Tammy Lee,West Donnaberg,East,Furniture,Bed,5,1625,8125,434.86,Cash,2024-12-11
ORD00259,Jessica Fuentes,Millerton,North,Furniture,Bed,7,4321,30247,3992.05,Cash,2025-02-14
ORD00260,James Brown,Williamsburgh,South,Furniture,Bed,6,2132,12792,661.44,Net Banking,2025-01-27
ORD00261,Brenda Pearson,East Daniellehaven,East,Clothing,Jacket,5,4871,24355,5619.2,Card,2024-01-12
ORD00262,Michael Good,East Aaron,East,Furniture,Chair,2,3912,7824,991.31,UPI,2025-02-19
ORD00263,Marie Wagner,Bellmouth,West,Clothing,Jacket,10,1909,19090,2000.29,Cash,2024-05-16
ORD00264,Traci Clark,Austinburgh,South,Groceries,Bread,7,4599,32193,8956.07,Cash,2025-07-04
ORD00265,Jason Ingram,Ramosland,North,Sports,Football,9,3759,33831,6158.71,UPI,2025-01-05
ORD00266,Richard Haney,Susantown,West,Electronics,Phone,10,4496,44960,3932.34,UPI,2024-12-01
ORD00267,William Jackson,North Jaime,West,Furniture,Bed,2,4280,8560,1381.33,Cash,2024-02-26
ORD00268,Dr. Deanna Robinson,Lake Stacyfurt,East,Sports,Gym Gloves,8,4719,37752,2432.52,UPI,2025-04-18
ORD00269,Tyler Thompson,Lake Richardton,West,Groceries,Bread,1,1885,1885,366.78,Card,2024-02-16
ORD00270,Julie Good,Robinsonshire,South,Electronics,Laptop,2,3967,7934,459.65,Cash,2025-02-22
ORD00271,Kathryn Baker,Lake Kaitlynshire,West,Groceries,Bread,7,3774,26418,7064.31,UPI,2025-01-21
ORD00272,Sandra Moreno,New Elizabeth,West,Sports,Cricket Bat,6,1071,6426,608.02,Cash,2025-07-04
ORD00273,Jessica Sanchez,Mayofurt,West,Furniture,Chair,1,2544,2544,421.67,Net Banking,2025-07-11
ORD00274,Claudia Martinez,Romeroborough,North,Furniture,Table,8,2935,23480,2084.56,UPI,2024-07-12
ORD00275,Timothy King,West Jonathan,North,Groceries,Rice,4,1788,7152,477.92,Net Banking,2025-08-31
ORD00276,Jillian Robinson,Debrabury,South,Sports,Football,4,462,1848,278.25,UPI,2024-08-27
ORD00277,Steven Marshall,Nicolefort,East,Furniture,Sofa,4,4819,19276,2500.6,Cash,2025-09-04
ORD00278,Christopher Collins,Port John,North,Clothing,Jeans,9,1910,17190,2636.77,Cash,2024-10-08
ORD00279,David Collins,Clarkborough,West,Groceries,Eggs,1,2921,2921,833.64,Card,2025-11-18
ORD00280,David Wheeler,Longfort,West,Groceries,Eggs,3,2556,7668,1105.07,Cash,2025-07-04
ORD00281,Jessica Stafford,Sandramouth,West,Furniture,Sofa,3,3893,11679,3254.77,Net Banking,2025-07-29
ORD00282,Gina Warren,Charlesfurt,North,Sports,Cricket Bat,7,2089,14623,1663.35,Net Banking,2024-12-04
ORD00283,Dale Clark,Alyssachester,North,Clothing,T-Shirt,9,1660,14940,939.49,UPI,2025-01-21
ORD00284,Catherine Cortez,Williamsbury,East,Furniture,Table,8,1811,14488,3873.63,UPI,2024-12-06
ORD00285,Timothy Yang,Tuckershire,South,Furniture,Table,2,4023,8046,2241.7,Net Banking,2025-12-13
ORD00286,Patrick Thompson,Ryanton,East,Furniture,Sofa,5,3218,16090,2679.99,Card,2025-10-26
ORD00287,Joseph James,Clarkbury,East,Clothing,Jacket,9,4173,37557,6253.28,Cash,2025-04-25
ORD00288,Sharon Martinez,East Lee,South,Clothing,Jacket,7,474,3318,632.51,UPI,2024-08-14
ORD00289,Joe Mills,Lake Billytown,West,Clothing,Shoes,5,1348,6740,667.58,Cash,2024-08-23
ORD00290,Christopher Edwards,Perryland,West,Groceries,Bread,5,4102,20510,5981.27,Net Banking,2025-10-19
ORD00291,Joseph Ho,North William,South,Furniture,Sofa,3,1246,3738,860.03,UPI,2025-05-15
ORD00292,Carmen George,Port Andrewshire,South,Sports,Football,2,497,994,239.64,Cash,2025-02-26
ORD00293,Mr. Joe Knight,Jacksonmouth,North,Electronics,Phone,1,1891,1891,333.64,Net Banking,2025-01-17
ORD00294,Justin Wu,West Lynnshire,North,Groceries,Rice,1,4459,4459,837.89,Card,2024-01-13
ORD00295,Kent Mclaughlin,East Tonya,West,Sports,Tennis Racket,1,4214,4214,1067.36,Cash,2025-11-21
ORD00296,Tanya Garcia,Martinshire,East,Electronics,Laptop,9,1319,11871,1308.69,Card,2025-09-26
ORD00297,Lori Johnson,Steventon,South,Clothing,Shoes,2,3156,6312,1829.37,Cash,2025-04-15
ORD00298,Charles Byrd,Lake Travisville,West,Clothing,T-Shirt,1,865,865,130.89,UPI,2025-01-21
ORD00299,Garrett Price,West Anthonyberg,East,Electronics,Phone,2,4194,8388,2192.06,UPI,2025-10-22
ORD00300,Philip Miles,West Jenniferville,West,Sports,Football,4,1831,7324,2016.43,Card,2025-12-09
ORD00301,Luis Swanson,Danielstown,South,Electronics,Laptop,5,4548,22740,4340.55,Card,2024-02-03
ORD00302,Matthew Davidson,Port Kelseyside,West,Electronics,Phone,10,1281,12810,3049.59,UPI,2025-12-30
ORD00303,Donald Allen,Drewstad,East,Clothing,Jeans,10,2069,20690,3965.73,Net Banking,2025-02-02
ORD00304,Ann Woodard,Port Angela,South,Furniture,Chair,9,2933,26397,1674.21,UPI,2025-03-23
ORD00305,Robin Chan,South Kelly,West,Clothing,Shoes,6,342,2052,427.91,Cash,2025-04-06
ORD00306,Rose Warren,Quinnview,West,Clothing,Shoes,7,1621,11347,2495.47,UPI,2025-11-07
ORD00307,Christopher Crane,New Markton,West,Sports,Tennis Racket,4,702,2808,197.99,Cash,2024-06-06
ORD00308,Jenna Montes,East Kevin,West,Groceries,Bread,6,972,5832,425.04,Card,2024-11-11
ORD00309,Logan Adams,Kimberlyfort,West,Clothing,T-Shirt,3,815,2445,236.79,UPI,2025-04-04
ORD00310,Matthew Martinez,New Emilyshire,East,Electronics,Laptop,6,4640,27840,2039.73,Net Banking,2025-09-04
ORD00311,Victoria Martin,Lake Chelseaside,South,Electronics,Tablet,7,3276,22932,5613.58,Cash,2025-07-26
ORD00312,Sarah Hughes,East Chad,South,Groceries,Milk,3,2302,6906,865.2,UPI,2025-05-19
ORD00313,Sandra Lopez,West Ashleeberg,East,Furniture,Bed,5,3549,17745,2217.03,Card,2024-03-19
ORD00314,Charles Taylor,Karenport,East,Furniture,Bed,10,1701,17010,2797.56,UPI,2024-05-18
ORD00315,Kenneth Mann,South Billymouth,West,Groceries,Bread,10,3212,32120,8062.73,Card,2024-12-03
ORD00316,Elizabeth Wilson,Lake Christopher,South,Groceries,Milk,5,2726,13630,2736.94,Net Banking,2025-12-12
ORD00317,Cynthia Welch,West Lori,West,Clothing,Jeans,7,2714,18998,2334.13,Cash,2025-12-12
ORD00318,Cameron Schroeder,Lake Isaacmouth,South,Clothing,Shoes,5,3318,16590,2343.4,Cash,2025-07-31
ORD00319,Sean Walker,West Megan,North,Sports,Football,8,1817,14536,2320.15,Net Banking,2024-10-25
ORD00320,Michael Taylor,Lake Stephanieville,West,Groceries,Milk,5,2082,10410,1178.1,Net Banking,2024-06-06
ORD00321,Timothy Rodriguez,Reeveshaven,West,Electronics,Headphones,10,4025,40250,7871.33,UPI,2025-07-01
ORD00322,Jack Smith,Port Catherinemouth,South,Clothing,T-Shirt,2,2133,4266,914.63,UPI,2024-12-29
ORD00323,Angela Martinez,Lake Melindahaven,East,Sports,Gym Gloves,6,3626,21756,1664.03,Cash,2024-04-10
ORD00324,Walter Taylor,Kellyhaven,South,Sports,Cricket Bat,8,3164,25312,3740.7,Card,2025-11-26
ORD00325,Christian Cervantes,Annefurt,North,Electronics,Headphones,2,2520,5040,776.13,Cash,2024-03-28
ORD00326,Joshua Perez,Wallaceton,West,Clothing,Jacket,6,3830,22980,5654.63,Card,2025-06-17
ORD00327,Laura Dickson,South Ryanborough,North,Groceries,Rice,8,3806,30448,3949.94,UPI,2024-11-03
ORD00328,Amy Nichols DDS,North Mistyfort,South,Electronics,Tablet,2,1446,2892,816.93,Cash,2024-09-06
ORD00329,Monica Gregory,Fieldsside,South,Clothing,Shoes,8,1999,15992,3989.03,Cash,2025-10-06
ORD00330,Kaitlyn Foster,Matthewfurt,West,Groceries,Eggs,1,1716,1716,278.67,UPI,2025-03-15
ORD00331,Timothy Goodwin,Barryburgh,South,Furniture,Table,5,612,3060,594.67,Card,2025-07-03
ORD00332,Calvin Orozco,Lisafurt,East,Clothing,Jeans,8,1033,8264,955.22,Net Banking,2025-05-16
ORD00333,Carrie Watts,Jamesshire,South,Sports,Gym Gloves,10,1035,10350,1417.75,Card,2025-04-13
ORD00334,Ruben Green,Klinechester,North,Sports,Football,3,2665,7995,635.33,Cash,2024-11-08
ORD00335,Linda Peterson,Maxville,West,Clothing,Jeans,9,3282,29538,4565.39,Net Banking,2024-05-21
ORD00336,Courtney Lawrence,Michaelshire,East,Furniture,Bed,9,1519,13671,2580.1,Cash,2025-05-16
ORD00337,Michael Green,Sarahburgh,West,Furniture,Sofa,8,539,4312,1148.63,Cash,2024-01-10
ORD00338,Willie Benson,North Jesseview,West,Furniture,Bed,9,4240,38160,8138.29,Net Banking,2025-02-22
ORD00339,Cynthia Robinson,New Seanfort,East,Groceries,Eggs,3,777,2331,446.04,UPI,2024-08-13
ORD00340,Dr. Samantha Harris,Julieberg,West,Clothing,Jeans,9,2464,22176,2041.35,UPI,2025-04-13
ORD00341,Darlene Dixon,Rebeccamouth,North,Sports,Football,5,4549,22745,5818.64,Net Banking,2025-01-10
ORD00342,Marie Morris,Port Aaron,South,Sports,Cricket Bat,7,938,6566,1536.43,Card,2025-10-31
ORD00343,Tyler Ortega,East Scott,West,Electronics,Headphones,5,2955,14775,3923.5,UPI,2024-03-30
ORD00344,Richard Walker,South Cherylfurt,West,Furniture,Table,10,2972,29720,7883.59,Cash,2025-09-16
ORD00345,Martin Owens,Prestonberg,East,Sports,Cricket Bat,4,1795,7180,1804.77,Card,2025-08-06
ORD00346,Laurie Gonzalez,Ellisonchester,North,Sports,Cricket Bat,6,2497,14982,1832.8,Cash,2024-09-30
ORD00347,Laurie Griffith,North Davidberg,South,Groceries,Rice,5,1139,5695,1283.41,Cash,2024-05-15
ORD00348,Joseph Lawson,East Eduardoside,East,Clothing,Jeans,7,4109,28763,2460.47,Net Banking,2025-10-09
ORD00349,Breanna Morgan,Mcphersontown,East,Groceries,Eggs,2,862,1724,259.83,Net Banking,2024-10-11
ORD00350,Tammy Schneider,West Gregory,West,Groceries,Bread,10,120,1200,320.67,Card,2024-04-05
ORD00351,Cynthia Grant,Arnoldmouth,East,Electronics,Headphones,4,3619,14476,3708.92,Card,2025-05-21
ORD00352,Danielle Reynolds,Jessicafort,East,Clothing,Jacket,9,4834,43506,3595.71,UPI,2025-05-11
ORD00353,Darlene Kim,East Emmaville,West,Electronics,Laptop,8,233,1864,151.09,Net Banking,2024-06-10
ORD00354,Jillian Moss,North Alanmouth,South,Electronics,Headphones,4,1180,4720,1276.93,Card,2024-11-05
ORD00355,Crystal Russell,Clarkmouth,South,Electronics,Tablet,5,775,3875,553.97,UPI,2025-10-26
ORD00356,Richard Lewis,Ramirezstad,North,Groceries,Bread,4,3616,14464,3093.43,UPI,2025-12-21
ORD00357,Kristin Manning,West Josephmouth,West,Furniture,Bed,2,1187,2374,471.05,UPI,2025-06-15
ORD00358,Jennifer Bradley,Hansenport,North,Electronics,Tablet,2,3559,7118,1590.93,Cash,2025-05-04
ORD00359,Michael Velasquez,Port Ginaton,South,Groceries,Rice,2,945,1890,242.56,Net Banking,2024-11-02
ORD00360,John Manning,Jessicaton,South,Furniture,Table,2,4445,8890,1696.41,Net Banking,2025-09-16
ORD00361,Alexander Huff,Port Jennifershire,South,Clothing,Jeans,3,3472,10416,2125.06,UPI,2025-03-29
ORD00362,Anna Sims,Wilsonburgh,West,Electronics,Phone,2,4929,9858,2292.01,Card,2024-12-25
ORD00363,Richard Lowe,Moonstad,East,Furniture,Table,5,790,3950,442.56,UPI,2025-09-07
ORD00364,Lisa Rowe,Josephside,East,Clothing,Jeans,9,4274,38466,3737.42,UPI,2025-02-05
ORD00365,Richard Miller,West Samuel,North,Furniture,Bed,7,1023,7161,789.65,UPI,2025-10-15
ORD00366,Adam Clark,Michellefurt,West,Clothing,Jacket,3,3268,9804,2600.06,Card,2025-08-05
ORD00367,Nicole Mahoney,New Brianhaven,North,Sports,Cricket Bat,8,697,5576,302.07,Card,2024-03-10
ORD00368,Jamie Stein,North John,West,Furniture,Chair,1,3360,3360,593.55,Net Banking,2025-10-05
ORD00369,Jeffrey Gallegos,North Johnberg,North,Groceries,Rice,9,4504,40536,8269.82,Card,2024-10-11
ORD00370,Derek Marks,New Cole,North,Electronics,Phone,3,4494,13482,1775.41,Card,2025-08-23
ORD00371,Nancy Hernandez,New Stephen,North,Groceries,Milk,1,2102,2102,150.4,Net Banking,2025-03-20
ORD00372,Regina Taylor,East Monicamouth,South,Sports,Football,5,1538,7690,614.13,UPI,2025-12-25
ORD00373,Jennifer Casey,South Rebeccatown,South,Furniture,Bed,6,4384,26304,4716.46,Card,2024-09-22
ORD00374,Rodney Myers,Sandraberg,East,Furniture,Sofa,2,340,680,90.95,UPI,2025-03-15
ORD00375,Natalie Bonilla,Melissatown,West,Clothing,T-Shirt,8,3828,30624,5441.75,Cash,2024-02-26
ORD00376,Katherine Miller,Morganview,North,Clothing,Jeans,5,942,4710,1288.5,Cash,2025-11-21
ORD00377,Ashley Nicholson,Kendrafort,East,Sports,Football,1,200,200,22.23,Net Banking,2025-04-28
ORD00378,Julia Ortega,Timothystad,West,Furniture,Table,1,4629,4629,1160.86,Cash,2025-11-02
ORD00379,Joshua Thomas,Patrickside,East,Clothing,Jeans,7,2720,19040,2243.19,UPI,2024-03-20
ORD00380,Lori Villegas,Port Richardmouth,West,Sports,Football,3,1928,5784,1452.27,UPI,2024-02-17
ORD00381,Sharon Rhodes,Port Davidton,North,Groceries,Bread,5,2781,13905,995.55,Card,2025-04-12
ORD00382,Jennifer Mcneil,Nicoletown,West,Furniture,Sofa,10,2589,25890,6081.41,Card,2024-09-05
ORD00383,Jenna Hampton,Stanleyfurt,South,Sports,Gym Gloves,4,4577,18308,4396.13,UPI,2024-09-08
ORD00384,Rebecca Irwin,South Margaret,North,Groceries,Rice,4,4536,18144,2478.58,Card,2025-12-11
ORD00385,Vicki Williams,Lake Ebonyland,West,Electronics,Headphones,5,951,4755,481.67,Net Banking,2024-08-31
ORD00386,Christina Smith,East Felicia,West,Electronics,Phone,5,862,4310,262.8,Card,2024-08-25
ORD00387,Melissa Barnes,Vegachester,West,Groceries,Rice,10,882,8820,1555.47,UPI,2025-10-14
ORD00388,Christopher Payne,East Heather,East,Sports,Football,7,1170,8190,894.29,Net Banking,2024-09-24
ORD00389,Sarah Werner,Vancemouth,South,Clothing,Jacket,8,2327,18616,2018.03,UPI,2024-07-26
ORD00390,Jacob Lee,East Charleshaven,North,Furniture,Chair,3,3782,11346,1889.27,Card,2025-02-20
ORD00391,Scott Farmer,Lake Victoria,North,Furniture,Bed,5,3895,19475,2264.01,Cash,2024-05-02
ORD00392,Christine Murphy,Padillaview,South,Clothing,T-Shirt,4,2785,11140,970.08,Card,2025-12-29
ORD00393,Evelyn Williams,Jordanshire,North,Groceries,Rice,5,2231,11155,2844.77,Net Banking,2024-06-27
ORD00394,Emily Olsen,West Amy,North,Groceries,Milk,2,3885,7770,586.46,UPI,2024-05-23
ORD00395,Michael Holt,West Karenburgh,North,Electronics,Phone,3,1723,5169,1322.84,Card,2025-01-16
ORD00396,Heather Flores,Haydenside,South,Electronics,Laptop,2,1719,3438,947.6,UPI,2025-03-30
ORD00397,Justin Castro,Brianfurt,West,Clothing,T-Shirt,1,3876,3876,242.87,Net Banking,2025-08-10
ORD00398,Michael Jones,Port Seantown,South,Groceries,Rice,7,3595,25165,2345.42,Card,2024-08-07
ORD00399,John Bell,Dylanshire,South,Clothing,Shoes,3,383,1149,233.85,Card,2025-09-23
ORD00400,Victoria Garcia,East Kevin,West,Groceries,Eggs,9,4024,36216,2362.9,Cash,2024-10-13
ORD00401,Erik Clark,Terrymouth,North,Groceries,Milk,9,2141,19269,4001.95,Net Banking,2025-07-10
ORD00402,Helen Freeman MD,North Dominicberg,East,Clothing,Shoes,9,4070,36630,4981.99,Net Banking,2025-08-02
ORD00403,Connor Clark,Jamesport,East,Clothing,Jeans,1,2712,2712,540.44,UPI,2024-01-31
ORD00404,Ashley Jordan,Matthewton,South,Groceries,Bread,10,2006,20060,5887.51,Cash,2024-04-12
ORD00405,Christopher Chase,East Deborahfurt,East,Clothing,T-Shirt,4,4816,19264,5039.97,Cash,2025-02-01
ORD00406,Peter Hutchinson,South Gabriella,East,Furniture,Table,10,2705,27050,6804.5,UPI,2025-12-15
ORD00407,Linda Caldwell,West Sonya,East,Clothing,Jeans,10,1642,16420,4255.64,Cash,2025-05-19
ORD00408,Karen Nelson,Calvintown,North,Groceries,Rice,2,560,1120,121.13,Net Banking,2024-08-12
ORD00409,Dorothy Barton,Spencetown,South,Electronics,Tablet,10,1750,17500,4403.2,Card,2024-12-14
ORD00410,Jeffrey Carr,Lake Russell,North,Electronics,Laptop,3,4905,14715,3328.15,Card,2024-05-25
ORD00411,Julie Valentine,Cindyville,East,Electronics,Tablet,7,4900,34300,2581.35,Cash,2024-11-05
ORD00412,Corey Williams,South Donaldshire,East,Furniture,Bed,8,2699,21592,2019.95,Cash,2025-07-29
ORD00413,Brian Bell,West Samanthaport,South,Sports,Cricket Bat,7,2613,18291,4270.93,Cash,2024-10-28
ORD00414,Amanda Gomez,Jasonborough,South,Electronics,Headphones,10,365,3650,348.65,UPI,2024-11-21
ORD00415,Nicole Miller,Joeport,South,Groceries,Milk,6,737,4422,484.2,UPI,2024-11-23
ORD00416,David Fernandez,Lake Micheleburgh,North,Clothing,Shoes,1,2272,2272,232.7,Card,2025-12-10
ORD00417,Bruce Wilson,East Michellehaven,South,Clothing,T-Shirt,1,494,494,72.36,Net Banking,2025-03-05
ORD00418,Taylor Rodriguez,Robinchester,South,Groceries,Eggs,6,4573,27438,3946.6,Cash,2025-05-05
ORD00419,Dr. Amanda Mcgrath,Brockborough,North,Groceries,Rice,1,2515,2515,138.37,UPI,2024-09-24
ORD00420,Peter Frank,Reginaldburgh,North,Clothing,Jeans,7,1418,9926,2312.72,Card,2025-07-14
ORD00421,Cindy Douglas,Martinezhaven,West,Sports,Gym Gloves,1,3633,3633,1037.62,Cash,2024-06-17
ORD00422,Samuel Salas,South James,East,Electronics,Laptop,6,1783,10698,3140.93,Card,2025-02-23
ORD00423,Derek Johnson,North Heather,West,Clothing,Jeans,2,506,1012,150.0,Cash,2025-07-16
ORD00424,Donald Green,Sarahport,West,Electronics,Tablet,1,3602,3602,259.01,Cash,2025-11-08
ORD00425,Monique Anderson,New Ellen,West,Electronics,Laptop,4,1499,5996,1256.45,UPI,2024-03-24
ORD00426,Dr. William Hill,Cherylchester,North,Clothing,Shoes,8,4106,32848,8991.13,Net Banking,2024-09-28
ORD00427,Christopher Watkins,Lake Richardchester,East,Furniture,Sofa,7,3126,21882,2114.8,Net Banking,2024-02-15
ORD00428,Phillip Wong,East Christopher,North,Groceries,Bread,4,2300,9200,1757.77,UPI,2024-06-03
ORD00429,Jessica Monroe,Ericland,West,Clothing,Shoes,10,1963,19630,3698.3,Net Banking,2025-01-31
ORD00430,Robert Riley,Jacobmouth,South,Sports,Cricket Bat,8,2548,20384,1421.55,UPI,2024-02-05
ORD00431,Elizabeth Garcia,New Gailshire,North,Groceries,Milk,3,1835,5505,1387.89,Net Banking,2024-05-09
ORD00432,Nicole Poole,Annemouth,East,Electronics,Headphones,4,1311,5244,1355.72,UPI,2024-09-21
ORD00433,Marcus Jones,Seanport,West,Electronics,Headphones,9,3355,30195,5677.07,UPI,2024-10-09
ORD00434,Robert Hopkins,Bowenmouth,North,Sports,Gym Gloves,2,3495,6990,611.0,UPI,2025-08-03
ORD00435,Dr. Joseph Wilson II,Port Justinshire,East,Sports,Football,5,4487,22435,6058.21,Net Banking,2025-02-24
ORD00436,Melissa Sanders,Lake Michaelburgh,West,Groceries,Eggs,1,1510,1510,179.47,UPI,2024-05-27
ORD00437,Erica Bowman,Kaylaberg,East,Groceries,Bread,4,503,2012,475.71,UPI,2024-10-02
ORD00438,Stephen Davis,South Kimberlyfort,North,Clothing,Jacket,5,2396,11980,3123.33,Cash,2025-12-13
ORD00439,Shawn Owens,Port Alexis,North,Furniture,Sofa,8,2728,21824,2561.16,Cash,2025-03-02
ORD00440,James Lopez,Emilyhaven,North,Groceries,Milk,7,4068,28476,6830.63,Cash,2025-01-17
ORD00441,Robin Riley,South Carlmouth,North,Electronics,Tablet,9,3404,30636,2570.74,Cash,2025-06-20
ORD00442,Sarah Oconnell,Millerfort,East,Furniture,Table,1,2143,2143,124.87,Cash,2024-02-21
ORD00443,Lauren Sanchez,Bellmouth,North,Clothing,Jacket,8,4237,33896,5058.49,Cash,2024-05-06
ORD00444,Brandon Terry,North Jenniferberg,East,Clothing,Shoes,10,3754,37540,3543.62,Card,2025-04-30
ORD00445,Deborah Finley,Lake Crystalview,South,Furniture,Sofa,2,2435,4870,276.92,Cash,2024-02-20
ORD00446,Mitchell Brooks,East Rachelfort,North,Furniture,Table,4,2304,9216,1962.06,UPI,2025-06-09
ORD00447,Brian Arroyo,Lake Adamton,East,Groceries,Milk,3,169,507,53.71,Card,2025-09-14
ORD00448,Charles Monroe,South Edwardport,East,Groceries,Eggs,6,3860,23160,2617.07,Net Banking,2025-04-22
ORD00449,Mark Villanueva,New Michelleshire,East,Sports,Football,1,4290,4290,1286.39,Card,2025-01-18
ORD00450,David Olson,Pearsonport,East,Electronics,Headphones,2,2854,5708,1695.79,Card,2025-10-17
ORD00451,Sarah Wade,Thomasmouth,North,Clothing,Jacket,4,1328,5312,952.57,Net Banking,2024-09-03
ORD00452,Joshua Maldonado,Beltranberg,West,Clothing,Jeans,1,4174,4174,1249.56,Net Banking,2024-09-22
ORD00453,Brian Miller,Contrerasland,South,Groceries,Rice,10,4786,47860,12156.62,Net Banking,2024-12-17
ORD00454,Rhonda Davis,Fullermouth,West,Clothing,Jacket,3,4673,14019,1335.79,Cash,2024-04-09
ORD00455,Levi Powell,South Alex,East,Clothing,Jeans,6,831,4986,526.34,Net Banking,2024-08-16
ORD00456,Shane Baker,Adamsmouth,West,Clothing,Jacket,5,4896,24480,3023.59,UPI,2024-04-30
ORD00457,Veronica Fowler,Noahfurt,West,Sports,Football,8,1693,13544,2371.82,Card,2025-11-28
ORD00458,Kenneth Thompson,Lake Maryburgh,West,Groceries,Rice,3,1225,3675,1095.47,Net Banking,2024-12-16
ORD00459,Jim Berger,South Annetteshire,South,Furniture,Sofa,3,762,2286,392.95,Card,2025-10-08
ORD00460,Adam Washington,Williamville,South,Electronics,Laptop,8,2340,18720,1915.91,Net Banking,2024-06-21
ORD00461,Jessica Sanchez,Mcgeefort,West,Electronics,Phone,10,3652,36520,7609.74,Net Banking,2025-02-17
ORD00462,Shaun Esparza,Sotostad,North,Groceries,Rice,1,4472,4472,446.55,Card,2025-01-17
ORD00463,Vanessa Parker,Jennifertown,South,Sports,Cricket Bat,1,133,133,27.49,Card,2024-09-11
ORD00464,Katherine Hall,Port Alexandrastad,South,Clothing,Jeans,2,3242,6484,1140.11,UPI,2024-11-09
ORD00465,Andrea Powell,Butlerfort,East,Electronics,Tablet,5,3834,19170,4446.63,Net Banking,2025-09-02
ORD00466,James Bryant,Walkerport,West,Furniture,Sofa,8,3042,24336,5780.5,UPI,2024-06-17
ORD00467,Vincent Reyes,Kevinside,South,Furniture,Table,3,1830,5490,1282.02,UPI,2025-08-26
ORD00468,Debra Taylor,North Courtney,North,Clothing,T-Shirt,7,2195,15365,3730.81,UPI,2025-09-30
ORD00469,Jonathan Hodge,West Michelleton,North,Electronics,Laptop,1,1048,1048,161.6,Card,2025-01-24
ORD00470,Benjamin Smith,Ernestchester,North,Groceries,Milk,4,176,704,88.2,Card,2025-11-08
ORD00471,Kathy Shaffer,Henryfort,North,Sports,Cricket Bat,7,959,6713,1194.22,Card,2025-09-24
ORD00472,Kim Brooks,Lauraport,South,Electronics,Laptop,8,1727,13816,2794.29,Card,2024-09-26
ORD00473,Erin Thompson,Morrisland,West,Groceries,Bread,3,422,1266,236.79,Card,2024-07-31
ORD00474,Troy Long,Melissaton,West,Furniture,Chair,1,829,829,229.4,Cash,2025-08-10
ORD00475,Lindsey Butler,Lake Ryan,East,Electronics,Laptop,2,2196,4392,927.08,Card,2025-04-12
ORD00476,William Bass DVM,West Dillonville,East,Groceries,Rice,2,1531,3062,822.25,Card,2024-10-24
ORD00477,Anthony Lopez,South Brandi,South,Groceries,Rice,2,475,950,49.8,Card,2024-05-21
ORD00478,Linda Fisher,West Christinabury,East,Clothing,Shoes,10,2297,22970,6193.15,Card,2024-04-05
ORD00479,Marcia Weaver,Lake Jeremy,West,Furniture,Chair,7,3378,23646,6871.0,Net Banking,2024-10-05
ORD00480,Steve Barr,South Jessicashire,South,Groceries,Milk,2,1185,2370,530.98,UPI,2024-03-01
ORD00481,Mary Poole,West John,East,Groceries,Eggs,10,3689,36890,3516.18,UPI,2025-01-23
ORD00482,Matthew Perez,West Andrewborough,North,Furniture,Bed,8,1025,8200,2229.57,UPI,2025-03-27
ORD00483,Jennifer Watts,Ashleyport,South,Clothing,Jacket,1,4399,4399,1064.04,Card,2025-08-13
ORD00484,Joseph Merritt,Savagestad,West,Sports,Football,7,2136,14952,2549.05,Cash,2025-11-10
ORD00485,Robin Bradley,Guerrastad,West,Sports,Football,1,1385,1385,244.3,Cash,2025-04-25
ORD00486,Andrea Hill,Juareztown,North,Electronics,Headphones,6,2073,12438,1650.82,Cash,2024-10-11
ORD00487,Luis Campbell,New Kirstenfort,West,Sports,Gym Gloves,7,2025,14175,988.11,UPI,2025-03-30
ORD00488,Lindsay Terry,Thomaschester,North,Groceries,Eggs,6,1072,6432,1898.52,UPI,2025-10-31
ORD00489,Steven Spence,Tonyaberg,East,Groceries,Eggs,1,4664,4664,873.45,Cash,2024-04-03
ORD00490,Leslie Miller,East Christinaborough,East,Groceries,Bread,6,544,3264,829.54,Net Banking,2025-04-10
ORD00491,Jonathan Mosley,Kaylaburgh,North,Clothing,Shoes,2,898,1796,430.73,Card,2024-08-15
ORD00492,Nicole Acosta,Campbellstad,North,Clothing,Jacket,9,4376,39384,5650.52,Cash,2024-04-18
ORD00493,Savannah Williams,Garciaville,South,Groceries,Milk,7,976,6832,775.93,UPI,2024-07-19
ORD00494,Sarah Weaver,Port Amber,West,Groceries,Milk,8,1661,13288,3045.57,UPI,2024-04-20
ORD00495,Linda Stokes,South Janice,South,Sports,Football,8,3846,30768,6603.25,Net Banking,2025-05-31
ORD00496,Shannon Williams,Lake Brenda,South,Electronics,Laptop,9,3645,32805,8519.59,Cash,2025-05-09
ORD00497,Connie Perez,Lake Tiffanyview,West,Furniture,Chair,7,2736,19152,3371.28,Cash,2025-01-28
ORD00498,Daniel Sullivan,North Amy,South,Clothing,Shoes,6,2509,15054,2456.98,Net Banking,2024-05-16
ORD00499,Mrs. Lori Burgess MD,Adamshaven,South,Sports,Tennis Racket,9,2671,24039,5480.14,Cash,2025-07-20
ORD00500,Craig Young,Lake Shannon,South,Furniture,Sofa,6,1186,7116,2101.6,Card,2025-10-27
ORD00501,Derek Russell,Richardshire,West,Electronics,Tablet,9,4035,36315,7106.9,Card,2025-11-14
ORD00502,Helen Clark,New Brittany,North,Groceries,Rice,9,972,8748,492.67,UPI,2024-05-28
ORD00503,Benjamin Jones,West Anna,North,Furniture,Sofa,3,2447,7341,1621.24,Card,2024-05-29
ORD00504,Theodore Hartman,Popeport,South,Furniture,Chair,6,3807,22842,1727.31,Net Banking,2025-11-22
ORD00505,Ashley Shepard,North Andrewfort,East,Furniture,Sofa,1,3225,3225,473.72,UPI,2025-12-02
ORD00506,William Cruz,Port Christopherbury,East,Electronics,Tablet,4,3729,14916,3840.81,Cash,2025-10-10
ORD00507,Robert Rodriguez,Lake Evelyn,South,Furniture,Sofa,8,1553,12424,3675.81,Cash,2024-03-17
ORD00508,Michael Fitzpatrick,Heathertown,East,Sports,Football,7,432,3024,475.15,Cash,2025-07-23
ORD00509,Catherine Wells,North Donna,North,Furniture,Sofa,1,2807,2807,467.6,Cash,2024-06-07
ORD00510,Mary Hernandez,New Juan,East,Clothing,T-Shirt,10,2567,25670,4431.61,UPI,2025-08-09
ORD00511,Debra Moyer,Amandashire,South,Clothing,Jeans,3,4364,13092,877.74,Net Banking,2025-06-01
ORD00512,Stephen Archer,Rodriguezborough,East,Sports,Gym Gloves,2,2962,5924,623.79,Card,2024-08-06
ORD00513,Tanner Gates,East Thomasburgh,North,Clothing,Jacket,4,4445,17780,2999.74,UPI,2025-07-28
ORD00514,Jacqueline Barr,North Natalie,East,Clothing,Shoes,4,2097,8388,2430.21,Net Banking,2025-11-29
ORD00515,James Vincent,New Chelseahaven,East,Electronics,Headphones,5,4525,22625,5226.24,Net Banking,2024-01-26
ORD00516,Jon Washington,East Elaine,North,Groceries,Rice,5,1677,8385,1090.71,Cash,2024-03-25
ORD00517,Nina Robles,North Harry,West,Sports,Football,2,1826,3652,794.62,UPI,2024-08-06
ORD00518,Corey Jones,South Ryanville,North,Furniture,Bed,2,1359,2718,152.04,UPI,2024-12-05
ORD00519,Sergio Ross,East Theresahaven,South,Electronics,Laptop,3,2163,6489,1229.8,Card,2025-08-11
ORD00520,Charles Klein,North Loriton,West,Groceries,Eggs,8,3413,27304,4321.03,UPI,2024-01-18
ORD00521,Bryce Boone,West William,North,Sports,Football,10,618,6180,1476.96,UPI,2025-08-22
ORD00522,Todd Blackburn,Clarkbury,West,Clothing,T-Shirt,5,2568,12840,2589.08,Net Banking,2024-10-15
ORD00523,Sandra Lopez,New Nicholaschester,West,Groceries,Rice,8,1380,11040,2024.37,Card,2024-05-19
ORD00524,Antonio Brown,Louisview,South,Furniture,Sofa,6,191,1146,215.88,UPI,2025-07-22
ORD00525,Nancy Hall,Johnview,North,Electronics,Laptop,10,4987,49870,7406.71,Card,2025-07-14
ORD00526,Anna Holloway,South Allisonstad,South,Furniture,Sofa,4,3480,13920,3847.59,Cash,2025-06-08
ORD00527,Sally Manning,South Jon,North,Furniture,Table,10,2170,21700,2139.22,Net Banking,2024-07-04
ORD00528,Sheryl Livingston,Kylefort,West,Sports,Football,5,651,3255,366.75,Card,2024-07-21
ORD00529,Rebecca Gaines,Edwardside,South,Clothing,Jeans,4,919,3676,445.84,Card,2024-03-12
ORD00530,Nicole Salazar,Jasminechester,East,Groceries,Eggs,6,2604,15624,3489.85,Card,2024-06-05
ORD00531,Jennifer Lowe,Myersview,West,Groceries,Milk,1,2665,2665,297.26,Card,2024-08-14
ORD00532,Dr. Evelyn Garrison,Port Brian,East,Clothing,Jeans,6,4031,24186,4007.91,Net Banking,2025-01-02
ORD00533,Nicole Snyder,West Samanthaport,South,Sports,Football,3,771,2313,602.42,Card,2024-05-23
ORD00534,Ryan Freeman,Port Jamesstad,West,Electronics,Laptop,1,4254,4254,884.43,Cash,2025-08-18
ORD00535,Joshua Webb,Lake Joseph,East,Electronics,Tablet,9,4521,40689,6836.81,Net Banking,2024-06-01
ORD00536,Vickie Sanders,Raymondberg,West,Furniture,Sofa,3,3906,11718,2053.94,Card,2024-04-02
ORD00537,Kelly Mason,East Jessicahaven,West,Sports,Football,4,1458,5832,1395.61,Cash,2024-05-23
ORD00538,Teresa Sellers,Kennethchester,South,Furniture,Table,8,3039,24312,1461.27,UPI,2025-05-14
ORD00539,Eric Velasquez,Wrightshire,East,Clothing,Jacket,4,450,1800,390.86,Net Banking,2025-06-14
ORD00540,Amy Diaz,Kevinmouth,North,Groceries,Eggs,1,426,426,125.73,Card,2024-11-27
ORD00541,Glenn Pearson,North Rachaelland,North,Clothing,Jeans,7,3200,22400,3165.66,Card,2025-10-31
ORD00542,Alexandra Taylor,Sanchezhaven,West,Groceries,Milk,9,3424,30816,4259.53,Net Banking,2024-12-19
ORD00543,Jessica Galvan,Port Justinbury,North,Sports,Football,9,1238,11142,1782.44,Card,2024-08-23
ORD00544,Leslie Whitaker,Allenborough,South,Furniture,Table,3,1389,4167,585.7,Net Banking,2024-05-01
ORD00545,Vincent Lewis,South Marymouth,South,Clothing,T-Shirt,8,4022,32176,5462.05,Net Banking,2025-08-27
ORD00546,Jennifer Hanna,East Allison,South,Electronics,Phone,1,1147,1147,221.8,UPI,2024-06-13
ORD00547,Kimberly Shannon,Petersenview,West,Sports,Cricket Bat,1,1462,1462,167.49,UPI,2024-07-03
ORD00548,Patrick Morgan,Gonzalezview,West,Clothing,T-Shirt,4,3779,15116,3047.86,Cash,2025-04-27
ORD00549,Dr. Andrea Martinez,Port Johnfurt,East,Furniture,Bed,10,1269,12690,3155.42,Cash,2024-07-05
ORD00550,James Johnston,Marciatown,West,Clothing,Shoes,10,4938,49380,3318.87,Cash,2025-01-22
ORD00551,Kelly Berger,Whitefort,West,Electronics,Laptop,4,4382,17528,4643.13,Cash,2025-05-31
ORD00552,Nicole Wu,North Renee,North,Sports,Football,3,3998,11994,3303.17,UPI,2025-09-06
ORD00553,Tonya Hammond,South Robertton,West,Electronics,Headphones,3,4517,13551,3480.99,Net Banking,2025-11-25
ORD00554,Michael Jordan,Lopezmouth,West,Clothing,T-Shirt,9,3614,32526,3492.37,Card,2025-05-08
ORD00555,Frances Schneider,New Kellyburgh,North,Sports,Football,7,1196,8372,951.31,Card,2024-08-26
ORD00556,Lisa Rogers,Raymondmouth,North,Sports,Gym Gloves,5,1648,8240,423.27,UPI,2024-01-08
ORD00557,Melissa Ross,Lake Trevorfurt,West,Groceries,Milk,6,3449,20694,2908.9,Card,2024-06-07
ORD00558,Taylor Hernandez,South Williamland,West,Clothing,Shoes,10,3095,30950,6281.93,Cash,2025-11-27
ORD00559,David Mejia,Port Daniel,East,Groceries,Eggs,3,3132,9396,1783.11,Card,2025-05-10
ORD00560,Lisa Thompson,East Jillian,North,Sports,Tennis Racket,7,1231,8617,2272.73,Cash,2025-11-06
ORD00561,Shannon Hanson,Petersonhaven,North,Groceries,Milk,2,1856,3712,657.34,Cash,2024-12-12
ORD00562,Joshua Jones,Joseville,West,Groceries,Rice,2,1290,2580,433.23,UPI,2025-09-06
ORD00563,Gregory Ramirez,East Jeffreymouth,West,Electronics,Tablet,4,3137,12548,878.48,Net Banking,2024-02-08
ORD00564,Amanda Watts,South Davidshire,West,Sports,Tennis Racket,10,570,5700,1632.65,Net Banking,2024-06-28
ORD00565,Rachel Dennis,Matthewstad,South,Electronics,Phone,9,2442,21978,2168.93,Cash,2025-09-05
ORD00566,Rachel Carter,West Sandra,East,Electronics,Tablet,4,102,408,119.92,Net Banking,2024-03-29
ORD00567,Kristin Clark,Meganmouth,North,Clothing,Shoes,7,4901,34307,3433.36,UPI,2024-01-16
ORD00568,Christopher Durham,West John,South,Sports,Tennis Racket,9,4875,43875,6011.92,Cash,2024-10-10
ORD00569,Andrea Norris,North Jessica,North,Groceries,Eggs,10,138,1380,159.08,UPI,2025-02-20
ORD00570,Diana Goodwin,Kathleenside,East,Sports,Tennis Racket,6,1058,6348,1591.67,Net Banking,2024-09-20
ORD00571,Kristopher Herman,Lake Melvin,West,Groceries,Eggs,4,2882,11528,3346.69,UPI,2025-04-14
ORD00572,Monica Vasquez,Kathleenchester,South,Groceries,Rice,5,653,3265,475.61,Card,2024-08-13
ORD00573,Nathan Mcdonald,New Sandra,South,Groceries,Bread,9,4488,40392,2117.78,Card,2024-09-26
ORD00574,Debbie Sherman,South Stephanie,West,Electronics,Headphones,6,722,4332,817.18,Card,2024-07-01
ORD00575,Manuel Green,Kathymouth,South,Clothing,Jeans,10,2304,23040,2204.84,Net Banking,2025-11-30
ORD00576,Robert Hernandez,Williamsside,South,Furniture,Table,4,2274,9096,925.01,Card,2024-07-26
ORD00577,Benjamin Williams,Crystalside,West,Furniture,Chair,2,742,1484,324.93,UPI,2025-11-10
ORD00578,Rhonda Sexton,Lake David,East,Sports,Football,8,3140,25120,5153.79,Net Banking,2025-05-19
ORD00579,Adrienne Reilly,Lake Robin,North,Furniture,Sofa,7,1919,13433,3190.91,Net Banking,2024-05-11
ORD00580,Daniel Duncan,Jenniferstad,South,Groceries,Rice,9,2944,26496,3932.78,Net Banking,2025-12-03
ORD00581,Nicole Compton,New Erica,West,Electronics,Headphones,6,168,1008,53.38,UPI,2024-08-03
ORD00582,Matthew Young,Morseberg,South,Clothing,Jacket,10,2227,22270,2155.47,Card,2024-09-26
ORD00583,David Rogers,Martinbury,West,Groceries,Bread,6,1606,9636,1683.34,Card,2024-08-03
ORD00584,Matthew Brown,East Benjamin,South,Clothing,Shoes,5,3792,18960,1800.67,UPI,2024-05-14
ORD00585,Patrick Moore,Gregoryhaven,South,Clothing,Jeans,9,3640,32760,8651.17,Cash,2024-07-19
ORD00586,Michael Lopez,Alyssaland,East,Groceries,Rice,3,3553,10659,1864.25,Net Banking,2025-10-07
ORD00587,Amanda Vargas,Davisborough,South,Clothing,Jacket,9,4751,42759,2647.95,UPI,2024-04-11
ORD00588,Mary Smith,Cesarton,East,Furniture,Sofa,8,888,7104,1154.14,Card,2024-12-08
ORD00589,Anthony Johnson,Troytown,South,Clothing,Jacket,6,262,1572,240.42,Cash,2024-12-25
ORD00590,Andrew Miller,Lake Samuel,North,Clothing,Jacket,6,4281,25686,4414.74,Net Banking,2025-04-02
ORD00591,Nathaniel Wilson,East Kelseybury,East,Sports,Tennis Racket,8,1286,10288,2747.56,Net Banking,2025-10-17
ORD00592,Rebecca King,South Joanna,East,Sports,Gym Gloves,2,748,1496,135.39,Card,2024-08-21
ORD00593,Stephanie Rodriguez,Lake Geraldtown,East,Clothing,Jacket,10,3339,33390,3933.74,Net Banking,2025-03-31
ORD00594,Thomas Caldwell,Jenniferborough,East,Groceries,Milk,3,289,867,70.45,UPI,2024-08-28
ORD00595,Crystal Jones,New Rodneymouth,North,Furniture,Table,7,943,6601,487.74,UPI,2025-04-29
ORD00596,Christian Franklin,Lake Dale,West,Groceries,Rice,2,2250,4500,920.36,Card,2024-03-27
ORD00597,Mary Burnett,North Jamesfort,South,Furniture,Table,5,3730,18650,3853.47,UPI,2024-05-14
ORD00598,Curtis Baker,West Elizabeth,East,Electronics,Tablet,6,4000,24000,4003.16,Net Banking,2025-07-07
ORD00599,Russell Taylor,Port Mikeborough,West,Furniture,Table,10,4995,49950,8198.59,Card,2025-10-13
ORD00600,Annette Christensen,West Kristen,East,Clothing,Shoes,9,1960,17640,4430.76,Card,2025-03-28
ORD00601,Victoria Clarke,Patrickburgh,South,Groceries,Bread,3,2586,7758,408.37,Card,2025-06-19
ORD00602,David Foley,Curtisfurt,West,Clothing,Shoes,9,168,1512,335.58,Card,2025-05-18
ORD00603,Steven Miller,Nortonshire,East,Electronics,Headphones,5,4990,24950,2689.71,Cash,2024-01-08
ORD00604,Ashley Williams,Haleland,West,Groceries,Eggs,7,2147,15029,1364.89,Net Banking,2025-10-23
ORD00605,Alexandria Cruz,Andreastad,East,Furniture,Sofa,2,3558,7116,1468.25,Card,2025-06-13
ORD00606,John Wilson,South Leslie,South,Sports,Tennis Racket,7,1640,11480,3023.49,Card,2024-07-05
ORD00607,Tiffany Hicks,North Bradleyshire,West,Electronics,Headphones,10,3809,38090,4495.9,Cash,2025-09-29
ORD00608,Sabrina Scott,New Danny,South,Clothing,T-Shirt,3,506,1518,443.91,UPI,2024-01-23
ORD00609,Keith Lopez,Websterville,North,Clothing,Jacket,3,3691,11073,2566.46,Cash,2024-08-26
ORD00610,Scott Guerra,Kyleside,East,Electronics,Headphones,4,2900,11600,1798.7,Net Banking,2025-05-25
ORD00611,Wendy Cordova,New William,North,Electronics,Tablet,2,1296,2592,165.91,Net Banking,2025-02-05
ORD00612,Steven Mullen,Patrickchester,South,Furniture,Table,5,3225,16125,4145.14,Net Banking,2024-05-04
ORD00613,Amanda Hughes,Mathewsshire,South,Groceries,Milk,1,1731,1731,285.98,Net Banking,2024-04-06
ORD00614,Charles Stanley,Port Jennifer,North,Groceries,Bread,6,1399,8394,1740.0,Card,2024-02-13
ORD00615,Rebecca Torres,Marquezhaven,South,Groceries,Bread,4,3052,12208,3319.11,UPI,2025-11-13
ORD00616,John Perez,Davilaburgh,North,Furniture,Bed,6,223,1338,122.88,Net Banking,2024-10-09
ORD00617,Johnathan Marshall,Port Michaeltown,South,Furniture,Chair,1,4860,4860,1194.92,Card,2025-05-01
ORD00618,Andrea Schwartz,Barkerstad,East,Electronics,Phone,3,4195,12585,916.82,UPI,2025-09-25
ORD00619,Lori Jordan,Port Stephaniefurt,West,Electronics,Tablet,3,4493,13479,3340.99,Cash,2024-05-08
ORD00620,Michael Haas,South Christophertown,East,Clothing,Jacket,8,1680,13440,743.75,Cash,2025-01-21
ORD00621,Jason Dean,New Kimview,West,Clothing,T-Shirt,8,3684,29472,5592.49,Cash,2025-07-09
ORD00622,Denise Hernandez,Millermouth,East,Sports,Cricket Bat,9,2948,26532,3473.58,Cash,2025-04-24
ORD00623,Alexandra Lynch,Santiagoborough,East,Electronics,Phone,8,2522,20176,5141.95,Net Banking,2025-07-08
ORD00624,John Pena,Margarethaven,South,Electronics,Headphones,3,253,759,155.54,Card,2025-01-07
ORD00625,Sharon Hall,Alexanderfurt,South,Electronics,Headphones,4,4393,17572,3880.0,Card,2025-07-18
ORD00626,Keith Winters,Mosesland,North,Clothing,Shoes,6,1004,6024,446.16,UPI,2025-11-05
ORD00627,Matthew Jackson,New Zacharyfurt,North,Furniture,Table,1,1755,1755,134.72,UPI,2024-07-15
ORD00628,James Chavez,Leonardfort,East,Sports,Gym Gloves,8,4407,35256,7262.48,UPI,2025-08-27
ORD00629,Robert Hays,Rogerville,West,Clothing,Jeans,10,680,6800,362.25,UPI,2024-08-01
ORD00630,Caitlin Powell,Lake Heatherton,East,Groceries,Rice,6,4671,28026,6610.47,UPI,2025-03-01
ORD00631,Elizabeth Ortiz,Samanthaburgh,North,Sports,Tennis Racket,9,433,3897,910.24,Cash,2024-11-07
ORD00632,Angela Romero,Douglasmouth,South,Sports,Football,2,1992,3984,728.73,Cash,2024-07-13
ORD00633,Paul James,South Tiffanyton,East,Sports,Cricket Bat,9,4672,42048,6466.82,Net Banking,2024-04-18
ORD00634,Melissa Combs,South Xavierville,East,Groceries,Rice,3,1577,4731,887.02,Cash,2025-05-31
ORD00635,Cathy Harris,Port Nathantown,East,Sports,Gym Gloves,6,2681,16086,3016.45,Net Banking,2024-11-28
ORD00636,Mr. Austin Cruz,Jonesberg,West,Groceries,Bread,10,2071,20710,3951.18,Card,2024-08-07
ORD00637,Blake Davis,Julianside,East,Clothing,Shoes,8,3352,26816,1342.11,UPI,2024-02-05
ORD00638,Rebecca Cruz,Hollowayberg,South,Sports,Cricket Bat,5,153,765,95.69,Card,2024-08-15
ORD00639,Anthony Lewis,Port Danielstad,South,Electronics,Tablet,9,4288,38592,7297.01,UPI,2025-08-08
ORD00640,Michael Taylor,Port Richardmouth,South,Electronics,Headphones,6,1378,8268,699.49,Cash,2025-01-10
ORD00641,Alicia Barrera,Port Kristi,North,Clothing,Jacket,2,4773,9546,1431.42,Card,2024-08-10
ORD00642,Victoria Nicholson,Earlfurt,East,Groceries,Milk,8,4820,38560,9828.13,UPI,2024-04-07
ORD00643,Amanda Wallace,East Gabrielside,East,Sports,Gym Gloves,2,558,1116,313.0,Net Banking,2024-12-08
ORD00644,Janet Peters,Kimberlyland,West,Groceries,Rice,4,193,772,160.94,UPI,2025-10-09
ORD00645,Gregory Norton,Markchester,South,Clothing,T-Shirt,6,4523,27138,5189.55,Cash,2024-11-30
ORD00646,Jennifer Patterson,New Jennifer,South,Electronics,Headphones,8,4975,39800,7713.79,Net Banking,2024-04-02
ORD00647,Jacob Ward,Carterfurt,North,Clothing,Shoes,3,1182,3546,475.31,Net Banking,2025-05-02
ORD00648,Gregory Green,Delacruzfort,South,Clothing,T-Shirt,7,4210,29470,4674.61,Cash,2025-12-15
ORD00649,Pamela Irwin,Port Vanessa,South,Groceries,Milk,8,3338,26704,5689.61,Cash,2024-07-19
ORD00650,Joe Sanchez,Chasemouth,North,Electronics,Tablet,7,2749,19243,4256.25,UPI,2025-08-12
ORD00651,John Lee,Kathyberg,North,Groceries,Eggs,6,2953,17718,1729.67,Card,2024-12-18
ORD00652,Rick Santana,New Wayneside,North,Furniture,Sofa,10,3722,37220,7659.71,Cash,2025-03-27
ORD00653,Judith Smith,Howardview,South,Furniture,Sofa,3,802,2406,187.89,Cash,2024-02-25
ORD00654,Bradley Williams,West Christopher,North,Clothing,T-Shirt,6,1011,6066,766.01,Card,2025-04-27
ORD00655,Melissa Mccarthy,Anthonyside,West,Furniture,Table,4,4576,18304,3309.66,Cash,2024-09-21
ORD00656,Robert Bennett,West Steve,North,Electronics,Headphones,10,4415,44150,2687.43,Card,2024-06-23
ORD00657,Rhonda Dougherty,West Ryan,North,Furniture,Sofa,1,3908,3908,835.1,Net Banking,2024-01-09
ORD00658,Kathleen Guzman,South Bethanyshire,West,Clothing,Jacket,2,256,512,63.04,Cash,2025-10-26
ORD00659,Sean Clark,Howardborough,North,Groceries,Rice,6,4070,24420,6512.65,Cash,2025-06-28
ORD00660,Luke Fisher,Cohenchester,East,Furniture,Bed,9,276,2484,148.89,Card,2025-06-26
ORD00661,Mariah Cain,Charlesberg,East,Groceries,Eggs,3,250,750,102.52,Card,2024-12-26
ORD00662,Erin Tran,South Ashley,East,Furniture,Sofa,1,2210,2210,595.97,Cash,2024-01-31
ORD00663,Elizabeth Castro,Atkinsside,South,Furniture,Sofa,7,1224,8568,616.46,Net Banking,2025-01-26
ORD00664,Christian Soto,South Carlosmouth,West,Furniture,Table,7,2659,18613,5163.88,Cash,2024-12-03
ORD00665,Travis Richardson,Colemanborough,South,Furniture,Table,10,4534,45340,10020.69,Card,2024-07-26
ORD00666,James Avery,Chaveztown,South,Sports,Cricket Bat,7,1289,9023,1931.44,Card,2025-08-01
ORD00667,Brittany Turner,Lake Mary,North,Electronics,Laptop,3,2701,8103,2105.81,Card,2024-05-29
ORD00668,Tamara Haynes,South Tyler,East,Groceries,Eggs,5,3729,18645,4407.72,Cash,2025-10-14
ORD00669,Patricia Smith,Jenniferview,East,Furniture,Chair,3,1613,4839,273.64,Cash,2025-09-18
ORD00670,Patricia Nelson,North Reneeborough,West,Sports,Cricket Bat,4,313,1252,175.05,Cash,2025-12-05
ORD00671,Adam Singleton,Dunnport,West,Sports,Gym Gloves,6,1607,9642,2536.16,Cash,2025-05-18
ORD00672,Mary Park,Lake John,East,Furniture,Table,4,364,1456,221.53,Net Banking,2024-01-16
ORD00673,Ruth King,West Devin,West,Furniture,Table,4,641,2564,241.71,Card,2025-03-25
ORD00674,Timothy Garrett,Christopherville,West,Groceries,Milk,7,3416,23912,5835.81,Card,2025-09-14
ORD00675,Jerry Montoya,South Kaitlin,South,Groceries,Rice,9,995,8955,1458.79,Net Banking,2024-02-13
ORD00676,Mrs. Kristin Hunt,Odonnellmouth,West,Electronics,Headphones,9,503,4527,441.21,Card,2025-03-26
ORD00677,Ashley Fox,South Alberttown,South,Clothing,Shoes,3,3560,10680,1320.1,Net Banking,2024-02-25
ORD00678,Kayla Ray,Melissamouth,South,Groceries,Rice,9,1027,9243,877.56,Net Banking,2025-08-22
ORD00679,Julie Ortiz,Port Danaberg,South,Groceries,Bread,8,304,2432,230.36,Net Banking,2025-08-27
ORD00680,Jennifer Berry,Edwinview,North,Electronics,Tablet,6,1443,8658,1987.82,UPI,2024-05-06
ORD00681,George Hill,West Jason,South,Groceries,Bread,2,4391,8782,1991.93,Net Banking,2025-06-07
ORD00682,Peggy Reese,Nicholasberg,South,Sports,Gym Gloves,1,1499,1499,416.82,Cash,2025-08-02
ORD00683,Scott Garcia,Stephaniefurt,East,Furniture,Table,1,3537,3537,449.25,Cash,2025-04-01
ORD00684,Adam Jones,West Keith,North,Electronics,Phone,4,128,512,105.29,Net Banking,2024-09-16
ORD00685,Tammy Barnes,New Jamesshire,South,Groceries,Eggs,9,147,1323,267.24,Cash,2025-05-20
ORD00686,Jessica Chambers,North Christinaland,North,Sports,Gym Gloves,8,3459,27672,4440.49,Cash,2025-09-07
ORD00687,James Wilson,Bookerland,North,Sports,Tennis Racket,10,4667,46670,11902.27,Cash,2024-07-31
ORD00688,Evelyn Jones,Port Joshua,East,Furniture,Chair,6,400,2400,207.22,Card,2024-02-03
ORD00689,Amy Singleton,South Timothy,East,Electronics,Laptop,2,3515,7030,2097.99,Cash,2024-06-14
ORD00690,Rebecca Jackson,Matthewberg,East,Groceries,Bread,1,862,862,208.71,Net Banking,2024-11-26
ORD00691,Joshua Keller,Turnerland,North,Electronics,Headphones,9,631,5679,699.7,Card,2024-05-17
ORD00692,Michael Taylor,New Angelaburgh,North,Clothing,Shoes,9,1819,16371,3666.41,UPI,2025-09-18
ORD00693,Gabriel Williams,Markchester,East,Sports,Football,8,2452,19616,3075.07,Card,2024-11-20
ORD00694,Michael Finley,Clarktown,South,Furniture,Bed,9,4177,37593,6508.33,Card,2024-07-03
ORD00695,Jill Hale,New Joshua,South,Furniture,Chair,2,296,592,98.4,Net Banking,2024-04-30
ORD00696,Megan Nolan,Blairville,South,Groceries,Rice,6,2964,17784,3380.81,UPI,2025-10-14
ORD00697,Courtney Harper,Longfort,East,Furniture,Sofa,5,655,3275,415.74,UPI,2025-06-02
ORD00698,Dakota Williams,Roberthaven,North,Electronics,Tablet,6,3344,20064,4636.77,Cash,2025-09-22
ORD00699,Scott Wise,Robertborough,South,Furniture,Sofa,6,4024,24144,6737.16,Net Banking,2024-02-06
ORD00700,Lauren Cruz,Kaylaview,North,Furniture,Bed,9,2845,25605,4240.64,Card,2025-02-27
ORD00701,Rebecca Flores,Woodwardfort,East,Sports,Tennis Racket,9,4489,40401,2209.11,Card,2025-08-14
ORD00702,Michael Bowers,Stoutborough,South,Electronics,Phone,5,355,1775,239.25,Net Banking,2025-01-19
ORD00703,John Butler,North Misty,West,Furniture,Chair,5,2676,13380,3043.41,UPI,2024-10-05
ORD00704,Miguel Thompson,Port Joannaberg,South,Groceries,Milk,6,3802,22812,5871.0,Card,2024-11-05
ORD00705,Jessica Howard,Piercechester,West,Furniture,Chair,6,406,2436,595.47,UPI,2024-04-04
ORD00706,Valerie Chen,Nathanton,East,Groceries,Milk,4,2886,11544,3242.82,Card,2025-06-20
ORD00707,Michelle Davis,Michelleshire,West,Furniture,Chair,9,1187,10683,1082.15,Net Banking,2024-02-07
ORD00708,Christopher Gross,Michellemouth,North,Sports,Football,1,2647,2647,749.32,Card,2025-12-04
ORD00709,Jared Ali,Elizabethfurt,North,Groceries,Rice,2,4364,8728,2108.21,Card,2024-11-15
ORD00710,Dennis Rose,Mackhaven,East,Furniture,Sofa,4,1677,6708,815.97,Net Banking,2025-06-29
ORD00711,Hannah Schultz,New Savannah,North,Electronics,Tablet,3,1390,4170,493.77,Cash,2024-01-16
ORD00712,Katelyn Hanson,Frankton,East,Sports,Tennis Racket,9,2709,24381,2871.18,Cash,2025-12-22
ORD00713,Philip Larson,Thomasmouth,South,Furniture,Chair,5,2874,14370,2660.52,UPI,2024-02-21
ORD00714,Emily Duran,New Scottshire,West,Groceries,Rice,2,3242,6484,411.41,Cash,2025-03-12
ORD00715,Cheryl Kramer,North Frederickton,North,Sports,Gym Gloves,10,3013,30130,3859.96,Net Banking,2024-07-21
ORD00716,Joseph Anderson,Guerramouth,West,Sports,Cricket Bat,2,3936,7872,585.01,Net Banking,2024-11-13
ORD00717,Michael Jensen,North Michael,South,Furniture,Table,3,2213,6639,1847.07,Card,2025-02-05
ORD00718,Kayla Perez,North Christinashire,East,Clothing,Shoes,8,347,2776,184.16,Net Banking,2024-04-25
ORD00719,Sherry Hansen,Davidhaven,North,Groceries,Milk,5,2955,14775,2971.4,Net Banking,2024-05-10
ORD00720,Jay Booker,Brandonstad,West,Electronics,Tablet,9,681,6129,1520.65,Net Banking,2025-06-29
ORD00721,Eric Snow,East Traciview,West,Sports,Gym Gloves,4,2096,8384,1567.7,UPI,2025-05-08
ORD00722,Shelby Gonzalez,New Andreaberg,East,Clothing,Jeans,10,3631,36310,8935.11,Cash,2025-03-21
ORD00723,Alicia Davis,North Paul,West,Furniture,Chair,10,4086,40860,3210.81,Card,2025-09-02
ORD00724,Robin Mitchell,North Ernestbury,North,Sports,Football,8,1543,12344,1567.8,UPI,2025-02-19
ORD00725,Rebecca Peterson,Port Candiceshire,North,Sports,Gym Gloves,6,4149,24894,5258.79,Cash,2024-03-03
ORD00726,Patrick Hurley,Rachaelchester,West,Furniture,Chair,3,1322,3966,647.42,Net Banking,2024-10-25
ORD00727,Jason Davis,Thomaschester,East,Furniture,Table,6,2555,15330,2952.08,Net Banking,2025-11-26
ORD00728,Russell Sanders,Lake Tammyborough,West,Clothing,T-Shirt,10,166,1660,336.77,Cash,2025-06-06
ORD00729,Devin Murphy,Port Derek,East,Clothing,T-Shirt,6,4596,27576,8051.5,UPI,2024-01-01
ORD00730,Kristin Howard,South Harryfurt,East,Clothing,T-Shirt,4,3636,14544,3280.48,Net Banking,2025-02-07
ORD00731,Jason Wells,Bakerfort,West,Groceries,Eggs,7,4565,31955,3285.1,Cash,2024-06-26
ORD00732,Lisa Snow,Lisaton,South,Furniture,Bed,6,3517,21102,1868.94,Cash,2025-11-17
ORD00733,Jose Ortiz,East Mollychester,West,Electronics,Laptop,1,1279,1279,294.6,Cash,2025-05-13
ORD00734,Anna Snyder,Davidton,West,Electronics,Phone,7,3835,26845,7339.31,Cash,2025-12-13
ORD00735,Michael Morton,Ashleyport,South,Groceries,Eggs,9,3786,34074,4980.89,Net Banking,2024-08-19
ORD00736,Mr. Lee Torres MD,South Eddieview,East,Sports,Football,10,4180,41800,10939.1,Net Banking,2024-08-30
ORD00737,Ms. Jessica Francis,North Keith,East,Sports,Tennis Racket,1,410,410,78.74,UPI,2025-12-22
ORD00738,Daniel Flores,Anthonystad,East,Sports,Gym Gloves,2,1263,2526,587.41,Net Banking,2025-06-23
ORD00739,Dale Young,Justinside,North,Sports,Football,9,824,7416,825.46,Card,2025-10-07
ORD00740,Luke Butler,West Tiffanyville,West,Sports,Football,6,4482,26892,6578.64,Net Banking,2025-04-25
ORD00741,Austin Luna,South Jillside,East,Sports,Tennis Racket,7,2991,20937,6074.77,Cash,2024-10-28
ORD00742,Carolyn Jackson,West Derekborough,South,Electronics,Tablet,10,2233,22330,1459.36,UPI,2025-04-29
ORD00743,Taylor Grant,Howardville,North,Clothing,T-Shirt,5,4071,20355,1437.62,Card,2025-06-01
ORD00744,Patricia Rich,East Amandastad,North,Clothing,Jeans,10,2401,24010,2852.49,UPI,2024-09-20
ORD00745,Kimberly Doyle,Ninashire,South,Sports,Cricket Bat,10,1338,13380,2873.88,Card,2025-01-13
ORD00746,Benjamin Herrera,Lake Kayleeborough,North,Furniture,Bed,3,4420,13260,3520.58,Cash,2024-12-17
ORD00747,Rebecca Mckinney,Lewiston,West,Sports,Cricket Bat,8,3482,27856,6757.64,Cash,2024-08-31
ORD00748,Thomas Holmes,Port Joseside,North,Furniture,Sofa,1,2265,2265,541.04,Cash,2024-04-28
ORD00749,Emma Rosario,Delgadoberg,South,Groceries,Eggs,8,2568,20544,3473.3,Net Banking,2025-06-29
ORD00750,Alexis Heath,Benjaminmouth,North,Groceries,Eggs,5,1289,6445,1176.92,Card,2025-03-21
ORD00751,Amanda Miller,Port Jessicahaven,North,Groceries,Eggs,6,4443,26658,5883.93,Card,2024-02-12
ORD00752,Jill Roberts,Bushview,East,Groceries,Bread,6,2314,13884,1621.26,Net Banking,2024-04-10
ORD00753,Garrett Montgomery,Alexanderview,South,Groceries,Milk,10,1696,16960,3052.6,Card,2025-11-24
ORD00754,Michelle Alvarez,Stevenport,North,Sports,Football,1,656,656,34.76,Net Banking,2024-04-10
ORD00755,Evelyn Martin,Beckyside,North,Clothing,Jeans,5,2163,10815,1062.79,UPI,2024-01-25
ORD00756,Ashley Ellis,Simmonsfurt,North,Sports,Cricket Bat,10,1097,10970,2490.4,Cash,2024-05-02
ORD00757,David Elliott,Abigailburgh,North,Groceries,Milk,2,1609,3218,364.71,Net Banking,2025-04-23
ORD00758,Paul Blair,Nathanland,East,Clothing,Shoes,6,2208,13248,1198.83,UPI,2024-03-16
ORD00759,Dustin Wilson,Williammouth,South,Groceries,Eggs,6,592,3552,406.92,Net Banking,2024-09-28
ORD00760,Jessica Hopkins,Port Michael,North,Electronics,Headphones,4,3316,13264,1254.91,Cash,2025-05-18
ORD00761,Drew Fletcher,Herreratown,North,Sports,Gym Gloves,4,970,3880,1079.23,UPI,2024-09-22
ORD00762,Brian Campbell,Dianeshire,West,Electronics,Laptop,10,2152,21520,5257.54,Cash,2024-01-20
ORD00763,Bradley Harris,Burnsside,West,Electronics,Laptop,7,2282,15974,1404.14,UPI,2024-12-03
ORD00764,Jamie Ray,Shannonland,South,Sports,Gym Gloves,8,3672,29376,4435.14,UPI,2024-03-12
ORD00765,Nancy Kelly,West Robert,East,Groceries,Eggs,2,4746,9492,1744.88,Card,2025-01-02
ORD00766,Robin Haynes,Pricemouth,North,Groceries,Rice,2,3092,6184,1135.73,Net Banking,2024-12-14
ORD00767,Jesse Walker,Port Anthonyhaven,South,Clothing,Jeans,3,4642,13926,833.23,Card,2025-01-28
ORD00768,Mark Trevino Jr.,South Dorisfort,West,Groceries,Rice,6,4085,24510,1745.49,Cash,2025-10-09
ORD00769,Ronald Willis,Vasquezside,South,Furniture,Chair,4,307,1228,282.36,Net Banking,2025-08-30
ORD00770,Marissa West,Halemouth,North,Groceries,Rice,9,2620,23580,4124.64,UPI,2025-04-05
ORD00771,Renee Jackson,Lake Katherineville,West,Clothing,T-Shirt,6,450,2700,408.72,Cash,2024-08-04
ORD00772,Madeline Palmer MD,South Margaret,North,Sports,Cricket Bat,2,402,804,188.03,Net Banking,2025-05-15
ORD00773,Elizabeth Gonzalez,Feliciaport,North,Sports,Football,4,1169,4676,250.59,Card,2025-10-09
ORD00774,William Edwards,Sarahfort,North,Electronics,Headphones,10,1498,14980,3877.39,UPI,2024-03-06
ORD00775,Hayden Bell,Lake Derekport,West,Groceries,Milk,2,1760,3520,551.07,Card,2025-11-25
ORD00776,Nicole Kramer,West Jessica,South,Electronics,Phone,6,1846,11076,2669.95,Card,2025-08-30
ORD00777,Andrea Lewis,Jonathanberg,East,Electronics,Laptop,5,1257,6285,1504.55,Cash,2024-06-21
ORD00778,Kevin Watts,East Coryberg,West,Groceries,Milk,10,433,4330,360.87,Cash,2025-10-09
ORD00779,Jessica Huffman,New Andrew,East,Electronics,Headphones,2,152,304,15.75,Net Banking,2024-04-01
ORD00780,Marilyn Bradshaw,Lake Benjamin,West,Groceries,Milk,4,1272,5088,1068.26,Net Banking,2025-06-19
ORD00781,Erin Lewis,South Michele,North,Furniture,Table,10,408,4080,812.2,Card,2025-05-26
ORD00782,Justin Tucker,Reedhaven,North,Clothing,Shoes,1,4668,4668,508.39,Card,2024-04-30
ORD00783,Christopher Miller DDS,New Hollyfort,North,Sports,Cricket Bat,8,1804,14432,1718.95,Cash,2024-07-17
ORD00784,Megan Hodges,West James,North,Groceries,Eggs,3,1408,4224,918.87,Card,2024-02-14
ORD00785,Stacy Jones,Katrinafurt,North,Clothing,Jeans,7,2159,15113,2018.7,UPI,2025-04-09
ORD00786,Kurt Robinson,Port Sherri,North,Electronics,Phone,3,338,1014,173.66,Cash,2024-04-28
ORD00787,Henry Romero,South Javierfurt,South,Groceries,Bread,7,1728,12096,2863.99,UPI,2024-11-29
ORD00788,Amanda Hill,Jenniferton,West,Clothing,Jeans,2,2042,4084,957.44,Cash,2024-07-23
ORD00789,Jill Barrett,Kylieberg,South,Electronics,Headphones,10,4068,40680,2586.63,Cash,2025-03-22
ORD00790,Larry Gillespie,Priceberg,South,Sports,Gym Gloves,3,3273,9819,1407.76,Card,2025-04-13
ORD00791,Xavier Lyons,Parkershire,North,Clothing,Jeans,6,1142,6852,397.58,Card,2025-08-05
ORD00792,Brandon Brown,Pattersonberg,South,Furniture,Chair,8,3856,30848,4767.74,Card,2024-12-17
ORD00793,Cheryl Perkins,Kimland,South,Sports,Cricket Bat,10,1492,14920,2902.39,UPI,2025-07-20
ORD00794,John Lewis,Leebury,East,Groceries,Eggs,4,4946,19784,3331.08,UPI,2025-04-18
ORD00795,Melanie Marsh PhD,Kevinmouth,South,Groceries,Milk,4,2781,11124,1763.85,UPI,2024-08-15
ORD00796,Elizabeth Logan,West Reginaldville,North,Groceries,Rice,1,3955,3955,922.97,Net Banking,2025-05-31
ORD00797,Alexandra Levine,Jeffreyfurt,North,Sports,Gym Gloves,8,902,7216,1177.0,UPI,2024-09-03
ORD00798,Robert Lyons,Pattersonview,North,Groceries,Milk,3,3036,9108,1128.91,UPI,2025-10-25
ORD00799,Edward Taylor,New Crystalville,North,Groceries,Bread,3,3862,11586,3064.27,Net Banking,2025-08-20
ORD00800,Sean Davis,Lake Jenniferland,West,Groceries,Milk,7,1615,11305,2797.59,UPI,2025-01-14
ORD00801,Brenda Bennett,Mayshire,East,Electronics,Headphones,6,4449,26694,1553.02,Cash,2025-03-12
ORD00802,Dan Turner,East Angela,East,Electronics,Tablet,1,4316,4316,1235.8,UPI,2025-11-21
ORD00803,Garrett Richard,Josephfort,East,Electronics,Headphones,6,3912,23472,4806.68,Cash,2025-01-09
ORD00804,Katie Deleon,New Patrickmouth,South,Sports,Football,9,1777,15993,1353.03,UPI,2024-12-08
ORD00805,Mary Browning,Danielmouth,West,Groceries,Milk,4,2725,10900,1506.14,Card,2024-09-30
ORD00806,Christopher Mccarty,Simonmouth,North,Electronics,Laptop,6,2928,17568,2865.39,Net Banking,2025-05-28
ORD00807,James Smith,Andremouth,North,Sports,Tennis Racket,8,3115,24920,6229.4,Cash,2025-12-10
ORD00808,Mark Dennis,Port Thomas,North,Groceries,Rice,2,3300,6600,1811.61,UPI,2024-10-22
ORD00809,Suzanne Salinas,Gomeztown,North,Furniture,Sofa,2,1312,2624,456.79,Card,2024-07-28
ORD00810,Meagan Bryan,East Saraport,North,Groceries,Milk,8,2940,23520,3646.36,Card,2025-10-22
ORD00811,Pamela Goodwin,Hicksmouth,East,Furniture,Chair,1,2003,2003,518.25,Net Banking,2025-06-16
ORD00812,Steven Huang,South Daniel,West,Sports,Tennis Racket,6,4082,24492,4857.73,Net Banking,2025-12-14
ORD00813,Nathan Carr,Jenniferville,West,Clothing,Jeans,5,1506,7530,1862.3,Card,2024-08-20
ORD00814,Alan Simmons,Johnsonchester,South,Clothing,T-Shirt,3,2992,8976,1086.95,Card,2024-06-19
ORD00815,Carolyn Mcguire,Lake Tamara,East,Furniture,Table,3,1420,4260,466.37,Cash,2024-02-12
ORD00816,Stacy Thornton,Lake Christopher,North,Groceries,Bread,6,1611,9666,979.06,Card,2025-12-25
ORD00817,Crystal Ramsey,West Tracy,East,Clothing,Jeans,6,3773,22638,4187.28,UPI,2024-06-15
ORD00818,Mariah Porter,North John,South,Electronics,Headphones,8,1290,10320,2961.3,UPI,2024-11-23
ORD00819,Billy Jordan,Gabrielfurt,South,Sports,Tennis Racket,5,3982,19910,5455.23,Net Banking,2025-08-10
ORD00820,Stephanie Murray,West Andrewstad,North,Clothing,T-Shirt,8,428,3424,290.55,Card,2025-07-18
ORD00821,Martha Bennett,Christianfort,East,Electronics,Headphones,10,1905,19050,3076.44,UPI,2024-04-04
ORD00822,Steve Lee,North Suzannehaven,South,Sports,Cricket Bat,10,4412,44120,4656.25,UPI,2024-10-11
ORD00823,Michael Schneider,Parkerhaven,East,Electronics,Headphones,2,4292,8584,1275.63,UPI,2025-05-17
ORD00824,David Adams,Port Davidtown,North,Clothing,Shoes,3,3603,10809,1539.28,Card,2025-01-16
ORD00825,Michael Salinas,Mitchelltown,South,Clothing,Jacket,5,3750,18750,5035.79,Net Banking,2024-03-30
ORD00826,Jessica Brown,East Lisa,West,Groceries,Eggs,5,1441,7205,1811.47,Cash,2025-03-10
ORD00827,Matthew Brooks,Bellberg,East,Sports,Football,3,1802,5406,680.12,UPI,2025-06-21
ORD00828,Sharon Cline,Bellchester,West,Sports,Gym Gloves,2,154,308,46.93,Cash,2024-10-06
ORD00829,Daniel Miller,Sarahtown,East,Sports,Gym Gloves,10,1221,12210,1218.73,Net Banking,2025-01-25
ORD00830,Brittney Gibbs,Mendozaborough,South,Electronics,Tablet,10,2589,25890,4492.57,UPI,2025-04-19
ORD00831,Mark Thomas,Lesliefort,West,Electronics,Phone,5,2558,12790,3696.4,UPI,2025-10-13
ORD00832,Donna Brady,North Brettmouth,South,Clothing,Shoes,3,4129,12387,3427.46,UPI,2025-10-22
ORD00833,Christina Daniels MD,East Nathanshire,West,Electronics,Tablet,8,646,5168,1032.17,Net Banking,2025-01-05
ORD00834,Kyle Morris,Youngshire,North,Clothing,Shoes,2,3157,6314,1124.72,Card,2025-08-12
ORD00835,Debra Garcia,East Samuelbury,South,Furniture,Chair,3,2718,8154,1347.54,Card,2025-12-10
ORD00836,Michael Harrison,Adamview,North,Furniture,Chair,5,3058,15290,2368.09,Card,2024-12-30
ORD00837,Timothy Baxter,Mccoyville,North,Clothing,T-Shirt,9,1687,15183,3668.37,Cash,2024-07-06
ORD00838,Benjamin Gill,Robinsonshire,East,Sports,Tennis Racket,6,2566,15396,1814.65,UPI,2025-12-15
ORD00839,David Pierce,North Danielstad,East,Sports,Tennis Racket,3,205,615,51.81,Net Banking,2024-10-15
ORD00840,Mary Contreras,Clarkport,South,Groceries,Bread,3,939,2817,294.29,Cash,2025-05-30
ORD00841,Kimberly Bates,East Amandafort,South,Sports,Football,7,3872,27104,7562.23,UPI,2024-04-29
ORD00842,Jesus Parker,South Nicole,East,Groceries,Bread,5,3070,15350,1300.97,Cash,2025-03-28
ORD00843,Scott Abbott,Lake Tiffany,South,Clothing,T-Shirt,2,1921,3842,315.73,Cash,2025-12-11
ORD00844,James Glover,North Loriberg,North,Clothing,Jeans,4,1166,4664,1377.17,UPI,2025-03-11
ORD00845,Kaylee Smith,Jonathanfurt,North,Electronics,Headphones,7,448,3136,310.74,Net Banking,2024-02-03
ORD00846,Kelli Snyder,Haydenshire,North,Electronics,Tablet,1,642,642,80.51,UPI,2024-01-11
ORD00847,Joan Hunter,Hoffmantown,North,Sports,Cricket Bat,10,1738,17380,1671.88,UPI,2024-12-25
ORD00848,Jennifer Thompson,West Rebecca,South,Furniture,Sofa,10,2949,29490,4071.12,UPI,2025-05-27
ORD00849,Sergio Franklin,Jessefort,South,Electronics,Laptop,9,1877,16893,3867.7,UPI,2024-10-15
ORD00850,Cody Henderson,North Marychester,South,Electronics,Phone,9,3988,35892,5082.87,Net Banking,2025-08-26
ORD00851,Briana Gomez,Monicaview,South,Electronics,Phone,6,3209,19254,3004.07,Net Banking,2025-06-10
ORD00852,Stephanie Park,Spencerfort,West,Electronics,Tablet,2,3916,7832,607.6,Card,2024-05-19
ORD00853,Jessica Barber,West Allenmouth,East,Clothing,T-Shirt,2,2787,5574,966.69,Net Banking,2025-01-29
ORD00854,Roy Spears,West Thomas,West,Sports,Tennis Racket,8,1950,15600,2940.27,Cash,2024-10-24
ORD00855,Daniel Goodman,Karenborough,West,Electronics,Headphones,6,1568,9408,500.47,UPI,2025-11-21
ORD00856,Charles King,Port Rachel,West,Groceries,Eggs,9,796,7164,571.72,UPI,2025-02-08
ORD00857,Wayne Ray,Youngland,West,Furniture,Chair,6,1730,10380,1397.75,UPI,2025-09-01
ORD00858,Brandon Fleming,West Willieberg,East,Furniture,Bed,8,2381,19048,4594.46,Net Banking,2025-08-18
ORD00859,John Oconnor,Brandthaven,East,Clothing,Shoes,10,3413,34130,10132.54,Cash,2025-06-07
ORD00860,Jamie Martin,Port Benjamin,South,Groceries,Rice,2,2153,4306,742.08,UPI,2024-08-24
ORD00861,John Ochoa,Port Danielburgh,West,Electronics,Laptop,2,4180,8360,1835.24,Card,2024-07-02
ORD00862,David Stephens,Lynnchester,West,Furniture,Sofa,10,889,8890,2133.98,Net Banking,2025-11-07
ORD00863,Jessica Walker,New Kristinfurt,East,Furniture,Sofa,8,4116,32928,5801.87,UPI,2025-07-09
ORD00864,Ricardo Walker,Scottchester,West,Electronics,Headphones,2,3242,6484,1053.84,Net Banking,2025-01-20
ORD00865,Noah Williams,Mccartyfurt,South,Electronics,Laptop,3,4660,13980,3003.64,Net Banking,2024-11-06
ORD00866,Kevin Smith,North Sandra,West,Groceries,Milk,5,3287,16435,2824.58,Net Banking,2024-04-22
ORD00867,Karen Contreras,North Elizabethfort,West,Groceries,Milk,9,556,5004,739.82,Card,2025-05-21
ORD00868,Brandi Brennan,South William,East,Clothing,Jacket,1,330,330,65.21,Card,2024-05-11
ORD00869,Mike Kennedy,Port Kevin,East,Sports,Football,6,3217,19302,1434.86,Net Banking,2024-12-19
ORD00870,Jonathon Kennedy,Annastad,North,Clothing,T-Shirt,4,2128,8512,924.88,UPI,2024-11-15
ORD00871,Maria Henry,North Carrieview,North,Clothing,T-Shirt,6,1490,8940,491.06,Net Banking,2024-11-29
ORD00872,Deanna Jackson,Maryburgh,North,Groceries,Eggs,5,267,1335,299.03,Card,2025-08-25
ORD00873,Robin Hahn,Thomaschester,North,Groceries,Eggs,6,4790,28740,2139.16,Cash,2025-05-15
ORD00874,Matthew Robinson,Travisborough,East,Clothing,Shoes,9,2881,25929,2376.57,Net Banking,2024-11-02
ORD00875,Steve Holden,Lake Scottshire,North,Furniture,Bed,2,4489,8978,929.4,Card,2024-09-28
ORD00876,Julia Andrews,Stevenfort,North,Sports,Gym Gloves,4,853,3412,782.8,Card,2025-08-15
ORD00877,Matthew Rice,West Jennifer,East,Clothing,T-Shirt,10,4450,44500,7512.36,UPI,2024-08-02
ORD00878,Jennifer Moore,East Suzanne,West,Clothing,Jacket,7,4523,31661,4063.32,Card,2025-02-28
ORD00879,Austin Carroll,Lake Julie,South,Sports,Gym Gloves,9,1579,14211,3840.16,Net Banking,2025-10-04
ORD00880,Stefanie Foster,New Susanchester,North,Furniture,Bed,5,4464,22320,5629.85,Cash,2025-03-20
ORD00881,Dennis Johnson,Shawtown,East,Clothing,Shoes,3,2069,6207,543.85,Net Banking,2025-12-02
ORD00882,Sherry Martin,New Nicole,East,Groceries,Bread,2,1767,3534,924.11,Cash,2024-09-30
ORD00883,Raymond Keller,South Jefferymouth,North,Clothing,Jeans,7,2053,14371,1126.54,Cash,2024-07-15
ORD00884,Stacy Miller,Port Walter,North,Clothing,Shoes,8,4686,37488,11164.8,Cash,2025-03-08
ORD00885,Elizabeth Bailey,Rodriguezchester,South,Furniture,Sofa,3,338,1014,116.2,UPI,2024-10-11
ORD00886,John Andrews,New Jeremy,North,Groceries,Rice,1,787,787,101.11,Net Banking,2024-11-01
ORD00887,Shannon Chandler,North Mackenzie,North,Clothing,T-Shirt,7,1251,8757,954.6,Card,2025-08-07
ORD00888,Mrs. Jennifer Rice,New Amandafort,East,Groceries,Rice,4,1101,4404,1071.48,Net Banking,2024-11-16
ORD00889,Sarah Anderson,Patrickton,East,Furniture,Bed,4,1281,5124,393.03,Net Banking,2024-08-07
ORD00890,Julie Smith,Garyton,North,Groceries,Bread,10,558,5580,963.05,Card,2025-01-18
ORD00891,Krista Maldonado,Lake Steven,East,Sports,Gym Gloves,8,2118,16944,4927.8,Net Banking,2024-05-28
ORD00892,Nathan Williams,Kennethton,North,Clothing,Jacket,1,385,385,100.24,Cash,2025-11-09
ORD00893,Amanda Ho,Port Evelynstad,North,Clothing,Shoes,5,3072,15360,4236.12,Cash,2025-12-02
ORD00894,Heidi Peterson,Port Heather,East,Groceries,Eggs,1,3319,3319,935.55,UPI,2024-09-18
ORD00895,Lisa Bradley,Port Jennifer,East,Furniture,Sofa,4,1412,5648,1575.64,Net Banking,2025-10-08
ORD00896,Michael Parker,Kevinville,East,Electronics,Tablet,2,4127,8254,1384.8,Net Banking,2025-02-26
ORD00897,Jacob Jones Jr.,Tommyview,East,Electronics,Phone,5,4247,21235,1414.08,Net Banking,2025-03-06
ORD00898,Raymond Dyer,South Matthewborough,North,Electronics,Laptop,3,3732,11196,2773.86,Net Banking,2024-05-19
ORD00899,Amanda Gibbs,West Seanfurt,South,Furniture,Sofa,6,4817,28902,2039.27,Cash,2024-06-10
ORD00900,Hannah Alexander,Rojashaven,East,Sports,Gym Gloves,6,3798,22788,3864.65,Cash,2024-05-16
ORD00901,Jonathon Gonzalez,Lake Amandachester,South,Sports,Tennis Racket,5,1727,8635,613.95,Net Banking,2025-01-11
ORD00902,Brianna Coleman,Paulberg,South,Groceries,Milk,1,288,288,80.86,UPI,2025-10-24
ORD00903,Allison Solis,Andersonland,West,Groceries,Milk,5,1482,7410,462.72,Card,2025-09-24
ORD00904,Patrick Russell,Jacobbury,North,Furniture,Chair,6,1493,8958,2569.25,Net Banking,2024-04-30
ORD00905,Jennifer Golden,South Adrienne,East,Groceries,Eggs,2,1938,3876,885.24,Card,2024-07-14
ORD00906,Chad Hunter,South Tasha,South,Groceries,Eggs,3,3633,10899,2878.26,Card,2025-09-06
ORD00907,Erin Chavez,Merrittview,East,Furniture,Bed,3,3446,10338,2565.02,Card,2024-01-30
ORD00908,Barbara Espinoza,Sextonmouth,West,Furniture,Bed,4,3128,12512,2448.92,UPI,2025-10-24
ORD00909,Lee Solomon,South Tracey,South,Electronics,Headphones,3,2748,8244,2420.44,Net Banking,2025-02-11
ORD00910,Martha Little,Danielleshire,East,Groceries,Bread,2,880,1760,333.08,Cash,2024-02-23
ORD00911,Gina Roach,West Richardstad,North,Groceries,Bread,10,5000,50000,11369.57,Card,2024-02-16
ORD00912,Troy Harper,South Jameschester,North,Sports,Gym Gloves,5,3333,16665,3629.9,Cash,2024-05-15
ORD00913,Joanne Decker,Kellyland,South,Clothing,Jeans,9,4137,37233,10521.37,UPI,2025-04-24
ORD00914,Ruben Rasmussen,North Christina,South,Clothing,Shoes,3,2233,6699,530.63,Net Banking,2024-02-15
ORD00915,Brian Stanley,Stephaniebury,East,Clothing,Jacket,7,2417,16919,4664.54,Card,2024-09-26
ORD00916,David Mueller,Elizabethstad,West,Groceries,Milk,6,4124,24744,5961.3,UPI,2024-06-03
ORD00917,Joshua Cole,Beckville,East,Furniture,Table,1,1983,1983,189.94,Cash,2025-04-26
ORD00918,Jennifer Weaver,Briggsbury,West,Groceries,Eggs,2,4154,8308,500.12,Net Banking,2024-12-31
ORD00919,Rebecca Thomas,North Seanville,East,Groceries,Rice,3,1112,3336,458.37,Cash,2024-07-27
ORD00920,Denise Watts,New Danielle,South,Furniture,Sofa,10,4897,48970,5048.76,Net Banking,2024-01-05
ORD00921,Lauren Grimes,West John,East,Electronics,Phone,8,872,6976,1896.37,UPI,2024-01-27
ORD00922,David Buchanan,North Jennashire,North,Groceries,Bread,10,968,9680,2509.48,UPI,2024-06-06
ORD00923,Joe Roy,South Kim,East,Groceries,Eggs,8,2306,18448,3662.87,UPI,2024-01-06
ORD00924,Mrs. Kimberly Andrews MD,West Jennifer,East,Sports,Gym Gloves,6,4762,28572,2352.33,Card,2024-02-19
ORD00925,Chase Wright,Lake Jeffrey,South,Electronics,Laptop,9,3224,29016,2122.17,Cash,2024-09-18
ORD00926,Jean Noble,Ryanberg,East,Groceries,Rice,1,1805,1805,163.78,Cash,2025-02-16
ORD00927,Alexandra Rodriguez,West Jessicabury,South,Electronics,Tablet,8,3641,29128,6815.15,Card,2024-11-13
ORD00928,Christian Martinez,New Thomas,West,Electronics,Tablet,9,1737,15633,2695.22,Card,2025-02-01
ORD00929,Mary West,North Sarahton,South,Sports,Gym Gloves,2,3561,7122,1800.08,Net Banking,2025-09-20
ORD00930,Austin Morgan,Michelleport,South,Groceries,Rice,1,4305,4305,583.05,Cash,2025-04-19
ORD00931,Tammy Smith,Gonzalesmouth,East,Groceries,Rice,5,3935,19675,3134.99,Cash,2025-05-04
ORD00932,Steven Perez,Port Jeremyborough,North,Furniture,Sofa,4,4385,17540,2752.6,UPI,2025-08-05
ORD00933,Deanna Cooley,Port Brandon,East,Electronics,Laptop,9,3580,32220,4937.87,Card,2025-04-20
ORD00934,Crystal Ramos,Michellefurt,West,Clothing,T-Shirt,9,233,2097,164.58,Cash,2025-11-08
ORD00935,Dean Navarro,South Alexandrialand,East,Furniture,Bed,1,782,782,120.48,Card,2025-12-22
ORD00936,John Ingram,Ruizburgh,South,Sports,Gym Gloves,8,2271,18168,2458.74,Cash,2024-07-10
ORD00937,Miss Sheri West DDS,Lake Michaelport,West,Electronics,Tablet,2,3653,7306,1341.34,UPI,2024-01-06
ORD00938,Kevin Clark,Robinsonburgh,West,Electronics,Phone,8,3869,30952,6900.8,Card,2025-11-04
ORD00939,Robin Jordan,East Laura,North,Sports,Tennis Racket,7,2579,18053,1298.17,Cash,2024-05-18
ORD00940,Jonathan Lindsey,Samanthatown,South,Electronics,Laptop,4,319,1276,130.54,Cash,2025-10-26
ORD00941,Susan White,Morganmouth,West,Groceries,Milk,2,2565,5130,1243.67,Net Banking,2024-05-31
ORD00942,Mark Werner,Thompsonhaven,West,Electronics,Laptop,3,1348,4044,949.11,Net Banking,2025-03-31
ORD00943,Savannah Wall,South Katie,West,Electronics,Headphones,10,2087,20870,2093.98,UPI,2025-08-06
ORD00944,Kim Mckenzie,Tracyside,East,Clothing,T-Shirt,2,3637,7274,2144.9,UPI,2025-05-22
ORD00945,Misty Odom,Port Joanhaven,West,Groceries,Eggs,8,4305,34440,6810.85,Cash,2025-09-18
ORD00946,Joe Barron,Kellyfort,East,Electronics,Laptop,7,4821,33747,4352.1,Net Banking,2024-03-06
ORD00947,Rhonda Rodgers,Jacksonport,North,Groceries,Rice,8,2940,23520,3812.15,Cash,2025-03-22
ORD00948,Michelle Hensley,West Nicolestad,South,Clothing,Jeans,8,2916,23328,3721.46,Card,2025-06-03
ORD00949,Cheyenne Murphy,Hamiltonton,West,Sports,Gym Gloves,3,2503,7509,1732.69,Card,2025-02-03
ORD00950,Jennifer Rollins,Martinton,West,Groceries,Milk,10,1797,17970,2167.44,Cash,2024-03-29
ORD00951,Kyle Stevens,Erikafort,West,Furniture,Table,3,4131,12393,932.27,Card,2025-03-01
ORD00952,Stacy Griffin,Wallaceland,East,Furniture,Table,9,485,4365,1308.69,Card,2025-01-02
ORD00953,Connor Mclaughlin,North Michael,West,Furniture,Table,9,361,3249,817.79,UPI,2024-12-11
ORD00954,Tonya Nichols,Lake Anthony,East,Sports,Cricket Bat,2,4703,9406,997.26,Card,2024-09-21
ORD00955,Mrs. Mary Quinn,Taylorstad,North,Electronics,Tablet,3,4322,12966,2607.1,Net Banking,2024-04-16
ORD00956,Tracy Williams,Port Meganmouth,North,Groceries,Rice,2,934,1868,478.03,Cash,2024-02-12
ORD00957,Dennis Schwartz,East Christopher,West,Electronics,Phone,6,1386,8316,1930.04,Net Banking,2025-12-26
ORD00958,Joseph Townsend,Lake Angelview,South,Electronics,Phone,6,2841,17046,4343.15,Net Banking,2024-05-05
ORD00959,William Stevens,Ryanfurt,South,Groceries,Rice,4,3980,15920,2154.45,UPI,2025-06-01
ORD00960,Billy Malone,East George,South,Clothing,Jacket,7,3054,21378,4432.94,Net Banking,2024-09-08
ORD00961,John Thompson,South Jeremyborough,East,Furniture,Table,7,3486,24402,6820.48,UPI,2025-04-14
ORD00962,Jacqueline Jones,Markhaven,East,Groceries,Milk,1,4338,4338,1240.28,Card,2024-03-27
ORD00963,William Cooper,New Daniel,South,Groceries,Milk,7,603,4221,626.04,UPI,2024-02-07
ORD00964,David Walters,North William,East,Sports,Tennis Racket,7,3393,23751,6447.11,Card,2025-12-18
ORD00965,Robert Evans,Merrittmouth,West,Clothing,T-Shirt,5,4423,22115,4480.5,Net Banking,2024-05-30
ORD00966,Erin Walsh,North Jonathanport,North,Furniture,Bed,6,3413,20478,4993.56,UPI,2024-11-04
ORD00967,Whitney Shaffer,New Carrieville,East,Sports,Tennis Racket,7,1132,7924,1427.25,Cash,2025-07-07
ORD00968,Denise Moore,South John,North,Electronics,Tablet,9,2891,26019,6225.35,UPI,2024-06-12
ORD00969,Julia Coleman,New Shelly,North,Sports,Tennis Racket,4,2589,10356,2398.73,UPI,2025-06-01
ORD00970,James Smith,East Elizabethmouth,North,Clothing,Jacket,9,3003,27027,2187.92,Net Banking,2025-10-28
ORD00971,Lindsay Jones,Smithborough,South,Clothing,T-Shirt,8,2876,23008,6804.33,Card,2025-08-18
ORD00972,Melanie Gilmore,West Lauraland,South,Clothing,Jacket,10,1246,12460,2848.2,UPI,2025-06-16
ORD00973,Paula Stanley DDS,Port Jamie,West,Clothing,Jeans,6,3821,22926,1707.92,Net Banking,2025-12-29
ORD00974,Andrew Hamilton,Reedfurt,South,Electronics,Laptop,1,3580,3580,974.22,Net Banking,2025-05-02
ORD00975,Debbie Patrick,New Yolandabury,West,Electronics,Tablet,9,3399,30591,6028.26,Card,2025-06-15
ORD00976,Elaine Wright,Cynthiamouth,West,Sports,Gym Gloves,7,3705,25935,5764.17,Cash,2025-05-16
ORD00977,Jeffrey Gallegos,Edwardsburgh,North,Furniture,Table,8,3849,30792,2535.61,Cash,2025-12-22
ORD00978,Christina Lewis MD,North Mackenzie,North,Groceries,Eggs,1,1384,1384,395.85,Net Banking,2025-01-13
ORD00979,Justin Chang,Christophermouth,South,Electronics,Laptop,6,4783,28698,3512.57,UPI,2025-06-19
ORD00980,Rita Ball,Sarahborough,South,Clothing,Jacket,6,2584,15504,1914.67,Cash,2024-01-29
ORD00981,Jessica Jones,Murphyport,South,Sports,Gym Gloves,1,2599,2599,707.61,Net Banking,2024-08-08
ORD00982,Darlene Perez,South Randy,West,Electronics,Laptop,9,2956,26604,1779.57,Net Banking,2024-02-15
ORD00983,Lisa Klein,New Corey,West,Sports,Tennis Racket,10,3805,38050,10466.48,Cash,2025-01-21
ORD00984,Wesley Smith,East Christina,North,Furniture,Bed,8,3778,30224,2636.91,Net Banking,2024-11-29
ORD00985,Carl Robinson,Lake Teresa,West,Groceries,Milk,7,2877,20139,3730.72,Card,2025-11-17
ORD00986,Jessica Wilcox,Davisstad,East,Electronics,Phone,1,4785,4785,993.02,UPI,2025-12-25
ORD00987,Richard Douglas,North Ruthmouth,South,Sports,Football,4,4538,18152,3525.37,Net Banking,2024-02-24
ORD00988,Mark Cook,North Jennifer,East,Sports,Football,2,4456,8912,846.07,Cash,2024-01-20
ORD00989,Melanie Garza,East Masonview,North,Furniture,Bed,2,4470,8940,1803.32,Net Banking,2025-02-15
ORD00990,John Copeland,West Michael,East,Electronics,Tablet,7,1578,11046,1698.15,Net Banking,2025-06-24
ORD00991,Dr. Joshua Walker MD,West Jamesstad,South,Clothing,T-Shirt,2,913,1826,338.62,Cash,2024-10-19
ORD00992,Dennis Allen,Port Karlaland,South,Clothing,T-Shirt,3,2613,7839,2257.95,UPI,2025-11-25
ORD00993,Jeffrey Long,New Kevin,West,Sports,Tennis Racket,3,322,966,220.56,UPI,2024-11-01
ORD00994,Michael Mathis DVM,East Henry,North,Clothing,Jeans,7,2755,19285,2207.82,Cash,2024-05-03
ORD00995,Patrick Garcia,Kingmouth,North,Furniture,Table,8,4266,34128,8125.79,Card,2025-01-29
ORD00996,Leslie Long,Brendashire,North,Electronics,Tablet,8,4631,37048,5622.74,Net Banking,2025-05-10
ORD00997,Christine Wiley,Annettetown,North,Furniture,Chair,5,4638,23190,6745.24,Cash,2025-11-22
ORD00998,Rebecca Mcfarland,West Julie,South,Sports,Cricket Bat,5,4755,23775,3606.35,Cash,2024-03-26
ORD00999,Laura Flores,Gonzalezfurt,West,Clothing,Jeans,4,4503,18012,5190.21,UPI,2025-07-22
ORD01000,Matthew Ward DDS,West Faith,North,Electronics,Headphones,10,2469,24690,5265.51,UPI,2024-06-20
ORD01001,Adam Harper,Cainfort,East,Groceries,Bread,10,2155,21550,5600.24,Cash,2025-01-24
ORD01002,Mrs. Sheila Krueger,New Jenniferfurt,North,Sports,Tennis Racket,1,1422,1422,333.88,Card,2025-07-30
ORD01003,Jeffrey Johnson,Manuelville,West,Electronics,Headphones,2,1244,2488,575.4,Cash,2024-10-13
ORD01004,Hannah West,West Sharonbury,West,Sports,Tennis Racket,6,2241,13446,3965.36,Card,2025-12-25
ORD01005,Aaron Gonzales,East Angela,East,Furniture,Sofa,6,1825,10950,1806.2,UPI,2025-09-05
ORD01006,Kevin Lee,East Valerieville,South,Furniture,Chair,10,4003,40030,2044.32,Net Banking,2024-01-10
ORD01007,Karen Sanders,North Miguel,North,Sports,Gym Gloves,7,4508,31556,2217.98,UPI,2025-10-26
ORD01008,Michael Skinner,Nicoleside,West,Groceries,Rice,6,3183,19098,4905.64,Cash,2025-01-01
ORD01009,Angelica Mullins,South Meagan,North,Electronics,Laptop,8,3134,25072,7122.0,Cash,2025-03-31
ORD01010,Casey Roman,Cortezhaven,East,Electronics,Tablet,6,1668,10008,725.5,Cash,2025-09-20
ORD01011,Mary Cummings,East Tina,South,Furniture,Bed,6,401,2406,289.17,UPI,2025-12-21
ORD01012,Margaret Bryant,West Hannah,South,Furniture,Bed,2,2372,4744,912.16,Cash,2025-05-20
ORD01013,Anita Reeves,South Rodney,South,Sports,Cricket Bat,2,4918,9836,807.16,Card,2024-03-07
ORD01014,Thomas Young,Medinamouth,North,Sports,Cricket Bat,9,2347,21123,2069.27,Card,2025-11-25
ORD01015,James Pierce,North Theresa,North,Sports,Gym Gloves,1,3598,3598,756.45,Card,2025-10-27
ORD01016,Robert Lucas,Lake Bethany,West,Groceries,Eggs,5,1097,5485,1206.94,Card,2025-04-22
ORD01017,Timothy Brooks,Sharonborough,West,Sports,Football,4,484,1936,231.32,Card,2025-03-06
ORD01018,Alexander Morrison,Coopershire,North,Electronics,Headphones,4,2841,11364,800.62,Cash,2025-08-08
ORD01019,Eric Mathews,Port Stacy,North,Groceries,Rice,4,1712,6848,623.99,UPI,2024-11-14
ORD01020,William Cordova,Garyfurt,East,Electronics,Headphones,7,296,2072,410.53,Card,2025-10-03
ORD01021,Joshua Jensen,Port Reginaville,East,Furniture,Chair,8,2052,16416,4755.73,Cash,2024-02-25
ORD01022,Kristin Shaw,West Tracyport,North,Electronics,Headphones,2,3757,7514,1463.23,UPI,2024-03-28
ORD01023,Shane Martinez,Smithmouth,North,Groceries,Bread,2,1144,2288,149.87,Card,2025-03-28
ORD01024,Robin Bush,New Johnbury,North,Sports,Gym Gloves,2,934,1868,409.82,Card,2025-07-26
ORD01025,Andrew Gutierrez,South Craig,North,Groceries,Eggs,2,3467,6934,750.8,Net Banking,2025-09-05
ORD01026,Andrew Huynh,New Marco,North,Groceries,Eggs,7,929,6503,877.28,Net Banking,2025-11-22
ORD01027,Alexis Brown,New Jeffreymouth,North,Sports,Tennis Racket,10,1676,16760,1290.55,Cash,2024-01-13
ORD01028,Alejandra Jones,Richardmouth,West,Sports,Cricket Bat,9,2199,19791,2747.94,Cash,2025-05-07
ORD01029,Eric Adams,West Eddiemouth,West,Furniture,Table,1,595,595,48.74,Card,2025-08-21
ORD01030,Hannah Diaz,South Andrew,East,Clothing,Jeans,3,3946,11838,1505.42,Card,2024-12-17
ORD01031,Brittany Mueller,Jeffreyberg,North,Electronics,Phone,1,2044,2044,361.33,Net Banking,2025-07-26
ORD01032,Laura Mccarty,Port Ann,South,Clothing,Jeans,4,1748,6992,1722.24,Net Banking,2024-12-15
ORD01033,Jeffrey Vargas,Lake Garytown,East,Groceries,Bread,10,4737,47370,13773.6,Net Banking,2025-09-22
ORD01034,Pam Conley,Port Wesleychester,West,Clothing,Jeans,2,3821,7642,2055.9,Cash,2024-02-13
ORD01035,Lauren Jennings,Millerland,West,Electronics,Phone,4,3921,15684,3230.59,Card,2024-09-01
ORD01036,Laura Pena,Henrychester,East,Groceries,Milk,7,1609,11263,2889.2,UPI,2024-01-07
ORD01037,Laura Patel,Sanchezberg,West,Electronics,Tablet,1,4644,4644,365.93,Cash,2024-10-24
ORD01038,Miss Kristin Hubbard,Hamiltonside,South,Sports,Tennis Racket,1,343,343,34.22,Cash,2024-10-17
ORD01039,Phillip Delacruz,Shahchester,North,Clothing,Jeans,6,4642,27852,3105.25,Cash,2024-07-19
ORD01040,Brandy Nelson,East Juliashire,East,Clothing,T-Shirt,1,1224,1224,177.15,Cash,2024-04-23
ORD01041,Fernando Gordon,East Michelle,South,Clothing,Shoes,4,3128,12512,3157.68,Net Banking,2025-11-07
ORD01042,Roy Simpson,Reneeland,West,Electronics,Laptop,3,1171,3513,873.77,Card,2024-07-15
ORD01043,Angela Conner,South Leonard,South,Clothing,Shoes,4,478,1912,460.35,Card,2025-08-24
ORD01044,Pamela Brewer,East Eric,South,Furniture,Sofa,4,536,2144,444.59,Net Banking,2024-10-13
ORD01045,Linda Hughes,Port Trevortown,East,Furniture,Chair,8,631,5048,463.7,Net Banking,2025-02-01
ORD01046,David Davis,West Ericaborough,West,Sports,Gym Gloves,3,2736,8208,1872.42,Net Banking,2025-06-22
ORD01047,Eric Mitchell,Breannaville,North,Groceries,Bread,10,3384,33840,7090.37,Cash,2025-08-20
ORD01048,Elizabeth Brown,West Jacobmouth,West,Furniture,Table,8,2020,16160,2407.44,Net Banking,2024-11-09
ORD01049,Jennifer Clark,Lawrencetown,North,Sports,Cricket Bat,6,2185,13110,2459.93,Card,2024-05-17
ORD01050,Joseph Brown,Rebeccaside,East,Groceries,Bread,4,4883,19532,1177.5,Net Banking,2025-06-08
ORD01051,Danielle Meyer,Danielchester,East,Groceries,Eggs,7,3450,24150,3426.35,Card,2025-05-24
ORD01052,Megan Pitts,Robertport,North,Groceries,Rice,3,3718,11154,1209.62,Card,2025-10-22
ORD01053,Anthony Rivers,South Brooketown,East,Electronics,Tablet,9,4300,38700,7223.86,Cash,2024-03-21
ORD01054,Amber Sellers,West Jill,East,Electronics,Laptop,2,3051,6102,363.5,Cash,2024-07-24
ORD01055,Laura Morales,Anthonyfort,South,Clothing,Jacket,5,2348,11740,1146.54,Card,2025-09-10
ORD01056,Alyssa Crawford,Gutierrezmouth,West,Electronics,Tablet,5,2939,14695,3611.77,UPI,2025-02-17
ORD01057,Scott Becker,East Matthewborough,West,Groceries,Milk,7,1964,13748,1467.35,Cash,2024-08-02
ORD01058,Heather Moore,Richardville,South,Sports,Gym Gloves,8,2890,23120,5733.27,Net Banking,2024-11-16
ORD01059,Mark Richardson,North Ianberg,East,Groceries,Milk,8,3786,30288,7972.89,Cash,2024-01-31
ORD01060,Sandra Evans,East Johnathantown,East,Sports,Cricket Bat,5,179,895,156.58,Card,2025-11-05
ORD01061,Michelle Peterson,Amyside,East,Furniture,Bed,7,3404,23828,5735.65,Card,2025-12-08
ORD01062,John Sampson,North Bryan,East,Sports,Football,10,363,3630,1018.35,Net Banking,2024-06-06
ORD01063,Dawn Jones,Evanborough,West,Groceries,Milk,7,621,4347,798.21,UPI,2024-07-11
ORD01064,Rachel Little,Harrisstad,South,Clothing,Shoes,5,863,4315,400.67,UPI,2025-11-22
ORD01065,Travis Stewart,Silvatown,East,Sports,Gym Gloves,1,1629,1629,162.49,Cash,2025-01-30
ORD01066,Mary Moore,Port Amandaview,North,Furniture,Sofa,9,673,6057,991.32,Cash,2025-01-12
ORD01067,Joseph Wilcox,Sethside,West,Clothing,Shoes,7,1386,9702,2885.36,Net Banking,2024-05-12
ORD01068,Kayla Price,New Elizabeth,West,Electronics,Headphones,4,1164,4656,1246.0,Net Banking,2024-11-13
ORD01069,Amanda George,New Sara,West,Furniture,Sofa,10,1762,17620,3094.4,Card,2025-12-02
ORD01070,Nathan Hamilton,East Danielmouth,South,Furniture,Chair,3,3751,11253,742.61,Card,2025-02-12
ORD01071,Christine Jones,Jessicamouth,East,Sports,Gym Gloves,8,3890,31120,6038.31,Net Banking,2024-04-03
ORD01072,Joseph Carlson,Lisamouth,West,Clothing,Jacket,7,1534,10738,1651.11,Net Banking,2024-07-02
ORD01073,Jacob Williams,Cameronton,South,Groceries,Milk,10,882,8820,1308.78,Cash,2024-02-14
ORD01074,Jason Scott,Harrisborough,North,Clothing,Jacket,2,1879,3758,1041.66,Card,2025-02-25
ORD01075,Kari Brown,Snyderhaven,East,Electronics,Laptop,9,2770,24930,3802.42,Cash,2024-06-17
ORD01076,Christine Obrien,West Devin,West,Sports,Football,8,318,2544,173.75,Net Banking,2025-12-12
ORD01077,Michael Baldwin,East Richard,North,Clothing,Shoes,4,3349,13396,796.31,Cash,2024-09-13
ORD01078,Kathryn Joseph,North Monica,South,Clothing,Shoes,8,3879,31032,2080.98,Net Banking,2025-07-15
ORD01079,Joshua Rodriguez,Greenmouth,North,Furniture,Bed,5,1421,7105,658.26,Cash,2024-01-19
ORD01080,Crystal Morton,Pricestad,North,Clothing,T-Shirt,9,3301,29709,2736.6,Card,2025-11-18
ORD01081,Brenda Le,New Julie,South,Furniture,Bed,6,1557,9342,973.14,Net Banking,2024-02-05
ORD01082,John Marsh,Port Benjaminchester,North,Electronics,Laptop,7,2625,18375,2958.31,UPI,2025-09-04
ORD01083,Brian Stone,Port Charles,North,Groceries,Milk,4,3169,12676,3513.65,UPI,2024-07-23
ORD01084,Dave Taylor,Dunnside,North,Groceries,Rice,1,2861,2861,729.93,Cash,2025-11-27
ORD01085,Cameron Murphy,Walkerport,East,Electronics,Phone,3,460,1380,212.41,Card,2024-04-20
ORD01086,Angel Wagner,West Scott,West,Sports,Cricket Bat,10,1796,17960,5093.13,UPI,2025-02-08
ORD01087,Jessica Good,Lake Karinatown,West,Furniture,Table,2,3021,6042,790.55,Card,2024-01-16
ORD01088,Beverly Benson,Robertoville,East,Electronics,Headphones,4,3858,15432,1620.73,Card,2025-11-04
ORD01089,Marie Huerta,West Brandiburgh,West,Electronics,Laptop,4,3467,13868,1738.82,UPI,2025-09-05
ORD01090,Samuel Key Jr.,East Jessicamouth,West,Sports,Cricket Bat,5,876,4380,875.85,Cash,2025-10-08
ORD01091,Kristi Parker,Jessicaport,West,Clothing,Jeans,6,4049,24294,1624.74,Net Banking,2024-01-19
ORD01092,Tara Thompson,Sethside,South,Sports,Cricket Bat,9,4912,44208,9997.96,UPI,2024-01-14
ORD01093,Matthew Fuller,Lake Ashley,North,Sports,Football,5,2036,10180,2386.99,UPI,2024-09-06
ORD01094,Daniel Serrano,South Larryland,South,Furniture,Sofa,8,2529,20232,2033.38,UPI,2025-01-19
ORD01095,Randy Macdonald,North Sherry,North,Furniture,Bed,6,1199,7194,859.91,Net Banking,2025-10-21
ORD01096,Hayley Williams,Laurenstad,North,Clothing,T-Shirt,4,2813,11252,1526.7,Cash,2024-07-29
ORD01097,Sergio Hamilton,Webbshire,North,Furniture,Bed,9,2734,24606,2359.38,UPI,2025-10-06
ORD01098,Lance Kelly,West Amyland,South,Groceries,Rice,4,526,2104,438.88,Cash,2024-05-24
ORD01099,Gavin Moore,New Jeffreyberg,South,Electronics,Phone,10,4596,45960,11848.73,UPI,2024-07-28
ORD01100,Russell Montgomery,Proctorville,West,Groceries,Eggs,5,1444,7220,1663.62,Cash,2024-09-07
ORD01101,David Soto,Port Robert,South,Sports,Cricket Bat,5,2437,12185,2365.18,Card,2025-10-12
ORD01102,Stephen Singh,South Christineview,West,Groceries,Rice,6,3362,20172,2913.43,Net Banking,2025-04-27
ORD01103,Tyler Porter,Nelsontown,West,Sports,Gym Gloves,3,4048,12144,667.35,UPI,2025-01-25
ORD01104,Megan Roy,East Cory,East,Clothing,Jeans,9,1539,13851,1583.49,Net Banking,2025-04-19
ORD01105,Judith Johnson,West Adamfurt,West,Clothing,Shoes,9,4039,36351,2471.32,Cash,2024-05-19
ORD01106,Glenn Hensley,Scottview,West,Furniture,Table,1,205,205,54.41,Net Banking,2025-01-18
ORD01107,Susan Sandoval,Evansbury,North,Groceries,Eggs,6,3246,19476,3357.42,Net Banking,2025-10-18
ORD01108,Randy Smith,New Lauratown,East,Electronics,Laptop,7,4733,33131,3001.36,Card,2025-03-22
ORD01109,Donald Herrera,West Garyberg,South,Sports,Gym Gloves,6,572,3432,730.08,Cash,2025-03-10
ORD01110,Sharon Steele,Port Carlaburgh,South,Groceries,Rice,6,331,1986,445.59,Card,2025-10-22
ORD01111,Keith Haney,Bergermouth,South,Sports,Gym Gloves,3,2183,6549,732.53,UPI,2025-08-15
ORD01112,Christopher Roberts,Bryanbury,South,Electronics,Laptop,7,3357,23499,5322.93,Net Banking,2024-03-23
ORD01113,Jane Dean,Port Stephanieside,West,Furniture,Bed,5,2575,12875,2255.21,Card,2025-06-29
ORD01114,Andrew Gilbert,West Donnahaven,South,Groceries,Rice,2,4790,9580,2339.18,Card,2024-12-18
ORD01115,Dustin Wilkins,West Ryanland,North,Furniture,Bed,5,152,760,225.53,UPI,2025-05-18
ORD01116,Jerome Hebert,East Nicholasburgh,South,Electronics,Headphones,9,3514,31626,6756.27,Cash,2025-03-17
ORD01117,Megan Keller,Brandyburgh,North,Clothing,Jeans,3,1722,5166,886.58,Net Banking,2025-05-29
ORD01118,Colleen Robertson,Edwardsstad,South,Sports,Cricket Bat,3,1746,5238,339.14,Card,2024-07-06
ORD01119,Teresa Mora,Lake Samuel,North,Groceries,Eggs,10,994,9940,2654.88,Card,2024-06-19
ORD01120,Erika Fischer,Port Kennethland,South,Electronics,Headphones,2,2367,4734,312.75,Net Banking,2024-01-31
ORD01121,James Jackson,Dannyburgh,North,Groceries,Rice,1,600,600,69.91,UPI,2024-01-08
ORD01122,Mason Nguyen,Brianfort,West,Furniture,Chair,7,4360,30520,9056.02,Net Banking,2024-09-29
ORD01123,Tara Miller,Josephton,East,Clothing,Shoes,6,3137,18822,4149.59,Cash,2024-12-17
ORD01124,Dylan Hernandez,Hutchinsonton,North,Clothing,Shoes,7,568,3976,1168.25,UPI,2024-12-04
ORD01125,Larry Harris,Jessechester,East,Groceries,Eggs,3,310,930,186.44,Cash,2025-06-27
ORD01126,David Howard,Pereztown,South,Clothing,Shoes,10,3992,39920,7134.84,UPI,2025-11-07
ORD01127,Caroline Daniels,East Nicole,West,Clothing,T-Shirt,6,474,2844,831.58,Cash,2024-11-29
ORD01128,Pamela Lopez,East Miranda,North,Sports,Gym Gloves,7,766,5362,735.04,Net Banking,2025-05-02
ORD01129,Courtney Lewis,Erinborough,North,Clothing,Jeans,3,4360,13080,3519.29,Cash,2025-05-31
ORD01130,William Thomas,Houseview,South,Groceries,Rice,5,4595,22975,6819.09,Net Banking,2025-04-23
ORD01131,Stephanie Walsh,Youngchester,North,Electronics,Headphones,9,2073,18657,2067.92,UPI,2024-06-23
ORD01132,Sandra Price,Suemouth,South,Groceries,Rice,3,2774,8322,2294.06,Card,2024-10-14
ORD01133,Jonathan Curtis,Jacquelinemouth,North,Groceries,Rice,3,4478,13434,2799.47,Card,2025-05-18
ORD01134,Joshua Love,Debrabury,West,Furniture,Chair,6,3188,19128,5308.82,Cash,2025-01-25
ORD01135,Mallory Cruz,East Larry,East,Furniture,Sofa,2,2483,4966,357.16,Cash,2024-04-01
ORD01136,Linda Arnold,Bridgetshire,North,Electronics,Tablet,3,2667,8001,2308.43,Card,2025-08-13
ORD01137,Christopher Holmes II,Lake Sarah,South,Electronics,Phone,7,3570,24990,3246.47,Cash,2025-01-08
ORD01138,Spencer Scott,Stoutport,South,Electronics,Headphones,1,4509,4509,1186.28,Card,2024-11-19
ORD01139,James Hayes,New Megan,North,Furniture,Bed,8,1307,10456,2095.03,Card,2024-05-29
ORD01140,Timothy Bishop,Lake Amandafurt,West,Clothing,T-Shirt,5,4801,24005,4070.54,Card,2024-08-08
ORD01141,Emily Anderson,East Joshuastad,South,Groceries,Rice,6,1350,8100,2081.47,UPI,2024-08-03
ORD01142,William Nelson,Mitchellton,South,Furniture,Bed,7,2550,17850,5285.34,UPI,2025-11-06
ORD01143,Richard Garcia,Port Eric,West,Sports,Gym Gloves,6,3560,21360,4687.98,Net Banking,2024-12-22
ORD01144,Jason Rosales,Port Rebekah,West,Electronics,Tablet,5,1698,8490,1912.6,UPI,2025-07-15
ORD01145,Michael Sims,Kennethburgh,East,Furniture,Sofa,10,543,5430,1425.12,Net Banking,2025-12-27
ORD01146,Lisa Hernandez,Smithborough,South,Furniture,Table,8,4052,32416,3979.73,Cash,2024-05-28
ORD01147,Aaron Wells,Galvanside,West,Furniture,Chair,6,4815,28890,2180.82,Net Banking,2024-05-31
ORD01148,Nicholas Perez,Carlyhaven,North,Furniture,Chair,2,3012,6024,1768.28,UPI,2024-07-02
ORD01149,Anthony Garcia,West Heatherton,West,Sports,Tennis Racket,10,3653,36530,10682.53,Cash,2025-10-04
ORD01150,Matthew Doyle,Woodardbury,South,Electronics,Laptop,4,3349,13396,2306.21,Net Banking,2025-12-05
ORD01151,Nancy Richards,Guzmanchester,East,Electronics,Headphones,7,2354,16478,3428.8,UPI,2025-03-31
ORD01152,Angela Barnes,South Nicholas,South,Electronics,Laptop,2,1099,2198,378.73,UPI,2025-11-15
ORD01153,Patricia Decker,Hartfurt,West,Sports,Gym Gloves,5,874,4370,1086.32,Net Banking,2024-07-04
ORD01154,Katherine Ryan,Michelleshire,South,Groceries,Bread,10,1125,11250,842.18,Net Banking,2024-03-06
ORD01155,Jamie Johnston,Port Robertbury,West,Electronics,Headphones,9,4494,40446,9944.4,UPI,2025-06-26
ORD01156,Jennifer Mills,South Robertside,South,Sports,Football,4,1061,4244,403.88,UPI,2025-09-05
ORD01157,William Steele,East Diane,South,Sports,Gym Gloves,6,1107,6642,397.1,Cash,2025-08-11
ORD01158,Ann Tapia,Paynemouth,East,Electronics,Tablet,1,793,793,233.92,Card,2025-06-02
ORD01159,Hunter Cantrell,New Markmouth,East,Sports,Cricket Bat,7,100,700,78.46,Net Banking,2024-02-17
ORD01160,Mark Joseph,Shepherdburgh,South,Furniture,Bed,6,4381,26286,7299.51,UPI,2024-12-26
ORD01161,Catherine Tran,West Brandonmouth,South,Electronics,Phone,1,1640,1640,140.08,Cash,2024-08-08
ORD01162,Brent Arnold,North Kevinborough,North,Sports,Tennis Racket,5,1152,5760,1337.91,Card,2025-03-08
ORD01163,Ann Strickland,New Jessicastad,West,Clothing,Shoes,3,3377,10131,1661.66,Cash,2024-09-17
ORD01164,Denise Wilson,Port Nicholasside,South,Sports,Cricket Bat,2,2306,4612,1378.25,Card,2025-12-14
ORD01165,Courtney Odonnell,New Martinborough,West,Sports,Cricket Bat,7,1357,9499,1226.23,UPI,2025-03-20
ORD01166,Sean Reeves,Jessicaton,West,Sports,Cricket Bat,2,2312,4624,375.26,UPI,2024-04-22
ORD01167,James Mitchell,West Stephanieland,South,Clothing,T-Shirt,6,2832,16992,4154.85,Card,2024-05-29
ORD01168,Nicholas James,Samanthatown,North,Electronics,Laptop,7,1920,13440,1944.2,Cash,2024-04-17
ORD01169,Michael Marshall,East Laurenmouth,East,Sports,Tennis Racket,10,4110,41100,3036.68,Card,2024-12-23
ORD01170,Mr. Austin Stone,Port Joseph,South,Sports,Football,1,1498,1498,193.99,Card,2025-02-02
ORD01171,Nicole Huang,South Christopher,South,Sports,Gym Gloves,8,4952,39616,3244.28,Cash,2024-01-10
ORD01172,Jacqueline Smith,Thomaschester,East,Furniture,Bed,10,2290,22900,1447.65,Cash,2025-10-16
ORD01173,Kathleen Jones,Fullerville,West,Sports,Gym Gloves,8,1599,12792,2043.39,Card,2024-12-28
ORD01174,Beverly Gonzalez,West Jamesborough,East,Clothing,Shoes,9,1974,17766,2243.79,Net Banking,2024-03-30
ORD01175,Christina Jones,West Holly,South,Clothing,T-Shirt,2,728,1456,338.5,UPI,2024-04-05
ORD01176,Juan Kelly,Butlertown,West,Electronics,Tablet,9,4137,37233,9385.95,Cash,2024-01-11
ORD01177,Zachary Davis,Huntport,North,Groceries,Eggs,9,4461,40149,9012.27,Cash,2025-02-19
ORD01178,Thomas Johnson,North Leahmouth,North,Electronics,Headphones,9,2926,26334,2924.56,Net Banking,2025-11-08
ORD01179,Christian Bradshaw,New Sheriberg,East,Furniture,Table,3,715,2145,304.08,UPI,2024-05-16
ORD01180,Cynthia Schultz,Moodyfurt,East,Groceries,Eggs,7,1496,10472,1500.86,Cash,2024-04-25
ORD01181,Sandra Knight,Port Joel,South,Sports,Football,5,2550,12750,2177.46,UPI,2024-09-28
ORD01182,Michele Dickerson,Amberfurt,North,Sports,Gym Gloves,4,2597,10388,2932.3,Net Banking,2025-10-20
ORD01183,Linda Nguyen,West Ryan,East,Sports,Gym Gloves,1,3014,3014,155.14,Card,2025-04-16
ORD01184,Michael Howell,Estradaton,West,Clothing,T-Shirt,1,2964,2964,807.84,Card,2024-07-09
ORD01185,Ashley Perez,Crosbyfurt,South,Electronics,Laptop,7,4130,28910,2873.25,Net Banking,2025-06-25
ORD01186,Kimberly Knapp,Longbury,South,Electronics,Headphones,1,1374,1374,333.01,Net Banking,2024-09-13
ORD01187,Dana Neal,Colinfort,East,Groceries,Bread,5,3085,15425,2423.04,UPI,2024-07-05
ORD01188,Melinda Leach,Lynnport,North,Groceries,Eggs,3,1245,3735,517.05,Card,2025-03-20
ORD01189,Rhonda Martinez DDS,Dustinmouth,West,Furniture,Chair,4,2433,9732,584.54,Card,2025-02-08
ORD01190,Dana Mitchell,South Vanessachester,North,Electronics,Phone,4,4026,16104,4668.95,Net Banking,2024-09-29
ORD01191,Patricia Reeves,West Eugenehaven,West,Groceries,Eggs,3,2761,8283,1969.47,Cash,2025-02-13
ORD01192,Christopher Ruiz,Stevensstad,North,Electronics,Laptop,1,1133,1133,100.71,Cash,2025-05-27
ORD01193,Gregory Hughes,East Catherine,West,Electronics,Tablet,7,4991,34937,8187.76,Card,2025-03-20
ORD01194,Christopher Mccarty,Cherylberg,South,Clothing,Shoes,2,3613,7226,808.86,Cash,2024-06-05
ORD01195,Abigail Chung,Richardside,South,Clothing,T-Shirt,5,2126,10630,2302.27,Net Banking,2025-03-15
ORD01196,Tonya Wright,Kathrynmouth,South,Electronics,Phone,4,4943,19772,4097.29,UPI,2024-06-01
ORD01197,Tom Taylor,Port Jacqueline,West,Furniture,Bed,1,2343,2343,697.28,UPI,2024-05-29
ORD01198,Joseph Flores,Danielview,East,Sports,Cricket Bat,2,517,1034,150.02,Cash,2025-06-21
ORD01199,Ann Gonzalez,Harrisside,North,Furniture,Sofa,7,4025,28175,1840.88,Card,2025-03-13
ORD01200,Stacy Colon,Quinnmouth,West,Electronics,Tablet,6,2398,14388,4111.37,Cash,2025-12-29
ORD01201,Patricia Bush,South Elizabethview,East,Clothing,T-Shirt,3,434,1302,65.27,Cash,2025-11-07
ORD01202,Sarah Roberts,Tiffanyville,West,Clothing,Shoes,5,925,4625,729.49,Card,2024-09-15
ORD01203,Diana Roberts,Wileyborough,South,Clothing,Jacket,2,893,1786,387.99,Card,2025-11-30
ORD01204,Matthew Brown,Jessicafort,East,Clothing,Jacket,10,4432,44320,8916.23,Cash,2024-08-31
ORD01205,Julie Mills,Jonesport,North,Sports,Gym Gloves,2,971,1942,160.45,UPI,2025-09-08
ORD01206,Todd Andrews,Port Jerry,East,Sports,Cricket Bat,4,3751,15004,4221.75,Card,2024-03-17
ORD01207,Billy Dixon,Lake Cameron,West,Groceries,Milk,9,1358,12222,744.96,Card,2024-07-15
ORD01208,Hannah Wade,Sarahchester,West,Sports,Tennis Racket,6,3773,22638,4696.62,UPI,2024-04-30
ORD01209,Jerry Cox,Matthewhaven,East,Groceries,Eggs,9,4227,38043,9424.06,Cash,2024-06-19
ORD01210,Melissa Jones,Lake Tina,South,Clothing,T-Shirt,10,598,5980,1486.61,Net Banking,2025-12-11
ORD01211,Robert Vargas,Jasmineburgh,West,Groceries,Rice,3,3686,11058,2628.29,Net Banking,2025-01-28
ORD01212,Jessica Smith,Kennethville,South,Sports,Tennis Racket,4,1607,6428,327.19,UPI,2025-08-08
ORD01213,David Simmons,Davismouth,East,Sports,Gym Gloves,9,4401,39609,4543.5,Card,2024-08-13
ORD01214,Troy Mooney,Lake Christinebury,East,Sports,Football,3,1934,5802,356.26,UPI,2024-08-31
ORD01215,Nicholas Baker,South Megan,South,Furniture,Sofa,3,2315,6945,1863.66,Cash,2024-02-22
ORD01216,Ann Harris,West Josephfurt,East,Sports,Football,1,2946,2946,613.27,UPI,2025-01-12
ORD01217,Dean Melendez,Stewartfort,East,Sports,Tennis Racket,3,3445,10335,2837.83,UPI,2024-10-28
ORD01218,Bryan Taylor,Tiffanyville,North,Electronics,Tablet,4,2391,9564,900.77,Net Banking,2024-01-17
ORD01219,Amber Nunez,Robinmouth,West,Clothing,Jeans,8,1907,15256,1999.54,Cash,2024-07-27
ORD01220,Rachel Carney,North Amandaland,North,Groceries,Milk,7,3119,21833,1901.3,Net Banking,2025-05-05
ORD01221,Mr. Devin Terry MD,Lynchmouth,South,Furniture,Bed,3,1542,4626,449.72,Card,2025-05-17
ORD01222,Christopher Schneider,Yvonnehaven,South,Electronics,Tablet,3,1555,4665,1186.66,UPI,2025-12-04
ORD01223,Frederick Johnson,Carterville,West,Furniture,Chair,7,2109,14763,2417.53,UPI,2025-10-22
ORD01224,Dr. Jonathan Jackson II,Georgeton,North,Sports,Cricket Bat,1,916,916,132.33,UPI,2024-01-22
ORD01225,Richard Brown,South Cynthia,North,Electronics,Phone,4,784,3136,366.64,UPI,2025-10-04
ORD01226,Jon Washington,Dorothyburgh,West,Electronics,Tablet,2,1757,3514,298.01,Cash,2025-07-30
ORD01227,Amanda Reynolds MD,Port Kaylafort,East,Clothing,Jacket,8,1365,10920,1211.6,UPI,2025-07-10
ORD01228,Marcus Fowler,Lake Mathew,West,Electronics,Laptop,2,4561,9122,1132.81,Cash,2025-06-07
ORD01229,Andres Hernandez,New Cody,East,Electronics,Phone,1,1956,1956,306.67,Card,2024-05-30
ORD01230,Casey Wise,Port Lynn,South,Furniture,Bed,2,4128,8256,762.77,UPI,2024-04-22
ORD01231,Elizabeth May,Michaelberg,North,Clothing,Jacket,2,2833,5666,450.94,Cash,2024-03-27
ORD01232,April Cook,Mcdowellbury,West,Furniture,Bed,9,2843,25587,5114.91,Cash,2025-11-26
ORD01233,Linda Ashley,Owenschester,East,Clothing,Jacket,6,951,5706,672.01,Card,2025-05-26
ORD01234,Amy Gamble,Gabriellemouth,West,Electronics,Laptop,3,1300,3900,507.25,Net Banking,2025-02-03
ORD01235,Daniel Stephens,West Jamesbury,South,Electronics,Laptop,10,3601,36010,10439.17,UPI,2024-10-12
ORD01236,Patricia Knight,West Elizabeth,West,Clothing,Jeans,3,3254,9762,1348.64,Net Banking,2025-05-21
ORD01237,John Robles,East Ellen,West,Groceries,Bread,3,2114,6342,924.64,Net Banking,2025-07-16
ORD01238,Evan Sanchez,Darlenetown,South,Sports,Cricket Bat,7,784,5488,1071.48,UPI,2025-03-07
ORD01239,Christopher Reed,Lopezside,East,Furniture,Sofa,1,1765,1765,526.81,Net Banking,2024-01-18
ORD01240,Michelle Sanchez,Randallshire,East,Furniture,Chair,1,2961,2961,415.18,Net Banking,2024-05-22
ORD01241,Lori James,Beckyton,South,Furniture,Bed,4,1826,7304,1876.8,UPI,2024-02-27
ORD01242,Adrian Peterson,North Maria,North,Furniture,Bed,1,3579,3579,511.51,UPI,2025-12-19
ORD01243,Kathy Myers,South Charlesborough,South,Groceries,Milk,1,1303,1303,184.13,UPI,2024-03-21
ORD01244,Tasha Perez,Chadton,East,Electronics,Headphones,3,1594,4782,800.7,Net Banking,2024-05-23
ORD01245,Michael Ferguson,West Sandraview,North,Groceries,Bread,8,208,1664,202.5,UPI,2024-06-08
ORD01246,Ms. Kathryn Snyder,Michelleshire,West,Sports,Cricket Bat,9,1413,12717,670.4,Card,2025-03-09
ORD01247,Brandy Jones,South Maryside,North,Sports,Tennis Racket,4,3570,14280,4039.28,Net Banking,2024-10-05
ORD01248,Marc Browning,Arianaport,North,Furniture,Table,7,558,3906,409.06,Net Banking,2024-07-07
ORD01249,Jeffrey Baker,New Michael,West,Groceries,Bread,7,3216,22512,2053.23,Cash,2025-01-15
ORD01250,Mr. Ronald Mendoza,East Lawrenceburgh,North,Clothing,T-Shirt,2,737,1474,207.36,Cash,2024-12-09
ORD01251,Brent Robertson,West Mark,North,Clothing,Jeans,9,972,8748,580.25,Card,2025-09-03
ORD01252,Travis Bennett,Thompsonton,North,Furniture,Table,1,2068,2068,242.56,Net Banking,2025-08-06
ORD01253,Jennifer Rosales,South Kristenhaven,East,Electronics,Laptop,6,863,5178,1480.27,Card,2024-01-09
ORD01254,Megan Trujillo,West Austin,North,Groceries,Milk,6,3300,19800,4582.16,Card,2024-05-12
ORD01255,Teresa Hall,Wongberg,West,Groceries,Rice,9,1330,11970,669.38,UPI,2025-01-26
ORD01256,Lisa Townsend,Lake Lisa,North,Clothing,Jeans,3,3893,11679,813.89,Cash,2025-10-02
ORD01257,Jody Allison,Lake Peterbury,East,Furniture,Table,3,4209,12627,2261.18,Net Banking,2025-09-15
ORD01258,Kenneth Becker,North Tanner,North,Furniture,Sofa,5,3051,15255,3140.51,Net Banking,2025-03-17
ORD01259,Calvin Foster,New Kyleview,West,Furniture,Table,10,714,7140,2067.06,UPI,2025-08-03
ORD01260,Amber Wilkins,South Elizabethburgh,West,Electronics,Phone,5,4582,22910,6114.3,UPI,2024-03-30
ORD01261,Wesley Vance,Port Karen,East,Groceries,Bread,3,2521,7563,683.45,Card,2024-10-13
ORD01262,Janice Berry,Walkerfurt,East,Electronics,Laptop,3,3874,11622,1330.56,Net Banking,2025-04-29
ORD01263,Susan Webster,Port Melissa,West,Furniture,Chair,10,4099,40990,2455.23,Net Banking,2024-10-20
ORD01264,Kenneth Eaton,New Anita,East,Sports,Cricket Bat,8,3104,24832,4423.07,Card,2025-10-01
ORD01265,Maria Rivers,Lake Josephport,North,Electronics,Headphones,9,3787,34083,3943.64,UPI,2025-11-29
ORD01266,Curtis Gutierrez,Vaughnburgh,West,Furniture,Chair,3,962,2886,354.01,UPI,2024-06-11
ORD01267,Sonya Davis,Samanthamouth,West,Furniture,Bed,8,865,6920,949.66,UPI,2025-04-24
ORD01268,Angela Ortiz,South Alan,West,Electronics,Phone,2,3351,6702,1622.25,Card,2024-07-23
ORD01269,Joseph Estes,Lake Williamburgh,North,Electronics,Tablet,6,4083,24498,2527.18,Card,2025-05-02
ORD01270,Charles Perez,Lake Elizabethville,South,Groceries,Rice,9,1375,12375,3553.28,Card,2024-05-29
ORD01271,Jason Anthony,New Frank,West,Sports,Football,10,3215,32150,2109.04,Net Banking,2025-01-05
ORD01272,Joseph Smith,Port Jasonborough,West,Furniture,Chair,4,287,1148,330.81,Card,2025-12-01
ORD01273,Wayne Ryan,West Mirandaport,North,Clothing,Jeans,2,1261,2522,169.77,Card,2025-02-18
ORD01274,Jonathan Dillon,Drewshire,South,Groceries,Eggs,9,1853,16677,3625.76,UPI,2024-09-22
ORD01275,Shannon Hunter,Brianchester,West,Electronics,Headphones,6,2532,15192,1384.5,Net Banking,2024-12-23
ORD01276,Joshua Hill,Andreaburgh,West,Groceries,Milk,7,3005,21035,5850.87,UPI,2025-08-07
ORD01277,Randy Romero,Mariachester,East,Sports,Cricket Bat,2,4838,9676,1975.14,UPI,2024-11-27
ORD01278,Rachel Hall,Port Joseph,West,Furniture,Bed,3,4191,12573,3345.37,Card,2024-04-26
ORD01279,Dr. Roberto Taylor DDS,Hendersonburgh,North,Sports,Football,8,1129,9032,1883.83,UPI,2025-10-16
ORD01280,Jorge Tyler,New Donald,West,Furniture,Table,7,4573,32011,7797.75,Cash,2025-09-07
ORD01281,Heather Reynolds,North Charlesstad,East,Clothing,Jeans,4,4825,19300,5573.38,UPI,2025-01-14
ORD01282,Katherine Cook,South Christopher,West,Clothing,Jacket,9,1121,10089,2268.3,Net Banking,2025-10-26
ORD01283,Kristin Blankenship,South Christophermouth,North,Groceries,Bread,6,4543,27258,4264.85,Cash,2024-12-09
ORD01284,Karen Miles,Port Joseph,West,Groceries,Eggs,6,1549,9294,1749.02,Net Banking,2024-06-15
ORD01285,Cindy Lopez,South Shawn,North,Clothing,Shoes,5,912,4560,1362.71,UPI,2024-04-16
ORD01286,Peter Townsend,Hawkinsville,North,Sports,Gym Gloves,2,4166,8332,1978.73,Net Banking,2025-09-30
ORD01287,Diana Ross,South Nichole,West,Sports,Football,5,3545,17725,1825.1,UPI,2025-04-10
ORD01288,Erin Hernandez,Russellville,West,Furniture,Bed,2,2972,5944,1735.08,Net Banking,2025-04-20
ORD01289,Patricia Woodward,Shelbyside,East,Electronics,Tablet,4,4257,17028,2058.7,Card,2025-11-05
ORD01290,Jennifer Jimenez,Parsonsmouth,South,Groceries,Milk,1,3496,3496,203.36,Card,2024-01-27
ORD01291,Tracy Richardson,Port Sarahborough,South,Sports,Tennis Racket,6,1496,8976,2601.16,Net Banking,2025-03-16
ORD01292,Douglas Flowers,North James,West,Furniture,Bed,1,4833,4833,760.11,Cash,2025-10-13
ORD01293,Erik Larson,New Tracey,South,Groceries,Bread,9,1397,12573,2003.51,UPI,2024-04-11
ORD01294,Mrs. Amy Morales MD,Adamston,South,Sports,Gym Gloves,5,4629,23145,2077.57,UPI,2024-11-26
ORD01295,David Beck,Pollardport,South,Electronics,Laptop,7,194,1358,281.41,UPI,2025-08-30
ORD01296,Ronnie Bailey,North Bryan,West,Sports,Football,10,3232,32320,1820.34,Card,2024-05-13
ORD01297,Alicia Thompson,West Joseph,West,Furniture,Table,4,2532,10128,997.17,Card,2024-09-08
ORD01298,John Graham,South Peggybury,North,Electronics,Tablet,2,1277,2554,528.32,UPI,2025-10-15
ORD01299,Erica Mcgee,New Sharonberg,North,Groceries,Rice,2,1261,2522,304.19,UPI,2024-07-03
ORD01300,Calvin Hall,Myersburgh,West,Groceries,Bread,4,3301,13204,992.52,UPI,2024-01-23
ORD01301,Justin Patterson,Port Michael,West,Groceries,Rice,4,3539,14156,2035.83,Cash,2024-11-17
ORD01302,Tim Rivera,Russoshire,North,Furniture,Sofa,1,1563,1563,335.91,UPI,2025-10-08
ORD01303,Timothy Blair,East Jeffrey,East,Clothing,Jacket,8,4576,36608,1876.29,UPI,2025-06-18
ORD01304,Tina Lowe,Holmesside,South,Furniture,Chair,9,288,2592,465.26,Card,2024-06-05
ORD01305,Matthew Erickson,North Nathaniel,South,Electronics,Phone,1,2783,2783,235.56,Card,2024-03-26
ORD01306,Tonya Wilkerson,West Chad,East,Clothing,Shoes,4,853,3412,467.92,Net Banking,2025-07-18
ORD01307,Colleen Guzman,Catherinebury,South,Groceries,Eggs,9,3376,30384,8525.36,Cash,2024-09-13
ORD01308,Michael Perry,Hensleyborough,East,Clothing,Shoes,2,4881,9762,2423.79,Cash,2025-08-24
ORD01309,Molly Black,Spearsborough,East,Furniture,Bed,7,3754,26278,4097.64,UPI,2024-10-05
ORD01310,Kayla Jones,Nicholsport,North,Sports,Gym Gloves,7,1736,12152,2330.58,Net Banking,2025-01-17
ORD01311,Rachel Glass,Youngtown,East,Furniture,Chair,9,2173,19557,3847.2,Net Banking,2024-10-27
ORD01312,Lori Garza,East Gerald,East,Electronics,Laptop,3,2743,8229,1294.81,Cash,2024-07-09
ORD01313,Donald Guzman,South Jennifer,North,Electronics,Phone,6,3147,18882,1628.76,UPI,2024-11-17
ORD01314,Mary Choi,Cassandraside,South,Clothing,T-Shirt,6,1851,11106,1847.42,UPI,2024-11-25
ORD01315,Laura Villa,Briantown,East,Groceries,Bread,10,1838,18380,3341.77,UPI,2024-04-15
ORD01316,Rachel Odonnell,East Hunter,South,Sports,Gym Gloves,7,2703,18921,4793.61,UPI,2024-07-21
ORD01317,Pamela Campbell,Kaylamouth,West,Groceries,Eggs,1,2348,2348,364.67,Cash,2024-05-07
ORD01318,Stephanie Thomas,New Kathryntown,East,Sports,Tennis Racket,10,3236,32360,3530.65,UPI,2024-01-22
ORD01319,Lance Walters,Hernandezside,North,Sports,Football,8,2429,19432,1608.28,UPI,2025-02-16
ORD01320,Jeffery Gaines,Rosefort,East,Clothing,T-Shirt,2,3949,7898,582.71,Card,2025-03-01
ORD01321,David Munoz,East Jeanne,West,Clothing,Jacket,7,753,5271,996.81,UPI,2024-11-16
ORD01322,Mary Lewis,Whitneyborough,East,Groceries,Bread,8,4141,33128,8685.1,UPI,2024-05-04
ORD01323,Audrey Perry,Hughesfort,West,Electronics,Phone,1,185,185,15.67,Cash,2024-11-26
ORD01324,Christine Taylor,West Travis,North,Furniture,Chair,4,3121,12484,3171.4,UPI,2025-07-04
ORD01325,Christina Williams,Lake Carloston,East,Clothing,T-Shirt,2,493,986,282.77,Card,2024-03-17
ORD01326,Mrs. Kristi Wong DDS,Lake Cheryltown,West,Sports,Gym Gloves,5,1495,7475,2102.08,UPI,2025-08-20
ORD01327,Shelia Collins,Jensenport,West,Furniture,Sofa,3,4885,14655,3985.42,UPI,2025-02-27
ORD01328,Derek Castro,New Emily,East,Sports,Cricket Bat,10,4015,40150,8644.99,Net Banking,2024-10-14
ORD01329,Lisa Pittman,Diazmouth,South,Furniture,Chair,5,2526,12630,2877.69,Cash,2024-12-27
ORD01330,Joseph Campbell,North Kristinland,South,Electronics,Laptop,8,593,4744,489.2,Net Banking,2025-11-17
ORD01331,Natasha White,Crystalside,East,Groceries,Milk,8,956,7648,1033.34,Card,2025-08-27
ORD01332,Kimberly Sandoval,New Amanda,East,Groceries,Milk,9,965,8685,2419.04,Net Banking,2024-08-12
ORD01333,Maria Davis,Kylefort,South,Groceries,Milk,7,1639,11473,770.52,Card,2025-03-09
ORD01334,Debra Fuller,New Charlesville,South,Sports,Football,3,3876,11628,3128.5,UPI,2024-04-22
ORD01335,Joshua Collins,Kentbury,West,Groceries,Milk,5,334,1670,282.33,Card,2025-06-27
ORD01336,Christina Burgess,Wongmouth,South,Clothing,T-Shirt,9,788,7092,983.0,Net Banking,2024-08-05
ORD01337,Stephen Poole,North Sarah,East,Sports,Gym Gloves,9,2833,25497,1613.69,UPI,2024-10-06
ORD01338,Amanda Roberts,Thomasburgh,South,Electronics,Headphones,7,1688,11816,1459.29,Card,2025-02-16
ORD01339,Justin Crawford,South Brianchester,South,Sports,Gym Gloves,9,3651,32859,2539.87,UPI,2024-02-21
ORD01340,Amy Gomez,Yoderborough,North,Furniture,Chair,1,392,392,75.97,UPI,2024-09-01
ORD01341,Benjamin Stephens,East Kellyport,South,Clothing,Jeans,10,3414,34140,5051.94,Card,2024-04-13
ORD01342,Michael Livingston,Wadeville,East,Groceries,Milk,3,1767,5301,725.75,UPI,2024-10-21
ORD01343,Jason Eaton,Kellyville,South,Electronics,Phone,9,4005,36045,8462.38,Cash,2025-12-05
ORD01344,Victoria Roman,South Kevin,South,Clothing,T-Shirt,3,1634,4902,652.16,UPI,2025-04-11
ORD01345,Samantha Krueger,South Anna,North,Groceries,Eggs,6,270,1620,152.89,Cash,2024-09-27
ORD01346,Makayla Butler,Donnamouth,West,Electronics,Tablet,8,4877,39016,1960.62,UPI,2024-09-10
ORD01347,Robert Marquez,Collinsside,South,Electronics,Laptop,10,2481,24810,6421.81,Cash,2025-06-21
ORD01348,Ashley Phillips,Allisonton,East,Electronics,Laptop,5,2849,14245,2324.13,Net Banking,2024-12-25
ORD01349,Linda Griffin,New Matthew,East,Clothing,Jacket,8,211,1688,433.71,Net Banking,2024-11-04
ORD01350,Zachary Walker,Lake Sylviaview,South,Electronics,Tablet,9,269,2421,210.57,Cash,2025-02-24
ORD01351,Robert Young,South Bryanburgh,West,Clothing,Shoes,1,2101,2101,408.43,Card,2025-12-13
ORD01352,Oscar Rodriguez MD,Lake Natashaview,West,Furniture,Chair,4,3194,12776,2678.92,Cash,2024-10-07
ORD01353,Katherine Schultz,Whitneyfurt,East,Clothing,Jacket,6,3303,19818,3909.83,Cash,2024-10-09
ORD01354,Samuel Archer,Leeton,East,Electronics,Tablet,10,1107,11070,1753.1,Card,2025-04-10
ORD01355,Nathaniel Eaton,New Anthony,East,Electronics,Laptop,8,1305,10440,1739.09,Cash,2024-06-02
ORD01356,Daniel Jones,Kaylaport,West,Clothing,Shoes,5,629,3145,786.08,UPI,2024-01-16
ORD01357,Oscar Green,East Johnstad,North,Furniture,Sofa,10,1111,11110,703.24,Net Banking,2024-11-09
ORD01358,Daniel Smith,Howellstad,South,Clothing,T-Shirt,1,2159,2159,182.28,UPI,2024-10-17
ORD01359,Richard Carter,New Christopherport,East,Clothing,Jeans,4,3639,14556,2857.43,Cash,2024-03-23
ORD01360,David Rodriguez,South Valerieberg,West,Electronics,Headphones,6,2137,12822,3243.03,Net Banking,2025-10-14
ORD01361,Tracy Turner,East Mollychester,West,Groceries,Rice,5,2574,12870,2564.47,Card,2024-06-26
ORD01362,Vincent Rodriguez,Ianstad,South,Sports,Cricket Bat,4,2148,8592,721.06,Card,2025-07-21
ORD01363,Amber Russo,Kellyborough,South,Clothing,T-Shirt,5,4742,23710,6681.0,Net Banking,2025-04-17
ORD01364,Connie Smith,North Christopherhaven,East,Groceries,Rice,3,4413,13239,2124.53,Net Banking,2024-11-16
ORD01365,Blake Bennett,Bradleyburgh,North,Clothing,Shoes,8,3544,28352,8232.34,UPI,2025-04-17
ORD01366,Gilbert Simpson,West Dustin,East,Groceries,Rice,3,2577,7731,1906.91,Cash,2025-08-17
ORD01367,Jacqueline Dominguez,Joyceshire,North,Sports,Tennis Racket,1,3316,3316,270.2,Net Banking,2025-11-17
ORD01368,Jennifer Nunez,Port Kayla,North,Sports,Gym Gloves,1,793,793,50.49,Card,2025-10-27
ORD01369,Joshua Bell,West Teresafort,North,Sports,Football,5,4732,23660,4030.88,UPI,2024-12-05
ORD01370,Nicholas Lopez,Bishophaven,South,Sports,Football,4,4329,17316,1489.83,Cash,2025-05-22
ORD01371,Ryan Phillips,Wilsonmouth,South,Furniture,Sofa,5,152,760,191.07,UPI,2025-09-30
ORD01372,Amanda Chase,Juliabury,South,Electronics,Laptop,3,1091,3273,588.99,UPI,2024-09-10
ORD01373,Robert Harmon,Danielsport,East,Groceries,Rice,9,3735,33615,4964.21,Net Banking,2024-05-04
ORD01374,Shannon Boyd,Perryborough,West,Groceries,Milk,4,4578,18312,2107.12,UPI,2025-09-19
ORD01375,Randall Mooney,New Jimside,South,Groceries,Milk,1,1613,1613,137.78,Cash,2025-11-04
ORD01376,Audrey Mccullough,Johnchester,North,Sports,Cricket Bat,8,4035,32280,3954.59,Net Banking,2025-11-14
ORD01377,Julie Waters MD,Michelleshire,West,Clothing,Jacket,7,3260,22820,5121.11,Net Banking,2024-04-19
ORD01378,Krystal Powell,Paulberg,West,Groceries,Milk,1,2421,2421,397.7,UPI,2025-07-31
ORD01379,Brian Espinoza,North Brian,South,Sports,Tennis Racket,1,3741,3741,226.92,Net Banking,2024-12-29
ORD01380,Alejandro Edwards,Lake Mirandaland,South,Groceries,Bread,1,1396,1396,194.65,Card,2025-05-30
ORD01381,Jonathan Houston,Martinezmouth,East,Sports,Gym Gloves,9,614,5526,517.37,Card,2024-06-04
ORD01382,Adam Hayden,Rhodesburgh,West,Groceries,Milk,5,2581,12905,3624.62,Net Banking,2024-03-10
ORD01383,Samantha Lopez,Brandonborough,East,Groceries,Milk,10,4253,42530,10370.92,Cash,2025-06-22
ORD01384,Jennifer Conway,New Jonathan,South,Clothing,Jacket,10,3407,34070,2279.03,Cash,2024-01-31
ORD01385,Dawn Holland,Port Joanna,South,Electronics,Laptop,8,4002,32016,4191.37,UPI,2024-08-25
ORD01386,Michael Brown,Martinezmouth,North,Furniture,Bed,7,627,4389,287.4,UPI,2024-09-13
ORD01387,Mr. David White MD,Maryfort,North,Electronics,Headphones,6,341,2046,574.7,Net Banking,2024-11-24
ORD01388,Anne Williams,Cherylfort,West,Groceries,Milk,10,4658,46580,4654.91,Net Banking,2024-09-15
ORD01389,Lisa Lawson,Nicholsport,South,Clothing,Jeans,4,1427,5708,904.81,UPI,2025-06-25
ORD01390,Jeffrey Smith,South Hunter,North,Sports,Football,2,1767,3534,206.07,Card,2024-05-23
ORD01391,Robert Barber,Gregoryborough,West,Groceries,Rice,6,1618,9708,2141.49,Cash,2025-10-19
ORD01392,Allen Alvarez,North Erinbury,South,Furniture,Bed,9,2984,26856,3736.24,UPI,2025-07-26
ORD01393,Catherine Murillo,East Cristianside,East,Groceries,Eggs,7,680,4760,915.29,UPI,2024-05-10
ORD01394,David Hooper,Wayneport,North,Electronics,Headphones,4,521,2084,417.58,Cash,2024-12-04
ORD01395,Mary Cox,South Mirandaborough,East,Clothing,Jacket,7,3031,21217,1421.29,UPI,2024-06-10
ORD01396,James Ward,Josephburgh,North,Sports,Cricket Bat,9,4196,37764,4836.05,UPI,2025-09-25
ORD01397,Joseph Booth,New Abigail,East,Sports,Gym Gloves,5,345,1725,100.17,Cash,2025-03-07
ORD01398,Aaron Sutton,Englishborough,North,Clothing,T-Shirt,3,1773,5319,993.44,Cash,2024-12-03
ORD01399,Dominique Orr,New Sean,West,Groceries,Rice,10,389,3890,530.83,UPI,2024-03-13
ORD01400,Mark Saunders,Millerton,North,Sports,Gym Gloves,3,2316,6948,1603.82,Net Banking,2024-04-16
ORD01401,Noah Diaz,Smithshire,North,Sports,Cricket Bat,6,3634,21804,3693.56,UPI,2024-08-21
ORD01402,Andrea Hernandez MD,South Matthew,West,Electronics,Phone,9,3207,28863,6363.87,UPI,2024-01-19
ORD01403,Andrew Edwards,North Donald,South,Groceries,Eggs,3,3620,10860,2447.13,UPI,2025-07-16
ORD01404,Desiree Anderson,New Veronicaburgh,West,Groceries,Rice,10,3112,31120,4292.92,UPI,2024-12-17
ORD01405,William Jefferson DDS,Bryanbury,North,Furniture,Table,2,4921,9842,516.83,UPI,2025-02-26
ORD01406,Michael Weaver,New Samuelfort,East,Furniture,Chair,2,564,1128,92.13,UPI,2024-07-03
ORD01407,Tiffany Compton,West Briannamouth,West,Clothing,Jacket,10,2100,21000,6289.97,Net Banking,2024-05-12
ORD01408,Julia Ingram,Brownside,West,Electronics,Laptop,2,2149,4298,1223.18,Card,2024-07-29
ORD01409,Adam Manning,Kentland,South,Furniture,Bed,5,3105,15525,3804.43,Card,2024-10-26
ORD01410,Roger Murphy,East Sabrina,West,Clothing,T-Shirt,1,2939,2939,808.54,Card,2025-12-23
ORD01411,Amy Eaton,South Nicole,South,Electronics,Phone,3,4367,13101,1410.11,UPI,2025-07-20
ORD01412,Robert Fox,Lake Kelly,West,Clothing,Jeans,1,2025,2025,454.79,UPI,2025-10-27
ORD01413,William Hernandez,Williamsmouth,East,Electronics,Headphones,1,2314,2314,276.5,UPI,2025-01-28
ORD01414,Russell York,Port Samantha,West,Electronics,Tablet,10,3245,32450,5641.09,Net Banking,2025-01-26
ORD01415,Jessica Roberts,Port Jamesmouth,North,Electronics,Phone,4,3207,12828,1232.86,Card,2025-03-17
ORD01416,Ian Valencia,Sparksfort,South,Electronics,Tablet,1,2854,2854,801.05,UPI,2024-09-25
ORD01417,John Bernard,North Brandi,West,Clothing,Shoes,7,567,3969,999.59,Card,2025-07-20
ORD01418,Stephanie Church,New Rachelside,East,Sports,Gym Gloves,7,4790,33530,7705.36,Cash,2025-06-15
ORD01419,Raven Decker,Dianaton,East,Groceries,Eggs,4,1180,4720,1307.1,UPI,2024-10-14
ORD01420,Christopher Smith MD,East Emilymouth,East,Furniture,Sofa,6,4778,28668,4261.51,Card,2025-09-22
ORD01421,Julia Bolton,Wileyview,East,Clothing,Jacket,10,201,2010,162.96,Card,2025-08-05
ORD01422,Teresa Green,South Samuelshire,North,Furniture,Bed,8,241,1928,308.44,Card,2025-04-22
ORD01423,Natalie Craig,Walkershire,East,Groceries,Milk,7,579,4053,789.9,Card,2024-03-22
ORD01424,Joshua Cooley,New Sarah,East,Electronics,Headphones,3,2213,6639,1603.28,Net Banking,2024-10-09
ORD01425,Amanda Mooney,North Mallory,North,Furniture,Table,3,1303,3909,1046.87,Cash,2025-11-02
ORD01426,Amanda Hopkins,Dianetown,East,Electronics,Laptop,3,4251,12753,3381.36,UPI,2025-08-16
ORD01427,Michael Barton,South Ericview,East,Sports,Cricket Bat,1,2222,2222,652.87,UPI,2024-01-17
ORD01428,Christopher Garner,North Bryanfort,North,Sports,Cricket Bat,6,994,5964,413.72,UPI,2025-03-30
ORD01429,Alan Lutz,Bryantberg,West,Furniture,Table,6,4772,28632,4089.79,UPI,2025-11-28
ORD01430,Stephen Romero,Shawmouth,East,Groceries,Bread,3,302,906,119.26,Net Banking,2025-01-03
ORD01431,Heather Shelton MD,New Johntown,East,Clothing,Shoes,5,355,1775,159.89,Cash,2024-02-15
ORD01432,Yesenia Bishop,New Amy,East,Sports,Football,2,1832,3664,923.36,Cash,2025-06-07
ORD01433,Dr. Duane Martinez MD,West Ryan,North,Groceries,Rice,3,3221,9663,2325.43,UPI,2025-10-26
ORD01434,Susan Lane,Port Chad,North,Furniture,Bed,9,1093,9837,2576.3,Net Banking,2025-06-24
ORD01435,Andrew Long PhD,Port Laurenton,East,Sports,Gym Gloves,6,2305,13830,1365.79,Cash,2025-08-12
ORD01436,Jose Brown,Ryanland,South,Clothing,Jeans,6,1991,11946,1958.61,Net Banking,2024-04-28
ORD01437,Michael Mitchell,North Angela,East,Groceries,Bread,2,2983,5966,1134.22,Net Banking,2024-03-19
ORD01438,Ethan Norton,Lake Barbara,South,Sports,Cricket Bat,8,3531,28248,3034.99,Net Banking,2024-05-08
ORD01439,Kim Griffin,East Alicia,East,Sports,Cricket Bat,10,2232,22320,5556.88,UPI,2024-12-15
ORD01440,Alexandria Gomez,West Lori,West,Electronics,Headphones,7,4237,29659,8773.49,Cash,2025-08-12
ORD01441,Jonathan Carey,South Christine,West,Furniture,Bed,1,1466,1466,117.57,UPI,2024-09-26
ORD01442,Christopher Mitchell,Pinedamouth,South,Furniture,Chair,7,296,2072,461.04,Net Banking,2024-03-15
ORD01443,David Wright,North Marthastad,East,Groceries,Bread,3,3395,10185,2283.8,UPI,2024-09-04
ORD01444,Anthony Watson,North Nicholas,North,Clothing,Jacket,10,982,9820,2931.6,Card,2024-02-16
ORD01445,Alex Flores,Davishaven,South,Groceries,Eggs,8,3669,29352,3590.42,Cash,2025-05-03
ORD01446,Michelle Juarez,Jacquelineborough,West,Sports,Football,3,163,489,97.01,Net Banking,2025-01-13
ORD01447,Lindsay Mendoza,Pooleburgh,North,Clothing,Shoes,3,4267,12801,2952.34,Cash,2024-10-13
ORD01448,David Gregory DVM,Lake Kimberlyfort,West,Clothing,Shoes,6,495,2970,567.37,Card,2025-06-21
ORD01449,Nicholas Johnson,South Rachael,South,Clothing,Shoes,6,1561,9366,2700.95,Net Banking,2024-02-12
ORD01450,Jessica Schwartz,South Shellyshire,South,Sports,Tennis Racket,10,2675,26750,2002.68,UPI,2024-10-18
ORD01451,Bryan Boyer,Jamesport,East,Clothing,Jacket,8,3695,29560,3130.65,Card,2024-06-22
ORD01452,Joshua Garza,Yorkfurt,South,Sports,Football,4,2382,9528,812.27,UPI,2024-07-30
ORD01453,Keith Hamilton,New Kellystad,West,Sports,Football,9,4506,40554,10128.28,UPI,2024-01-07
ORD01454,Krystal Klein,Johnchester,South,Clothing,Jeans,5,4778,23890,3741.79,Net Banking,2025-03-31
ORD01455,Billy Gonzalez,Anafurt,East,Clothing,T-Shirt,2,3740,7480,2036.21,UPI,2025-05-20
ORD01456,Kenneth Hartman,Davidshire,North,Furniture,Sofa,2,2997,5994,1503.96,Card,2024-08-15
ORD01457,Christopher Chase,Millerland,North,Furniture,Sofa,5,3814,19070,3960.0,Card,2025-06-09
ORD01458,Harold House,North Nicoleview,North,Electronics,Headphones,2,4370,8740,1130.8,UPI,2025-07-25
ORD01459,Sydney Thompson,Christinemouth,South,Furniture,Table,10,3181,31810,8525.99,Card,2024-08-13
ORD01460,Diane Ball,South Joshua,South,Groceries,Milk,8,1632,13056,3047.14,Cash,2024-10-16
ORD01461,Joshua Crawford,Smithfort,South,Electronics,Phone,1,3657,3657,244.34,Cash,2025-07-25
ORD01462,Jennifer Brandt,Michaelbury,East,Electronics,Headphones,5,3215,16075,3339.69,Net Banking,2024-08-28
ORD01463,Joshua Espinoza,Lake Taylor,West,Sports,Cricket Bat,5,1999,9995,2686.25,Net Banking,2025-11-15
ORD01464,Cynthia Hansen,North Markchester,North,Groceries,Bread,9,4040,36360,4503.34,Card,2024-08-12
ORD01465,Jamie Wagner,Jamesberg,South,Groceries,Eggs,6,2126,12756,2750.25,Net Banking,2024-04-28
ORD01466,Margaret Cohen,Mackmouth,West,Clothing,T-Shirt,6,3361,20166,4561.64,Net Banking,2025-05-10
ORD01467,Mrs. Theresa Austin MD,West Clarencemouth,North,Furniture,Chair,5,2294,11470,2028.72,Card,2025-02-22
ORD01468,David Gray,Pattonview,West,Clothing,Jacket,7,3306,23142,5837.75,Card,2025-03-11
ORD01469,Suzanne Harrington,New Cory,East,Electronics,Tablet,8,1893,15144,2043.84,Net Banking,2024-02-16
ORD01470,Diana Long,South Denise,North,Groceries,Milk,10,1464,14640,2693.81,Card,2025-10-02
ORD01471,Andrea Smith,East Jasonfurt,East,Furniture,Chair,1,3206,3206,232.64,Card,2025-12-22
ORD01472,Christina Johnson,West Kathryn,South,Sports,Football,1,4348,4348,446.17,Cash,2025-07-02
ORD01473,Daisy Perez,Lake Mark,East,Sports,Gym Gloves,4,2477,9908,2480.18,Net Banking,2025-01-17
ORD01474,Michelle King,Lake Ernest,North,Furniture,Table,1,395,395,103.24,Net Banking,2025-06-23
ORD01475,David Black,Westside,South,Groceries,Rice,3,2419,7257,909.79,UPI,2024-08-23
ORD01476,Tony Duncan,Lewisland,North,Clothing,T-Shirt,7,3382,23674,1960.17,UPI,2024-10-03
ORD01477,Stephanie Torres,North Omarborough,South,Electronics,Headphones,1,220,220,51.85,UPI,2025-07-08
ORD01478,Elizabeth Johnson,Port Shannon,North,Sports,Gym Gloves,4,2657,10628,2616.54,Card,2025-03-11
ORD01479,Elizabeth Morrison,Lake Crystalbury,West,Clothing,Shoes,4,916,3664,425.27,Net Banking,2025-11-02
ORD01480,Nathan Garrison,North Jesse,East,Clothing,Shoes,2,1920,3840,1120.21,Net Banking,2025-07-28
ORD01481,Brian Sanchez,North Tylerton,East,Clothing,Jeans,7,241,1687,503.21,UPI,2025-02-07
ORD01482,Tiffany Jacobs,Vincentberg,West,Groceries,Milk,10,303,3030,452.49,Card,2024-08-25
ORD01483,Mary Cortez,North Collinfort,North,Groceries,Rice,5,2823,14115,1213.08,UPI,2025-10-07
ORD01484,Erin Stewart,Rodriguezview,South,Sports,Cricket Bat,4,4112,16448,3262.5,Net Banking,2024-03-26
ORD01485,Willie Gill,West Amy,West,Sports,Gym Gloves,9,4741,42669,10246.76,Card,2024-03-01
ORD01486,Ana Jackson,Stephanieview,West,Groceries,Bread,6,1333,7998,472.9,UPI,2025-12-06
ORD01487,Ashley Mitchell,Brownborough,South,Clothing,Jeans,9,4103,36927,6883.09,Card,2024-11-16
ORD01488,Christopher Hammond,New Alexandra,North,Groceries,Eggs,9,4644,41796,11061.86,Net Banking,2024-03-24
ORD01489,Victoria Pena,North Sara,South,Electronics,Headphones,3,211,633,57.3,Cash,2024-05-04
ORD01490,Stephen Cruz,Barryfurt,West,Groceries,Rice,1,3574,3574,621.15,Cash,2025-10-03
ORD01491,Ronnie West,West Kristaton,East,Sports,Gym Gloves,7,175,1225,152.13,Card,2025-03-21
ORD01492,Sharon Willis,North Jeremiahbury,South,Sports,Tennis Racket,10,3144,31440,6003.55,Card,2024-06-18
ORD01493,Briana Powell,Jenniferchester,West,Sports,Cricket Bat,10,3141,31410,5648.93,Net Banking,2024-09-14
ORD01494,Laura Delgado,Lake Michaelville,North,Furniture,Sofa,3,1445,4335,785.05,Card,2025-04-30
ORD01495,Jesse Nelson,Miguelstad,East,Groceries,Milk,3,3954,11862,791.93,Cash,2024-01-06
ORD01496,Jenny Griffin,North Richard,West,Furniture,Chair,9,3856,34704,4607.26,Cash,2024-03-03
ORD01497,Joanne Watkins,New Raymondfort,South,Electronics,Tablet,9,1951,17559,2392.23,Card,2024-01-15
ORD01498,Jason Brown,South Keithbury,East,Clothing,Shoes,10,2604,26040,3692.96,Cash,2025-02-16
ORD01499,Stephen Maynard,Lake Samuel,North,Electronics,Phone,2,1873,3746,449.51,Cash,2024-09-26
ORD01500,Matthew Parker,Cathyburgh,East,Sports,Gym Gloves,6,4815,28890,7020.12,Net Banking,2025-08-29
ORD01501,Monique Mejia,Benjaminland,South,Furniture,Table,1,1999,1999,594.25,Cash,2024-04-03
ORD01502,Anthony Garcia,New Nicoleville,South,Furniture,Bed,1,2748,2748,190.84,Net Banking,2024-02-23
ORD01503,Cynthia Johnson,West David,South,Groceries,Eggs,6,2578,15468,2708.35,Net Banking,2024-04-30
ORD01504,Rachel Evans,Riverachester,East,Groceries,Eggs,8,3008,24064,3078.76,UPI,2025-06-18
ORD01505,Kristina Torres,South Deanbury,West,Sports,Cricket Bat,3,2375,7125,1623.34,Net Banking,2025-03-23
ORD01506,Christy Medina,Smithshire,North,Clothing,T-Shirt,9,3666,32994,7028.48,Card,2024-07-01
ORD01507,Jamie Moore,West Edwardchester,West,Groceries,Bread,7,1851,12957,2646.38,Card,2024-07-14
ORD01508,Christina Bennett,West James,North,Furniture,Chair,4,3721,14884,2087.45,Card,2024-07-18
ORD01509,John Burgess,Davidfurt,East,Clothing,T-Shirt,6,2178,13068,2296.03,UPI,2024-01-14
ORD01510,Jennifer Lee,Lake Coreystad,East,Clothing,Shoes,7,459,3213,960.48,Card,2025-12-22
ORD01511,Harold Esparza,New Jasmineborough,North,Electronics,Laptop,8,3823,30584,5278.04,UPI,2025-04-29
ORD01512,Melissa Johnson,Kevinburgh,South,Clothing,T-Shirt,10,1354,13540,3065.59,UPI,2024-06-30
ORD01513,Morgan Rodriguez,East Michael,East,Groceries,Rice,1,3732,3732,781.37,UPI,2024-03-04
ORD01514,Sydney Roberts,Port Anthonyborough,East,Sports,Tennis Racket,4,236,944,125.71,Cash,2025-11-19
ORD01515,Daryl Moore,New Susan,West,Sports,Tennis Racket,9,216,1944,554.3,UPI,2025-02-16
ORD01516,Ronald Clarke,Hernandezfurt,South,Electronics,Phone,9,1308,11772,2733.92,Net Banking,2024-03-26
ORD01517,Ronald Garcia,Port John,South,Electronics,Tablet,10,1727,17270,3837.03,UPI,2025-02-23
ORD01518,Eric Brown,Garciafort,North,Clothing,Jacket,9,2972,26748,2124.56,Net Banking,2025-04-22
ORD01519,Richard Hall,Nancybury,East,Electronics,Laptop,2,1595,3190,741.32,UPI,2024-07-09
ORD01520,Robert Johnson,New Donside,East,Furniture,Chair,4,3168,12672,2091.99,Cash,2024-09-09
ORD01521,Kirsten Stevenson,Dianeside,East,Furniture,Sofa,1,3207,3207,726.32,Cash,2024-07-01
ORD01522,John Wyatt,South Stephen,South,Sports,Tennis Racket,7,1951,13657,3534.69,Cash,2024-10-06
ORD01523,Daniel Knapp,New Amyville,East,Clothing,Jacket,8,2267,18136,1325.8,Card,2024-12-29
ORD01524,Brandon Cruz MD,Port Tiffany,West,Sports,Gym Gloves,3,400,1200,344.9,Cash,2025-08-22
ORD01525,Drew King,Anthonyville,East,Sports,Cricket Bat,7,2941,20587,4354.19,Cash,2025-11-29
ORD01526,Mario Cordova,Guerramouth,South,Clothing,Jacket,2,4304,8608,2094.78,Net Banking,2024-09-21
ORD01527,Vanessa Long,Richardhaven,West,Clothing,T-Shirt,2,4335,8670,1860.44,Cash,2024-07-09
ORD01528,Gloria Warren,Port Jenniferburgh,North,Groceries,Bread,6,4718,28308,4089.87,Card,2025-08-25
ORD01529,Maria Estrada,Port Michael,East,Electronics,Tablet,1,1400,1400,217.49,UPI,2024-12-08
ORD01530,Timothy Coleman,New Justinbury,North,Furniture,Sofa,5,1433,7165,1194.48,Net Banking,2024-07-09
ORD01531,Miranda Campbell,Lake Brookehaven,West,Sports,Gym Gloves,10,4818,48180,10774.23,Cash,2025-02-12
ORD01532,Michael Morgan,New Ashleymouth,East,Clothing,Jacket,10,2867,28670,4892.23,UPI,2025-02-14
ORD01533,Joanna Becker,Walshberg,West,Furniture,Chair,7,3588,25116,6116.2,UPI,2025-08-14
ORD01534,Edward Lopez,West Deborahberg,South,Furniture,Table,5,4989,24945,7266.7,Cash,2025-06-20
ORD01535,Jeffrey Henderson,South Diana,East,Furniture,Sofa,1,840,840,106.95,Net Banking,2024-05-24
ORD01536,Emily Cox,Port Kevin,South,Groceries,Milk,8,106,848,182.03,Card,2024-07-24
ORD01537,Marvin Williams,Brandyland,North,Clothing,T-Shirt,3,2034,6102,1613.62,Cash,2025-03-23
ORD01538,Angela Powell,West Ericbury,West,Furniture,Sofa,1,4010,4010,360.23,Net Banking,2024-04-12
ORD01539,Donna Gilmore,Brownberg,West,Furniture,Bed,7,3896,27272,6178.64,Cash,2024-04-08
ORD01540,Sierra Russell,Lake Brittney,West,Clothing,Jeans,7,2779,19453,5339.95,Net Banking,2025-11-21
ORD01541,Barbara Ayala,Lake Phillip,North,Sports,Football,6,4100,24600,5349.74,Cash,2025-08-23
ORD01542,Raymond Singh,Harrismouth,North,Sports,Cricket Bat,4,3123,12492,1756.0,Net Banking,2025-05-28
ORD01543,Patricia Martinez,North Sarahborough,East,Electronics,Phone,3,4195,12585,1220.65,Net Banking,2024-08-04
ORD01544,Chad Hughes,Davisstad,East,Electronics,Tablet,7,1573,11011,1722.43,Net Banking,2024-10-18
ORD01545,Ronald Gray,South Brittany,North,Groceries,Rice,5,3554,17770,1686.01,Net Banking,2025-02-11
ORD01546,Yvette Gray,Port Shannonmouth,South,Electronics,Tablet,2,3413,6826,1712.56,Card,2024-01-13
ORD01547,David Lynch,Jenniferberg,West,Furniture,Bed,8,194,1552,266.22,Net Banking,2025-11-17
ORD01548,Jon Rodriguez,Port Josephshire,West,Electronics,Tablet,7,2218,15526,3656.63,Card,2024-04-28
ORD01549,Christine Tanner,Whitneyview,West,Groceries,Bread,9,3088,27792,2165.5,Net Banking,2024-07-02
ORD01550,Nancy Robbins,Millermouth,East,Electronics,Phone,1,2861,2861,821.25,Cash,2025-12-25
ORD01551,Michael Weber,South Kelly,North,Sports,Gym Gloves,7,497,3479,578.18,Net Banking,2024-02-10
ORD01552,Perry Mullins,Michaelberg,East,Groceries,Bread,1,3125,3125,353.38,UPI,2024-12-11
ORD01553,Benjamin Baldwin,Jaredbury,West,Sports,Tennis Racket,3,2502,7506,1045.0,Card,2024-01-18
ORD01554,Janice Keller,East Karenburgh,West,Clothing,T-Shirt,10,1014,10140,1412.61,Cash,2024-02-07
ORD01555,Peter Kennedy,East Christopher,West,Furniture,Chair,9,874,7866,641.19,Net Banking,2024-05-28
ORD01556,Jaime Lopez,Lake Michellehaven,West,Clothing,Jacket,8,2099,16792,4696.62,UPI,2025-06-20
ORD01557,Adrian Delgado,East Betty,North,Electronics,Tablet,6,413,2478,214.81,Net Banking,2025-10-15
ORD01558,Jamie Aguilar,East Karen,South,Sports,Football,6,2573,15438,2402.65,Card,2024-01-23
ORD01559,Kelly Mejia,Owensburgh,South,Electronics,Headphones,2,1669,3338,643.31,UPI,2024-11-06
ORD01560,Donna Miller,Matthewland,South,Clothing,Shoes,4,3679,14716,1746.74,Card,2025-12-06
ORD01561,Christy Diaz,Santosmouth,East,Sports,Football,10,3365,33650,9335.74,Card,2025-11-25
ORD01562,Cynthia Juarez,South Alexandra,South,Electronics,Headphones,4,253,1012,248.46,Card,2025-11-03
ORD01563,Dean Mccann,Gonzalesfurt,North,Clothing,Shoes,10,2706,27060,2010.2,Card,2024-08-18
ORD01564,Karen Poole,Jeremyport,West,Furniture,Chair,10,2457,24570,5701.25,Net Banking,2025-09-15
ORD01565,Kyle Hernandez,Cathyland,North,Sports,Tennis Racket,9,3287,29583,4996.59,Card,2025-07-25
ORD01566,Christina Bennett,Millertown,South,Clothing,Jacket,6,3740,22440,1973.48,Cash,2025-05-25
ORD01567,Hannah Stevenson,South Andrewbury,North,Groceries,Bread,7,364,2548,548.26,Net Banking,2025-08-08
ORD01568,Daniel Smith,Lake Matthew,East,Sports,Tennis Racket,2,1800,3600,853.21,Card,2025-06-26
ORD01569,Jessica Clarke,Hernandezport,South,Clothing,Jacket,8,3928,31424,1803.46,Card,2025-10-01
ORD01570,Todd Golden,Webbbury,West,Sports,Gym Gloves,7,291,2037,484.49,Cash,2024-10-17
ORD01571,Victoria Martin,Andreahaven,South,Groceries,Milk,7,1111,7777,577.4,UPI,2024-08-11
ORD01572,Joseph Espinoza,West Davidville,West,Sports,Tennis Racket,3,1403,4209,1017.39,Card,2025-02-14
ORD01573,Maria Anderson,Lake Brittany,North,Furniture,Bed,10,2384,23840,3095.64,Card,2025-01-06
ORD01574,Gary Martin,Lake Sonia,East,Sports,Gym Gloves,4,3409,13636,2368.69,Net Banking,2025-04-20
ORD01575,Jason Franco,South Coreychester,West,Furniture,Table,7,2462,17234,876.08,Cash,2024-12-08
ORD01576,Cindy Rich,Port Manuelport,South,Electronics,Headphones,10,3525,35250,10348.06,UPI,2025-02-24
ORD01577,Sydney Smith,Wrightberg,West,Sports,Cricket Bat,3,4223,12669,3797.25,UPI,2025-09-05
ORD01578,Jessica Franklin,Jessehaven,North,Clothing,Jeans,3,4763,14289,2948.87,Card,2025-12-01
ORD01579,Jade Chambers,Burtonton,West,Electronics,Headphones,9,4288,38592,10260.05,Card,2024-06-14
ORD01580,Ian Doyle,New Heather,North,Furniture,Table,8,1736,13888,1814.9,UPI,2024-10-27
ORD01581,Allison Hale,South Matthew,South,Furniture,Bed,8,2107,16856,3723.79,Cash,2025-03-30
ORD01582,Brandon Ellis,North Thomasstad,South,Groceries,Rice,10,2813,28130,7539.44,Net Banking,2024-06-12
ORD01583,David Brown,Port Tina,West,Electronics,Laptop,1,3428,3428,914.47,UPI,2025-04-26
ORD01584,Ruth Duffy,Smithburgh,North,Groceries,Bread,9,1091,9819,2248.05,Net Banking,2025-09-13
ORD01585,Cynthia Collins,Montgomeryfort,East,Groceries,Rice,5,3363,16815,4322.75,Net Banking,2024-02-10
ORD01586,Scott Anderson,Williamside,North,Sports,Gym Gloves,7,1116,7812,592.98,Cash,2024-09-25
ORD01587,Janice Russell,Lake Michael,South,Clothing,Shoes,6,1262,7572,2106.86,Card,2025-05-09
ORD01588,Paula Larson,North Kevin,South,Electronics,Tablet,2,3853,7706,2117.6,Card,2025-05-18
ORD01589,Mr. Jake Ryan,West Mario,East,Clothing,Jacket,8,2808,22464,5545.09,Card,2025-12-17
ORD01590,Alicia Luna,West Ann,South,Sports,Football,3,1312,3936,710.23,Card,2024-01-27
ORD01591,Troy Stanley,North Dianeland,East,Sports,Tennis Racket,5,2612,13060,3737.75,Net Banking,2024-06-11
ORD01592,Rhonda Clay,South Brandy,West,Groceries,Bread,3,1153,3459,299.66,Card,2024-10-26
ORD01593,Jesse Evans,North Lauren,North,Furniture,Chair,4,4877,19508,2452.92,Card,2025-08-21
ORD01594,Jill Orr,North Sean,South,Clothing,Shoes,8,1495,11960,3505.49,Card,2025-10-21
ORD01595,April Swanson,North Susantown,West,Sports,Tennis Racket,7,4075,28525,6049.98,Cash,2025-06-21
ORD01596,Michael Singleton,West Carlosfurt,South,Groceries,Eggs,1,630,630,85.42,Cash,2024-11-12
ORD01597,Rachel Andrews,Kingside,West,Furniture,Sofa,10,1079,10790,2292.87,Net Banking,2024-12-31
ORD01598,Patrick Hawkins,Douglasview,North,Sports,Football,9,1970,17730,4172.66,Net Banking,2025-01-07
ORD01599,Kathleen Greene,South Robert,North,Electronics,Tablet,9,650,5850,689.53,UPI,2025-07-01
ORD01600,Jessica Wise,New John,South,Groceries,Milk,4,2197,8788,2191.0,Cash,2024-07-06
ORD01601,Heather Howard,Deleonchester,South,Groceries,Milk,1,2277,2277,428.06,UPI,2024-04-03
ORD01602,Jason Medina,New Ronald,West,Furniture,Sofa,1,1801,1801,192.52,Net Banking,2025-08-22
ORD01603,Erica Gilmore,Harrisside,West,Electronics,Laptop,6,698,4188,415.06,UPI,2024-04-29
ORD01604,Jacob Cruz,South Thomas,West,Groceries,Milk,2,4543,9086,1793.07,Card,2025-09-04
ORD01605,Tiffany Page,New Kevin,West,Sports,Football,10,3620,36200,9603.31,Cash,2024-04-24
ORD01606,Alex Hall,Port Jamesside,East,Sports,Gym Gloves,1,2162,2162,515.94,Net Banking,2025-09-07
ORD01607,Tiffany Randolph,South Brandon,East,Furniture,Sofa,9,4059,36531,6522.61,Card,2025-10-22
ORD01608,Sarah Orozco,Port Holly,East,Sports,Cricket Bat,6,2355,14130,3100.98,Net Banking,2025-05-30
ORD01609,Matthew Smith,Port Paul,West,Electronics,Phone,8,153,1224,158.88,Net Banking,2025-06-05
ORD01610,Lindsey Spencer,Tylerview,West,Furniture,Table,2,3639,7278,1588.38,Card,2024-04-06
ORD01611,Jennifer Sullivan,Jamesview,East,Sports,Cricket Bat,4,990,3960,953.22,Card,2024-08-06
ORD01612,Lisa Oconnor,Rothfurt,South,Clothing,Shoes,2,2558,5116,1442.14,Card,2024-08-03
ORD01613,Jeffrey Perez,New Pamelaport,South,Furniture,Table,7,1507,10549,2775.33,Card,2025-09-16
ORD01614,Jessica Potts,Port Gregory,South,Sports,Gym Gloves,10,3515,35150,8609.6,Card,2024-10-02
ORD01615,Steven Martin,South Christineview,East,Groceries,Bread,6,1287,7722,977.28,Net Banking,2024-12-28
ORD01616,Rebecca Sullivan,Elizabethville,West,Clothing,Shoes,10,3323,33230,7997.59,UPI,2024-01-06
ORD01617,Melanie Hays,Samanthaside,South,Groceries,Bread,3,3842,11526,2786.55,Cash,2024-01-20
ORD01618,Susan Brooks,Parkerland,East,Clothing,Jacket,6,293,1758,229.35,Cash,2025-01-26
ORD01619,Christine Aguirre,Gardnershire,East,Furniture,Bed,5,975,4875,334.46,Net Banking,2024-06-13
ORD01620,Stephanie Williams,Watsonland,West,Sports,Gym Gloves,1,3295,3295,731.33,Cash,2025-12-24
ORD01621,Charles Peters,Joshuabury,East,Clothing,Shoes,1,930,930,59.55,Card,2024-12-16
ORD01622,David Johnson,Port William,East,Groceries,Bread,2,3965,7930,662.72,Net Banking,2024-03-16
ORD01623,Gary Miller,Wardmouth,North,Furniture,Table,10,2548,25480,4930.94,Net Banking,2025-07-29
ORD01624,Jared Bullock,Davidfort,East,Furniture,Sofa,10,4577,45770,11016.69,UPI,2024-09-23
ORD01625,Tanya Wilson,West Victor,South,Furniture,Chair,6,3059,18354,5070.77,Cash,2025-04-01
ORD01626,Jeffrey West,South Tara,East,Clothing,Shoes,4,3874,15496,2177.98,Card,2024-07-22
ORD01627,Kelly Hammond DDS,Tommymouth,West,Sports,Football,3,1076,3228,679.69,Net Banking,2025-03-13
ORD01628,Laura Contreras,Hollandfurt,North,Electronics,Laptop,9,3159,28431,1536.7,Card,2025-03-23
ORD01629,James Franklin,Richardshire,North,Sports,Gym Gloves,5,4808,24040,3207.85,UPI,2024-03-09
ORD01630,Daniel Evans,Lake Ashleeburgh,West,Sports,Football,9,1396,12564,3136.57,Cash,2024-03-30
ORD01631,Brian Clayton,North Jenniferberg,East,Electronics,Headphones,5,3915,19575,3187.24,UPI,2024-06-04
ORD01632,Kimberly Todd,Lake Michael,North,Furniture,Sofa,8,4423,35384,8678.92,Net Banking,2025-03-18
ORD01633,David Franklin,New Kevin,East,Sports,Tennis Racket,1,3294,3294,180.24,Net Banking,2024-08-18
ORD01634,Hailey Lopez,New Thomas,West,Furniture,Sofa,4,4887,19548,4273.87,Cash,2024-11-30
ORD01635,Amber Nguyen,Matthewborough,South,Sports,Tennis Racket,10,1350,13500,1312.36,Card,2024-05-31
ORD01636,Ellen Collins,New Nathanielton,South,Furniture,Chair,1,4469,4469,895.95,Card,2024-02-10
ORD01637,Pamela Johnston,Derrickfort,East,Electronics,Tablet,6,1985,11910,2555.19,Cash,2024-07-25
ORD01638,Samantha Kelly,Hunterfurt,South,Groceries,Bread,4,1879,7516,1827.04,Net Banking,2024-01-28
ORD01639,Steven Edwards,South Travis,West,Electronics,Headphones,1,3736,3736,997.08,UPI,2024-08-01
ORD01640,Elizabeth Bush,North Williamside,North,Groceries,Eggs,7,1727,12089,1225.92,UPI,2025-01-24
ORD01641,Christopher Zamora,Kathleenhaven,East,Furniture,Chair,3,1817,5451,436.57,Card,2025-05-15
ORD01642,Robert Sandoval,Port Meagan,West,Groceries,Milk,4,843,3372,842.82,Card,2025-01-03
ORD01643,Jennifer Oliver,Bradleyborough,West,Sports,Football,8,232,1856,96.17,UPI,2025-03-06
ORD01644,Leslie Fischer,South Melvinshire,East,Clothing,Jacket,5,634,3170,502.56,Cash,2025-10-29
ORD01645,Michael Smith,New Michael,East,Electronics,Headphones,8,229,1832,527.3,UPI,2024-10-08
ORD01646,Kari Flowers,West Debbiemouth,South,Furniture,Table,3,4725,14175,741.61,Cash,2025-06-15
ORD01647,Mrs. Angel Cole,Hernandezberg,East,Groceries,Rice,1,4984,4984,1248.97,Card,2025-11-07
ORD01648,Garrett Barton,East Tanyafurt,South,Sports,Gym Gloves,3,3534,10602,987.1,Cash,2025-06-15
ORD01649,Morgan Brown,Deanborough,West,Clothing,T-Shirt,3,345,1035,180.49,Card,2024-11-09
ORD01650,Jacob Smith,South Tylerland,North,Clothing,Jacket,1,311,311,41.33,Cash,2025-04-26
ORD01651,Lisa George,Singletonton,South,Groceries,Rice,9,3188,28692,6904.03,Cash,2025-06-21
ORD01652,Karen Smith,Jackieberg,North,Electronics,Laptop,6,1924,11544,843.07,Net Banking,2024-03-08
ORD01653,Kristin Rojas,Port Traceytown,North,Groceries,Eggs,9,3707,33363,2789.19,Card,2025-09-09
ORD01654,Shawn Stewart,Port Joshuaborough,East,Groceries,Eggs,5,1150,5750,751.63,UPI,2025-07-06
ORD01655,Michelle Taylor,South Joshua,South,Groceries,Eggs,10,1707,17070,1390.49,Cash,2025-06-11
ORD01656,Christopher Griffin,Hardymouth,North,Furniture,Chair,2,3408,6816,821.84,Cash,2025-09-21
ORD01657,Brendan Nelson,Port Codyport,East,Furniture,Sofa,3,2566,7698,1017.34,Cash,2025-04-18
ORD01658,Elizabeth Smith,Heatherview,West,Clothing,Shoes,6,1289,7734,1506.91,UPI,2024-02-05
ORD01659,Brenda Coleman,Port Albertton,South,Furniture,Table,1,1271,1271,265.2,Net Banking,2024-08-31
ORD01660,Adam Hill,Harrisland,South,Clothing,T-Shirt,10,4038,40380,6903.41,Net Banking,2024-12-18
ORD01661,Ashley Ross,Allenbury,East,Groceries,Milk,8,2252,18016,3359.44,Card,2024-04-30
ORD01662,Deanna Martin,Hancocktown,West,Clothing,Jeans,5,2893,14465,3641.52,UPI,2025-05-14
ORD01663,Katie Smith,Norrisview,South,Clothing,Jacket,2,3093,6186,968.9,UPI,2024-01-27
ORD01664,Kathleen Boyle,Hernandezhaven,South,Furniture,Bed,2,1085,2170,407.13,Card,2024-10-29
ORD01665,Elizabeth Snyder,New Valerie,South,Clothing,Shoes,7,4632,32424,9600.03,Net Banking,2024-03-25
ORD01666,Zachary Green,East Katrinahaven,East,Sports,Cricket Bat,3,1917,5751,1403.12,Cash,2024-07-22
ORD01667,Antonio Schultz,Masonchester,South,Sports,Football,9,3070,27630,5107.8,Card,2025-12-11
ORD01668,Daniel Hunter,Port Steven,West,Furniture,Chair,3,1953,5859,1528.08,Cash,2024-06-04
ORD01669,Tracy Robinson,North Alexa,West,Clothing,T-Shirt,7,2528,17696,2609.15,Net Banking,2025-06-18
ORD01670,Stephen Hubbard,Port Julia,East,Groceries,Bread,3,2557,7671,384.23,Cash,2024-09-14
ORD01671,Jon Benitez,West Kathleenfurt,South,Sports,Football,1,3461,3461,294.45,Cash,2025-05-07
ORD01672,Jessica Chavez,Kellybury,East,Groceries,Milk,7,3303,23121,4574.58,UPI,2024-09-11
ORD01673,Jo Vasquez,Lake Johnberg,South,Furniture,Sofa,3,3388,10164,821.94,Cash,2025-08-22
ORD01674,Jared Jones,Tammyshire,East,Groceries,Milk,5,2782,13910,732.95,UPI,2024-04-30
ORD01675,Rodney Brooks,Joshuaberg,West,Sports,Gym Gloves,4,3690,14760,1840.65,Cash,2024-05-07
ORD01676,Frederick Gomez,West Miguelstad,North,Electronics,Tablet,5,435,2175,316.19,Net Banking,2024-09-18
ORD01677,Jeffery Brown,Jonesfort,North,Groceries,Milk,8,2484,19872,2109.58,Card,2024-04-15
ORD01678,Dana Park,Johnsonbury,East,Furniture,Bed,7,3554,24878,1596.25,Card,2024-04-17
ORD01679,Heidi Ryan,Port Shannonland,North,Clothing,Jacket,7,2158,15106,4467.93,UPI,2024-03-26
ORD01680,Jacob Baker,Cynthiaton,East,Groceries,Milk,10,4154,41540,4376.12,UPI,2025-03-20
ORD01681,Samantha Clark,Powellstad,West,Groceries,Eggs,10,4351,43510,11643.2,UPI,2025-11-14
ORD01682,Joshua Hernandez,New Lisa,South,Sports,Football,10,907,9070,1758.73,Card,2024-04-30
ORD01683,Manuel Gomez,North Alexander,West,Sports,Gym Gloves,7,426,2982,408.02,UPI,2025-03-26
ORD01684,Robert Adams,Bryantberg,East,Groceries,Eggs,1,1869,1869,358.35,UPI,2024-01-25
ORD01685,Matthew Tran,Churchville,East,Clothing,Shoes,1,3840,3840,1007.45,Card,2024-09-16
ORD01686,Amber Bryant,Andersonberg,West,Clothing,Jeans,5,3753,18765,4614.83,Card,2024-11-28
ORD01687,Robin Ingram,South Mariaview,East,Furniture,Table,9,4583,41247,8747.32,Cash,2025-02-14
ORD01688,David Williams,Collinsfort,East,Groceries,Rice,6,2981,17886,3650.54,Card,2024-08-21
ORD01689,Sergio Horn,Lake Bradleyfort,South,Electronics,Laptop,7,2663,18641,3829.79,Net Banking,2025-10-16
ORD01690,Keith Meyers,West Timothy,East,Furniture,Sofa,8,2972,23776,3191.94,Cash,2025-03-24
ORD01691,Darlene Barnes,New Marcburgh,East,Furniture,Sofa,1,1013,1013,98.71,Cash,2024-11-13
ORD01692,Cindy Smith,New Lisabury,West,Groceries,Rice,4,864,3456,251.03,Card,2025-09-04
ORD01693,Alvin Johnson,Gillview,North,Furniture,Sofa,9,2998,26982,4025.42,Card,2025-01-29
ORD01694,Joseph Bautista,Danielsstad,South,Sports,Football,6,1941,11646,1870.74,Cash,2024-02-11
ORD01695,Richard Cox,East Toddside,South,Clothing,T-Shirt,8,1938,15504,4004.87,Cash,2024-08-12
ORD01696,Nicole Moore,East Ashleyborough,West,Groceries,Milk,3,201,603,74.89,Net Banking,2024-01-22
ORD01697,Mrs. Jessica Jackson DDS,Jensenshire,West,Groceries,Milk,7,1624,11368,2978.15,Net Banking,2025-08-17
ORD01698,Tanya Noble,Lake Aaronside,East,Clothing,Jacket,5,3633,18165,2589.55,Card,2024-08-28
ORD01699,Mario Hayes,South Kathyburgh,South,Electronics,Phone,6,2122,12732,3168.86,UPI,2025-08-15
ORD01700,Erik Jones,New Christine,South,Sports,Gym Gloves,9,2668,24012,1829.76,Card,2025-09-10
ORD01701,Veronica Burns,South Cynthiabury,West,Sports,Cricket Bat,8,2304,18432,3567.79,Net Banking,2024-02-24
ORD01702,Robert Mills,Port Kimberlyland,North,Groceries,Eggs,2,1503,3006,166.92,Card,2025-04-04
ORD01703,Brett Cunningham,Port Martin,East,Groceries,Milk,2,3003,6006,398.52,UPI,2024-10-09
ORD01704,Kevin Moore,Williamsstad,West,Sports,Gym Gloves,7,1192,8344,2474.43,Card,2024-08-08
ORD01705,Katie Kelley,Delgadoborough,West,Sports,Tennis Racket,6,2005,12030,2315.35,Cash,2025-06-04
ORD01706,Maria Cook,Davidport,North,Sports,Tennis Racket,1,533,533,121.54,UPI,2025-01-01
ORD01707,Lisa Nicholson,Port Diane,South,Sports,Football,9,3489,31401,7303.72,Cash,2024-07-18
ORD01708,Matthew Olson,Port Sarahberg,West,Furniture,Chair,8,1078,8624,1146.54,Net Banking,2024-04-06
ORD01709,Cheryl Sampson DVM,Myersland,North,Groceries,Eggs,8,1234,9872,2584.65,Card,2024-07-06
ORD01710,Haley Howard,Lake Benjamin,East,Clothing,Jeans,7,2164,15148,2649.7,Net Banking,2024-07-07
ORD01711,Anna Ramos,Garciaburgh,East,Furniture,Table,6,768,4608,621.76,UPI,2024-04-06
ORD01712,Mary King,Ronaldtown,South,Sports,Football,9,584,5256,1159.88,UPI,2024-04-07
ORD01713,Jennifer Rivera,South Hayleyton,East,Sports,Football,1,2777,2777,405.97,UPI,2024-01-29
ORD01714,Tony Cox,North Lauraville,East,Furniture,Table,10,4181,41810,3990.63,UPI,2024-08-11
ORD01715,Sarah Russell,Port Tiffanyborough,South,Furniture,Sofa,10,1549,15490,4226.59,Cash,2025-12-24
ORD01716,Kimberly Reynolds,New Amandaside,East,Groceries,Rice,10,417,4170,1183.54,Card,2024-05-03
ORD01717,Jamie Rogers,North Nathan,West,Electronics,Tablet,3,4934,14802,2658.77,Cash,2024-04-12
ORD01718,Joseph Carter,West Brandon,West,Sports,Cricket Bat,10,2863,28630,8143.93,Net Banking,2025-11-05
ORD01719,Rebecca Gentry,Mcconnellborough,West,Electronics,Laptop,6,2117,12702,1796.36,Cash,2024-09-02
ORD01720,Lauren Greene,Sheliaburgh,North,Groceries,Rice,6,580,3480,971.45,UPI,2025-05-06
ORD01721,Jordan Smith,Danielleview,West,Clothing,Shoes,9,1746,15714,1895.74,Cash,2024-05-18
ORD01722,Cynthia Lee,Mendezburgh,North,Clothing,Shoes,7,3664,25648,3700.15,Net Banking,2025-05-17
ORD01723,Jennifer Howard,Lunashire,West,Electronics,Tablet,9,4065,36585,7405.38,Card,2024-11-09
ORD01724,Trevor Park,South David,South,Electronics,Laptop,4,830,3320,420.91,Card,2025-08-24
ORD01725,Diane Cummings,Mercadostad,North,Electronics,Laptop,1,2581,2581,377.41,Net Banking,2024-12-26
ORD01726,Lindsey Davis,Grahambury,South,Sports,Cricket Bat,9,3137,28233,6219.26,UPI,2024-02-15
ORD01727,Danny Fernandez,South Kimberly,West,Groceries,Milk,4,2723,10892,743.28,Cash,2024-07-27
ORD01728,Sean Hernandez,South Victorton,North,Sports,Football,1,3225,3225,327.36,Card,2025-12-06
ORD01729,Robin Parker,New William,East,Electronics,Phone,6,1550,9300,2759.97,Net Banking,2024-08-21
ORD01730,Jeffery Murphy,West Matthewburgh,West,Electronics,Phone,3,2116,6348,1304.14,Card,2024-09-21
ORD01731,Andrea Case,Reynoldstown,West,Furniture,Sofa,7,183,1281,197.24,Card,2025-02-27
ORD01732,Cody Mccann,Port Joseph,North,Furniture,Bed,5,185,925,191.14,Net Banking,2025-02-08
ORD01733,Linda Larsen,Port Molly,North,Furniture,Table,2,1037,2074,163.47,Cash,2025-05-15
ORD01734,George Horn,Aliciabury,West,Sports,Tennis Racket,3,2201,6603,1907.14,Card,2025-12-12
ORD01735,Christopher Anderson,New Kyleport,West,Sports,Tennis Racket,5,4770,23850,2751.69,Cash,2024-05-02
ORD01736,Curtis Meyers,North Melanieborough,West,Electronics,Headphones,4,1141,4564,819.5,Net Banking,2024-02-06
ORD01737,Todd Summers,South Jeannehaven,North,Electronics,Laptop,4,411,1644,424.6,UPI,2024-07-07
ORD01738,Christopher Burns,Marisaport,West,Furniture,Bed,10,3138,31380,5005.96,UPI,2024-05-26
ORD01739,Willie Harris,North Ericshire,South,Sports,Cricket Bat,4,2704,10816,659.12,Card,2024-01-15
ORD01740,Jillian Salazar,Lake Todd,North,Clothing,Jeans,6,3884,23304,2334.18,Net Banking,2025-10-21
ORD01741,Katherine Fischer,East Richardfort,South,Groceries,Milk,5,4241,21205,1397.67,Card,2024-07-07
ORD01742,Jenna Robinson,Kristiville,East,Groceries,Rice,8,668,5344,1394.01,Cash,2025-09-08
ORD01743,Cory Cohen,West Nancyberg,North,Furniture,Sofa,1,1012,1012,223.84,Cash,2025-02-23
ORD01744,Robert Brown,North James,South,Clothing,Jacket,1,1275,1275,351.11,UPI,2025-12-01
ORD01745,Michael Velasquez,New Brianburgh,North,Groceries,Rice,10,578,5780,1464.81,Cash,2025-08-03
ORD01746,Steven Ward,South Diana,West,Electronics,Laptop,1,4002,4002,1137.78,Card,2025-10-22
ORD01747,Michele Vincent,Vaughanview,East,Sports,Gym Gloves,8,2046,16368,3612.75,Card,2025-09-19
ORD01748,John Davis,Lake Rachelport,South,Groceries,Eggs,3,3820,11460,2109.94,Cash,2025-01-03
ORD01749,Timothy Smith,Roychester,North,Clothing,Jeans,7,2207,15449,4178.71,Net Banking,2025-01-11
ORD01750,Mrs. Amy Harris MD,West Joshua,South,Clothing,Jeans,1,3867,3867,590.08,Net Banking,2025-07-08
ORD01751,Samantha Cross,East Barbarabury,West,Furniture,Sofa,4,3424,13696,2126.79,Net Banking,2025-03-03
ORD01752,Morgan Green,South Katrina,West,Groceries,Eggs,8,3078,24624,3310.71,Cash,2025-11-12
ORD01753,Kevin Roberts,Wangmouth,South,Sports,Cricket Bat,4,1877,7508,1712.93,Card,2025-08-05
ORD01754,Shelby Gonzalez,West Heiditown,West,Groceries,Eggs,6,2614,15684,1621.39,UPI,2024-05-24
ORD01755,George Marshall,Schneiderchester,East,Sports,Gym Gloves,5,3476,17380,1090.1,Cash,2024-08-10
ORD01756,Robin Jones,Johnsonfurt,West,Groceries,Eggs,3,3728,11184,625.84,Cash,2024-07-30
ORD01757,Derek Carter,Tanyamouth,South,Clothing,Jeans,7,4810,33670,8264.8,Net Banking,2024-07-21
ORD01758,Amber Robinson,Garciaport,East,Clothing,Shoes,4,1169,4676,1125.3,UPI,2025-05-13
ORD01759,Eugene Nunez,Klinehaven,East,Electronics,Laptop,2,275,550,28.69,UPI,2024-02-24
ORD01760,Daniel Fernandez,West Heather,North,Clothing,Jacket,4,1333,5332,1543.56,Card,2024-11-10
ORD01761,Brian Gill,Morganshire,South,Sports,Tennis Racket,10,3758,37580,6342.45,Card,2025-12-21
ORD01762,Stephen Morris,Christinaland,South,Clothing,T-Shirt,9,1409,12681,3489.87,Net Banking,2024-06-04
ORD01763,James Olson,Lake Jenniferstad,East,Electronics,Headphones,3,4701,14103,2652.5,Cash,2025-04-25
ORD01764,Allison Smith,New Belinda,West,Electronics,Phone,8,895,7160,1710.66,Net Banking,2024-05-18
ORD01765,Michael Mccormick,Andrewhaven,West,Groceries,Eggs,3,263,789,155.07,Cash,2025-01-06
ORD01766,Jessica Thornton,Finleyfurt,North,Groceries,Rice,8,4743,37944,5158.76,Card,2024-12-13
ORD01767,Gary Byrd,Cheyennehaven,North,Electronics,Phone,3,2558,7674,1683.24,Cash,2024-06-02
ORD01768,Roberto Russell,Sarastad,North,Clothing,Jacket,2,3005,6010,1206.23,Net Banking,2025-05-21
ORD01769,Jeffrey Smith,New Omarmouth,North,Furniture,Sofa,5,1673,8365,1491.95,Net Banking,2025-06-16
ORD01770,Joshua Smith,Joannmouth,West,Clothing,Jeans,1,2056,2056,462.86,Net Banking,2024-09-26
ORD01771,Gary Trujillo,Lake Jeremy,North,Clothing,T-Shirt,5,3852,19260,4138.06,Cash,2024-12-06
ORD01772,Shane Velasquez,North Jillland,West,Sports,Football,10,257,2570,322.99,Net Banking,2024-07-23
ORD01773,Scott Harrison,East Brandon,West,Groceries,Rice,5,3173,15865,2124.46,Net Banking,2025-06-08
ORD01774,Charles Mccarthy,Lake Erin,East,Clothing,Jeans,6,2242,13452,2530.26,Card,2025-05-15
ORD01775,Stephanie Hart,Douglasbury,North,Electronics,Headphones,2,2710,5420,1438.3,Cash,2024-04-26
ORD01776,Robert Smith,West Josephton,South,Electronics,Phone,2,1550,3100,444.38,UPI,2024-06-06
ORD01777,Rita Coleman,Port David,North,Electronics,Laptop,1,2894,2894,774.26,Cash,2025-09-24
ORD01778,Brian Brown,Lisaburgh,South,Sports,Gym Gloves,6,966,5796,1177.41,Cash,2024-02-27
ORD01779,Barry Ochoa,Port Alan,South,Electronics,Phone,2,850,1700,86.63,Cash,2025-12-03
ORD01780,Timothy Bailey MD,Stevenburgh,West,Electronics,Laptop,7,2724,19068,3934.93,Cash,2024-07-16
ORD01781,Joseph Sanders,North Stephanieport,North,Groceries,Milk,8,2459,19672,4581.44,Net Banking,2025-08-29
ORD01782,Ashley Hill,East Melodyburgh,South,Furniture,Chair,2,1540,3080,904.13,Cash,2024-09-26
ORD01783,Charles Reese,East Tracy,South,Electronics,Laptop,4,1632,6528,1711.34,Net Banking,2024-08-21
ORD01784,Evan Johnson,North Betty,South,Sports,Tennis Racket,10,3477,34770,6142.59,Net Banking,2024-10-19
ORD01785,Lisa Mckenzie,West Chadchester,East,Clothing,Jacket,4,4446,17784,920.25,Card,2025-11-30
ORD01786,Crystal Young,Michelletown,West,Furniture,Chair,1,614,614,106.52,UPI,2024-03-02
ORD01787,Johnathan Strong,New Aprilview,North,Groceries,Rice,2,2708,5416,1067.14,Card,2025-01-05
ORD01788,Gloria Mayo,East Caseyshire,West,Clothing,Shoes,6,4035,24210,3452.61,Card,2024-11-03
ORD01789,Gary Moore,Lindaville,East,Sports,Cricket Bat,4,4910,19640,1819.41,Net Banking,2025-12-08
ORD01790,Katherine Woods,Torresburgh,West,Groceries,Eggs,6,3403,20418,3387.47,Cash,2025-04-20
ORD01791,Eric Simmons,Wesleyborough,West,Furniture,Bed,7,300,2100,563.51,Cash,2024-11-20
ORD01792,Jason Watkins,New Jerry,South,Groceries,Bread,1,3658,3658,906.61,Cash,2025-11-08
ORD01793,Christopher Howard,Port Jamieville,South,Sports,Cricket Bat,4,876,3504,189.56,Card,2025-04-28
ORD01794,Sandy Oconnor,Lake Todd,East,Clothing,Jeans,1,4174,4174,617.99,Cash,2024-11-06
ORD01795,Michael Oneill,North Michaelview,West,Furniture,Bed,10,4188,41880,6626.0,UPI,2024-06-12
ORD01796,Jimmy Allen,Christopherton,East,Clothing,T-Shirt,2,2748,5496,1244.88,Cash,2025-09-14
ORD01797,Jorge Foster,South Brandon,South,Furniture,Bed,4,3510,14040,2423.68,Card,2024-11-11
ORD01798,Charles Coleman,West Chris,East,Clothing,Shoes,10,1098,10980,2193.57,Card,2025-06-26
ORD01799,Kristina Sellers,New Josephfort,North,Clothing,Jeans,6,4731,28386,8305.96,Net Banking,2024-03-05
ORD01800,Lee Klein,Ellisville,South,Clothing,Shoes,4,1815,7260,2077.41,Card,2025-12-05
ORD01801,Rebecca Green,Port Courtney,South,Groceries,Bread,9,2891,26019,5055.62,Cash,2024-12-05
ORD01802,Renee Walker,New Stephen,West,Clothing,Jeans,10,2041,20410,5170.47,Net Banking,2024-09-12
ORD01803,Tyler Dougherty,East Stanley,East,Electronics,Tablet,9,883,7947,1160.55,UPI,2024-05-31
ORD01804,Paul Weeks,East Courtneybury,South,Sports,Gym Gloves,8,2279,18232,1216.65,Card,2025-02-02
ORD01805,Sarah Henderson,North Beckyshire,North,Furniture,Sofa,1,3980,3980,444.35,Card,2025-10-10
ORD01806,Jacqueline Jackson,West Christina,West,Clothing,Shoes,9,1297,11673,2870.64,Card,2024-11-23
ORD01807,Cynthia Miller,Ericksonberg,North,Sports,Cricket Bat,4,4995,19980,4021.38,Cash,2024-10-29
ORD01808,Jermaine Richards,South Zacharyfort,East,Sports,Tennis Racket,4,3180,12720,1981.11,Card,2024-01-12
ORD01809,Juan Young,Jerrymouth,West,Furniture,Table,5,307,1535,87.81,UPI,2025-10-21
ORD01810,Kathleen Perez,Briantown,South,Clothing,Shoes,3,3759,11277,2328.39,Net Banking,2025-07-22
ORD01811,Benjamin Perez,South Johnland,West,Clothing,T-Shirt,5,3835,19175,2281.58,Card,2025-12-24
ORD01812,Daniel Fisher,Lake Kelsey,West,Furniture,Table,6,238,1428,115.64,Card,2024-11-30
ORD01813,Charles George,Port Patrick,East,Furniture,Sofa,7,4606,32242,1817.36,Net Banking,2025-03-20
ORD01814,James Castillo,Phillipsview,North,Furniture,Sofa,10,382,3820,805.66,UPI,2024-11-27
ORD01815,Chad Shannon,Port Nicholas,South,Furniture,Bed,2,656,1312,111.49,Cash,2024-04-14
ORD01816,Andrea Bradley,New Paige,North,Electronics,Tablet,6,2870,17220,1210.39,Net Banking,2024-12-17
ORD01817,Tom Villegas,Lake Dennis,South,Groceries,Rice,9,3510,31590,6648.26,UPI,2025-02-09
ORD01818,Phillip Taylor,West Aarontown,South,Furniture,Bed,3,1044,3132,753.84,Cash,2024-09-24
ORD01819,Laura Jackson,Nicoleport,South,Electronics,Laptop,1,1947,1947,330.35,Cash,2024-02-13
ORD01820,Haley Roth,New Juanmouth,West,Furniture,Table,9,2717,24453,3196.93,UPI,2025-10-11
ORD01821,Andre Miles,Patriciaburgh,West,Sports,Tennis Racket,8,292,2336,507.87,UPI,2025-12-14
ORD01822,Susan Mcintyre,Anntown,West,Electronics,Phone,10,394,3940,402.7,UPI,2025-08-19
ORD01823,Randy Vang,North Christinafort,West,Clothing,T-Shirt,10,3115,31150,5522.49,Cash,2024-06-17
ORD01824,Lynn Ellis,Curtisshire,West,Furniture,Chair,10,2405,24050,2799.7,Cash,2025-01-18
ORD01825,Mr. Jacob Roberts,New Arthurfort,West,Furniture,Sofa,6,1703,10218,1346.37,UPI,2024-09-23
ORD01826,Stephanie Wallace,North Ashley,West,Clothing,Shoes,1,3749,3749,752.96,Cash,2025-10-29
ORD01827,Mark Martin Jr.,South Christymouth,South,Furniture,Chair,1,3274,3274,822.29,Card,2024-07-29
ORD01828,Gregory Velasquez,East Matthewland,South,Furniture,Sofa,6,3899,23394,1487.67,Card,2025-10-03
ORD01829,Joe Warren,East Virginia,East,Furniture,Chair,5,201,1005,104.63,Cash,2024-07-04
ORD01830,Desiree Griffin,East Melissa,South,Groceries,Eggs,6,3850,23100,6838.93,Net Banking,2025-09-08
ORD01831,Roy Stone,Anthonyshire,North,Groceries,Bread,4,736,2944,600.85,UPI,2024-01-01
ORD01832,David Chapman,North Amanda,South,Electronics,Tablet,1,2585,2585,416.87,UPI,2025-08-04
ORD01833,Mr. William Barber PhD,Brucefurt,North,Electronics,Tablet,4,1662,6648,1946.1,Card,2025-01-16
ORD01834,Sean Middleton MD,Nicolemouth,South,Groceries,Rice,5,386,1930,530.04,Card,2024-11-05
ORD01835,Kristin Kline,Sharonfort,South,Groceries,Milk,2,348,696,187.97,UPI,2025-05-02
ORD01836,Eric Buchanan,West Monica,East,Electronics,Laptop,4,3829,15316,4096.23,Card,2025-08-16
ORD01837,Wendy Elliott,Lake Jason,West,Electronics,Headphones,2,1355,2710,281.48,UPI,2025-02-11
ORD01838,George Harris,South Catherineside,North,Electronics,Headphones,7,3915,27405,4195.87,UPI,2024-01-14
ORD01839,Rachel Brady,South Nicole,East,Clothing,Jacket,8,1760,14080,3526.83,Cash,2024-01-25
ORD01840,Darrell Thomas,East Jacob,West,Furniture,Bed,1,461,461,123.72,Cash,2025-03-21
ORD01841,Victoria Bell,South Lauramouth,West,Electronics,Tablet,6,824,4944,986.39,Cash,2025-04-12
ORD01842,Mark Adams,Leemouth,East,Clothing,Jacket,9,4529,40761,3522.73,Net Banking,2025-10-16
ORD01843,Paul Carey,North Justinland,South,Furniture,Bed,6,3929,23574,6975.03,Net Banking,2024-10-26
ORD01844,Jennifer Perez,Port William,South,Sports,Gym Gloves,6,3636,21816,1562.27,Card,2024-09-16
ORD01845,Shawn Hill,Port Kristinport,North,Clothing,Shoes,8,4517,36136,9592.3,Card,2024-06-17
ORD01846,Ryan Martin,West Rachael,South,Sports,Cricket Bat,10,2898,28980,5362.83,Cash,2024-06-12
ORD01847,Elizabeth Guzman,Port Bryan,North,Groceries,Rice,7,1016,7112,2116.72,UPI,2025-07-11
ORD01848,Larry Lane,Fitzgeraldfurt,South,Sports,Football,5,4609,23045,4981.39,Card,2024-06-17
ORD01849,David Byrd,Brandonside,West,Groceries,Rice,6,3158,18948,3545.41,Cash,2025-02-08
ORD01850,Paul Lopez,West Kimberlyshire,West,Sports,Tennis Racket,7,971,6797,723.57,Cash,2025-10-21
ORD01851,David Harrison,West Joshua,East,Furniture,Chair,9,983,8847,1537.62,Cash,2024-03-14
ORD01852,Karen Martin,North Johnfort,North,Groceries,Bread,4,4539,18156,3804.81,UPI,2024-07-14
ORD01853,Richard Butler,South Erika,North,Electronics,Tablet,2,1796,3592,346.37,UPI,2025-11-27
ORD01854,Richard Roth,New David,West,Clothing,Shoes,2,3556,7112,2035.59,UPI,2025-11-08
ORD01855,Ryan Gonzales,South Joshua,West,Sports,Tennis Racket,6,3276,19656,2825.14,Net Banking,2024-11-07
ORD01856,Justin Smith,New Helenhaven,North,Sports,Football,8,358,2864,501.2,Card,2024-12-25
ORD01857,Gloria Lyons,Port Alexander,East,Groceries,Eggs,9,902,8118,1263.77,Net Banking,2025-08-24
ORD01858,Kristi Jackson,New Donna,West,Electronics,Headphones,1,4093,4093,981.35,Card,2024-03-29
ORD01859,Kayla Moreno,Hooperland,North,Sports,Football,2,2110,4220,975.11,Net Banking,2025-10-08
ORD01860,Tyler Washington,Margaretside,West,Groceries,Bread,4,3944,15776,924.25,Cash,2024-11-13
ORD01861,Joseph Wright,East Coltonfort,North,Sports,Gym Gloves,2,184,368,81.31,Net Banking,2025-08-30
ORD01862,Jacob Rosales,Nicholasborough,North,Electronics,Phone,8,2350,18800,4216.52,Card,2025-02-01
ORD01863,Devon Decker,Stephaniefort,East,Sports,Football,9,4123,37107,3468.75,Cash,2025-04-07
ORD01864,Alyssa Wood,Laurenberg,South,Electronics,Tablet,10,2814,28140,4409.06,UPI,2025-12-04
ORD01865,Joseph Freeman,New Makayla,South,Furniture,Bed,8,2140,17120,880.36,Net Banking,2025-10-31
ORD01866,Charles Murillo,Leblancborough,West,Electronics,Tablet,3,1930,5790,781.75,Cash,2025-11-30
ORD01867,Christopher Johnson,Michaelview,North,Groceries,Rice,2,1447,2894,245.42,Net Banking,2025-09-11
ORD01868,Mark Jones,North Shannon,East,Groceries,Bread,7,268,1876,426.04,UPI,2025-12-11
ORD01869,Miguel Weber,New Loriland,West,Groceries,Eggs,1,2384,2384,379.23,UPI,2025-12-19
ORD01870,James Murphy,North Kathleen,South,Electronics,Laptop,5,3029,15145,2554.3,Cash,2025-06-03
ORD01871,Michael Simpson,Lake Brooke,South,Electronics,Laptop,3,807,2421,466.3,Net Banking,2025-11-11
ORD01872,Stephen Gardner,East Richard,South,Sports,Tennis Racket,9,2254,20286,3437.87,Net Banking,2025-11-03
ORD01873,Cory Perez,Coxside,West,Electronics,Laptop,4,1758,7032,610.71,UPI,2024-05-16
ORD01874,Sheila Horton,Claudiaside,East,Clothing,T-Shirt,9,199,1791,140.03,UPI,2025-11-12
ORD01875,Dr. Amy Walker,Johnfort,South,Clothing,Jeans,6,2096,12576,3334.48,Net Banking,2024-08-06
ORD01876,Monique Green,New Christopher,North,Groceries,Eggs,4,911,3644,339.27,Cash,2025-07-20
ORD01877,Austin King,North Nicoleshire,South,Furniture,Table,2,4013,8026,1431.41,Cash,2024-03-15
ORD01878,Amy Meyer,North Zachary,North,Groceries,Bread,4,2250,9000,1364.38,Card,2025-03-18
ORD01879,Kristen Bullock,New Hannahport,South,Groceries,Rice,4,3161,12644,1867.44,Cash,2025-09-12
ORD01880,David Wong,Jamesfort,West,Groceries,Eggs,3,2077,6231,1244.61,UPI,2024-10-21
ORD01881,Stephen Daniels,South Ashley,South,Groceries,Rice,7,643,4501,857.09,UPI,2025-12-22
ORD01882,Todd Miller,Stephaniebury,East,Clothing,Jacket,7,2400,16800,2790.93,Card,2024-12-15
ORD01883,Wayne Nguyen,Port Virginia,South,Clothing,Shoes,9,4095,36855,5400.12,Net Banking,2025-12-05
ORD01884,Matthew Beck,North Davidchester,North,Clothing,T-Shirt,8,2905,23240,4257.21,Card,2025-09-23
ORD01885,Gina Fisher,Bergtown,East,Clothing,Jacket,5,4969,24845,4431.84,Cash,2024-11-16
ORD01886,Kim Scott,Fordshire,West,Sports,Cricket Bat,6,2609,15654,1533.49,Card,2024-12-09
ORD01887,Jacqueline Adams,South Daniel,East,Clothing,Shoes,4,1240,4960,1242.78,Cash,2025-12-05
ORD01888,Sarah Smith,West Jonathanmouth,North,Clothing,Jacket,4,3890,15560,3041.0,Card,2024-06-26
ORD01889,Jonathan Cooper,Edwardfort,West,Furniture,Table,10,2863,28630,2741.88,Card,2025-10-25
ORD01890,Anthony Nichols,Kellytown,East,Furniture,Bed,8,2317,18536,5247.93,Cash,2025-04-15
ORD01891,Michael Peck,North Adam,West,Clothing,T-Shirt,5,1119,5595,1631.66,UPI,2025-07-17
ORD01892,Travis Montoya,Lake Dana,East,Electronics,Phone,5,4155,20775,3400.66,Net Banking,2025-07-17
ORD01893,Wayne Smith,Marshmouth,North,Furniture,Sofa,1,3603,3603,745.92,Net Banking,2025-05-16
ORD01894,Caleb Butler,Port Christopherborough,East,Groceries,Eggs,6,1078,6468,549.34,UPI,2024-05-05
ORD01895,Rhonda Patel,East Jennifer,South,Electronics,Laptop,5,980,4900,916.9,UPI,2024-10-01
ORD01896,Angela Martin,Bennettport,East,Groceries,Milk,1,4741,4741,308.02,Card,2024-04-24
ORD01897,Andrew Brandt,Antoniochester,East,Clothing,Shoes,4,1988,7952,835.83,Card,2025-09-10
ORD01898,Tyrone Hill,Port Alexander,South,Furniture,Table,1,4635,4635,908.6,Net Banking,2024-08-13
ORD01899,David Johnson,Brockmouth,East,Furniture,Chair,3,846,2538,489.35,Net Banking,2025-09-20
ORD01900,Melissa Robinson,New Amy,South,Electronics,Laptop,4,3429,13716,1443.52,Cash,2025-04-15
ORD01901,Peter Garza,Dorothyberg,West,Furniture,Sofa,2,125,250,27.42,Net Banking,2024-11-11
ORD01902,Kristy Robinson,South Elizabethville,West,Groceries,Milk,4,922,3688,965.59,Net Banking,2025-02-22
ORD01903,Miranda Estes,Hoganfort,South,Furniture,Bed,10,3214,32140,1792.02,Net Banking,2024-10-05
ORD01904,Katherine Chase,Martinezmouth,West,Groceries,Bread,6,269,1614,282.06,Net Banking,2025-09-22
ORD01905,Isabella Lucas,South Dominic,West,Sports,Cricket Bat,6,1283,7698,1738.7,Cash,2025-09-07
ORD01906,Lori Barber,North Christianhaven,South,Groceries,Milk,4,2674,10696,1479.43,Card,2024-10-07
ORD01907,Traci Jones,Tammyport,South,Furniture,Bed,10,3947,39470,11452.76,UPI,2025-12-03
ORD01908,Christian Brooks,Watsonhaven,North,Groceries,Rice,7,4783,33481,4563.33,Net Banking,2025-01-25
ORD01909,Jonathan Webb,South Michaelchester,South,Groceries,Eggs,7,832,5824,928.0,Card,2024-12-22
ORD01910,Kendra Parks,Adamland,South,Clothing,Jacket,8,1395,11160,1028.23,UPI,2025-08-22
ORD01911,Hannah Allen,Evansfort,North,Groceries,Bread,1,1972,1972,142.96,UPI,2024-06-11
ORD01912,Pamela Williams,North Laceyberg,South,Clothing,T-Shirt,9,2190,19710,3218.15,Net Banking,2024-10-27
ORD01913,Anita Swanson,Stephenmouth,North,Clothing,Jeans,4,3454,13816,1767.06,Cash,2025-06-17
ORD01914,Richard Sullivan,Lopezburgh,West,Electronics,Laptop,10,1541,15410,1880.96,Cash,2025-04-26
ORD01915,Christina Price,Lake Tina,East,Furniture,Chair,4,731,2924,195.46,Cash,2024-04-13
ORD01916,Carol Hammond,Rodriguezshire,South,Sports,Football,8,4633,37064,8903.33,Cash,2024-07-02
ORD01917,Karen Jones,Carlland,North,Furniture,Chair,6,1507,9042,2184.43,UPI,2025-06-09
ORD01918,Casey Reed,Hayesmouth,South,Groceries,Milk,3,496,1488,248.89,Card,2024-05-15
ORD01919,Caitlin Lee,North Kimberly,North,Sports,Tennis Racket,8,2113,16904,2767.79,Cash,2025-12-28
ORD01920,Eric Cole,Barkermouth,West,Furniture,Chair,2,3191,6382,535.94,Net Banking,2024-10-21
ORD01921,Robert Ortiz,West James,East,Groceries,Eggs,9,3922,35298,10254.99,Net Banking,2025-06-16
ORD01922,Kelly Moran,New Daisy,North,Clothing,Shoes,3,4221,12663,3349.13,Cash,2024-05-09
ORD01923,Ian Watson,Stevensburgh,West,Electronics,Tablet,5,1046,5230,1051.75,Net Banking,2025-02-26
ORD01924,Brandi Sanders,Jessicaport,South,Clothing,Jacket,1,2676,2676,459.75,Net Banking,2024-01-17
ORD01925,Kyle Stephenson,Anthonymouth,West,Furniture,Bed,10,1245,12450,2642.73,Cash,2024-11-05
ORD01926,Leslie Preston,Charlesstad,West,Furniture,Chair,4,3696,14784,1673.99,Net Banking,2025-02-12
ORD01927,Erik Parker,Jonathanport,South,Clothing,Jeans,8,1168,9344,1438.51,Cash,2024-02-22
ORD01928,John Burton,New David,West,Electronics,Tablet,6,535,3210,441.82,UPI,2025-01-30
ORD01929,Sharon Gray,Mckenziefort,West,Sports,Tennis Racket,6,4298,25788,4845.61,UPI,2024-02-11
ORD01930,Jennifer Stewart DDS,West Janet,North,Clothing,Jacket,4,2642,10568,2964.29,UPI,2024-06-18
ORD01931,Austin Lambert,Schmidtshire,East,Furniture,Sofa,1,302,302,53.57,UPI,2025-10-07
ORD01932,Grace Tanner,Meganton,East,Groceries,Eggs,6,3870,23220,3174.9,Card,2024-11-30
ORD01933,Rachel Jones,New Tonyside,North,Electronics,Laptop,8,4093,32744,5185.08,UPI,2025-06-10
ORD01934,Kimberly Jenkins,New Rebeccamouth,East,Furniture,Bed,6,3703,22218,5173.74,Cash,2025-10-12
ORD01935,Paula Scott,Stonetown,North,Furniture,Table,2,3244,6488,771.68,UPI,2024-08-13
ORD01936,Emily Reyes,Simpsontown,West,Clothing,T-Shirt,3,1693,5079,785.18,Cash,2024-07-17
ORD01937,Samantha Baird MD,Port Johnburgh,North,Groceries,Bread,4,104,416,123.87,Card,2024-06-16
ORD01938,Paul Wilson,South Caitlin,West,Groceries,Rice,4,3936,15744,4389.17,UPI,2024-06-18
ORD01939,Ashley Coleman,Matastad,East,Electronics,Headphones,6,3148,18888,4960.9,Card,2024-09-21
ORD01940,Debra Moore,North Andrewchester,South,Sports,Cricket Bat,10,4360,43600,9620.36,Cash,2025-08-31
ORD01941,Steven Anderson,East Daleview,East,Electronics,Headphones,8,2329,18632,2460.14,Net Banking,2025-06-05
ORD01942,Gary Tyler,West Shawnport,North,Groceries,Rice,10,2560,25600,6410.71,Cash,2024-09-20
ORD01943,Patricia Brown,Hillview,North,Sports,Cricket Bat,4,2137,8548,1419.71,Card,2024-06-05
ORD01944,Calvin Ramsey,East Randall,South,Groceries,Eggs,7,4741,33187,4407.34,Cash,2024-03-24
ORD01945,Stephen Williams,Josephbury,West,Sports,Gym Gloves,2,2671,5342,1503.94,Net Banking,2024-02-28
ORD01946,Crystal Haas,Thompsonfort,East,Groceries,Milk,7,3976,27832,8199.02,UPI,2024-12-07
ORD01947,Pamela Cunningham,East Meganview,South,Clothing,Jeans,8,4129,33032,9313.67,Net Banking,2025-02-09
ORD01948,Nicholas Morton,Brockfort,East,Groceries,Milk,5,2092,10460,2119.65,Cash,2024-06-17
ORD01949,Erika Reed,East Briantown,North,Sports,Tennis Racket,10,3187,31870,8391.36,UPI,2024-04-13
ORD01950,Catherine Waller,North Williamburgh,South,Electronics,Phone,9,3610,32490,5626.04,UPI,2024-04-04
ORD01951,Janet Pacheco,Amyhaven,East,Electronics,Headphones,3,367,1101,91.79,UPI,2025-01-10
ORD01952,Justin Tran,North David,North,Electronics,Phone,5,2804,14020,1051.4,UPI,2025-08-19
ORD01953,Mary Callahan,Mossshire,North,Sports,Football,4,1492,5968,1636.81,Card,2025-05-17
ORD01954,Patricia Morris,Frederickmouth,East,Sports,Tennis Racket,10,4409,44090,2994.63,Cash,2025-09-19
ORD01955,Maria Mooney,Lozanoshire,North,Electronics,Headphones,10,2229,22290,1991.58,Net Banking,2025-12-17
ORD01956,Michelle Bond,Watsonburgh,South,Sports,Cricket Bat,5,362,1810,268.51,Net Banking,2024-12-12
ORD01957,Casey Perez DDS,Joymouth,West,Groceries,Bread,9,2610,23490,2898.98,Net Banking,2025-12-23
ORD01958,Kimberly Wells,Lake Josephmouth,South,Furniture,Sofa,6,1824,10944,1205.7,UPI,2024-06-01
ORD01959,Frank Miller,Edwardside,South,Electronics,Laptop,10,1064,10640,924.83,Cash,2025-04-04
ORD01960,Mr. Michael Combs,Lake Kimberly,West,Electronics,Tablet,6,2721,16326,3180.59,Net Banking,2025-05-08
ORD01961,Kerri White,West David,South,Electronics,Tablet,4,3976,15904,3404.18,Net Banking,2025-01-07
ORD01962,Wendy Bennett,East Amandafurt,West,Furniture,Sofa,2,500,1000,57.84,Cash,2024-09-15
ORD01963,Phillip Montoya,Angelashire,West,Groceries,Eggs,7,2750,19250,3126.26,Card,2024-11-30
ORD01964,Catherine Wells,West Brandon,North,Sports,Cricket Bat,1,1444,1444,416.7,Net Banking,2025-03-01
ORD01965,Jessica Moore,North Michellebury,West,Clothing,Jeans,1,1249,1249,137.4,Card,2025-09-10
ORD01966,Samantha Sawyer,New Samantha,East,Furniture,Table,7,414,2898,703.39,Card,2025-10-08
ORD01967,Edward Martin,East Courtneyburgh,South,Sports,Tennis Racket,6,122,732,55.74,Cash,2025-05-28
ORD01968,Mary Marshall,East Jessica,South,Furniture,Sofa,9,2340,21060,3848.03,Net Banking,2025-06-25
ORD01969,Dalton Garcia,Lake Jeremyfort,North,Electronics,Headphones,10,4582,45820,5615.16,Card,2025-04-12
ORD01970,Kelly Baker,West Laurie,West,Clothing,T-Shirt,7,4927,34489,7130.97,Net Banking,2024-03-05
ORD01971,Julie Miranda,New Brian,East,Groceries,Milk,6,4940,29640,3133.69,UPI,2024-09-28
ORD01972,Susan Price,Johnsonstad,North,Furniture,Sofa,7,2273,15911,812.59,Cash,2024-08-22
ORD01973,Patricia Sandoval,New Paulport,East,Groceries,Milk,7,118,826,130.1,Net Banking,2024-03-18
ORD01974,Jeffrey Cherry II,South Cynthiaside,South,Electronics,Tablet,10,519,5190,903.88,Card,2025-08-17
ORD01975,Susan Miranda,Lake Yvonneton,South,Electronics,Phone,7,4693,32851,7602.72,UPI,2024-06-30
ORD01976,Tracy Downs,East Jennifertown,North,Groceries,Rice,6,2111,12666,3630.64,Cash,2024-01-22
ORD01977,Brianna Vargas,East Brendabury,South,Clothing,Jeans,5,2206,11030,1697.45,Cash,2025-03-12
ORD01978,Tonya Brown,Petersborough,North,Clothing,T-Shirt,5,2635,13175,3945.53,UPI,2025-12-09
ORD01979,Jeremy Nelson,Chambersland,South,Furniture,Chair,1,2062,2062,137.11,UPI,2024-10-03
ORD01980,Kristin Hill,Lake Lisaburgh,West,Groceries,Bread,2,4199,8398,2028.12,UPI,2025-07-01
ORD01981,Molly Jackson,Jameschester,South,Groceries,Bread,2,3018,6036,1492.4,Net Banking,2024-12-27
ORD01982,Elizabeth Murphy,Justinhaven,South,Furniture,Sofa,1,807,807,240.51,Card,2024-06-15
ORD01983,Anthony Crawford,Laurafort,West,Furniture,Table,8,2978,23824,1368.62,UPI,2025-02-02
ORD01984,Brian Parker,Heatherburgh,West,Sports,Gym Gloves,4,1472,5888,574.29,UPI,2025-10-14
ORD01985,Rebecca Garza,Edwardsstad,East,Furniture,Bed,9,3850,34650,5087.27,Cash,2025-10-19
ORD01986,Megan Boyer,Kleinton,North,Electronics,Laptop,8,1640,13120,668.21,Card,2024-12-29
ORD01987,Julie Erickson,Lake Terri,South,Clothing,Shoes,1,2681,2681,711.81,UPI,2024-03-28
ORD01988,Jesse Montes,Gonzalesport,East,Sports,Football,10,1212,12120,2040.49,UPI,2025-07-20
ORD01989,Melinda Mercado,Rebeccafurt,East,Sports,Football,6,2115,12690,1624.5,UPI,2025-03-11
ORD01990,Katherine Reed,East Robin,South,Electronics,Laptop,5,1221,6105,1367.38,Card,2025-01-23
ORD01991,Christina Davis,West Lindsey,East,Clothing,Shoes,2,4449,8898,1254.14,Card,2025-05-25
ORD01992,Madison Barnes,New Phillipville,North,Groceries,Rice,1,2435,2435,321.27,Cash,2025-12-29
ORD01993,Eddie Johnson,East Tracey,East,Sports,Football,6,1028,6168,455.13,Card,2024-09-27
ORD01994,Kristopher James,Davisfort,South,Electronics,Phone,10,1839,18390,3596.29,UPI,2024-03-21
ORD01995,Paul Ramos,Stephaniemouth,East,Clothing,Jacket,9,4534,40806,11354.0,Card,2024-03-22
ORD01996,Jasmine Cruz,Hallport,North,Electronics,Headphones,1,2655,2655,742.63,Card,2025-03-06
ORD01997,George Elliott,Kevinfurt,North,Clothing,T-Shirt,3,663,1989,146.35,UPI,2025-08-25
ORD01998,Pamela Cain,Samanthashire,East,Groceries,Rice,8,3058,24464,3706.23,Cash,2024-04-19
ORD01999,Adrian Stephens,North Rachel,North,Sports,Cricket Bat,2,2836,5672,522.36,UPI,2025-10-26
ORD02000,Karen Gray,South April,South,Groceries,Milk,3,1487,4461,1045.95,Net Banking,2025-11-29
ORD02001,Ms. Elaine Sanchez DDS,Port Richard,North,Electronics,Tablet,10,1636,16360,2832.95,Net Banking,2024-08-31
ORD02002,Lindsey Gonzales,Markmouth,West,Furniture,Bed,4,4423,17692,2179.24,Net Banking,2024-05-19
ORD02003,Latoya Castro,Halebury,West,Sports,Tennis Racket,5,2140,10700,2183.83,Card,2024-05-07
ORD02004,Vanessa Forbes DDS,Krausefurt,East,Sports,Gym Gloves,1,1038,1038,157.14,Cash,2024-07-14
ORD02005,Kayla Smith,West Jeremyport,South,Sports,Cricket Bat,10,1082,10820,3157.21,UPI,2024-09-11
ORD02006,Anthony Stephenson,Jamesmouth,South,Furniture,Table,1,691,691,152.72,Card,2024-05-16
ORD02007,Michelle Hicks,East Kristine,West,Electronics,Laptop,4,1007,4028,1037.18,UPI,2024-01-15
ORD02008,Susan Williams,Andreaborough,North,Clothing,Jeans,8,1282,10256,889.68,Card,2025-10-25
ORD02009,Mike Lindsey,North Karen,South,Clothing,Shoes,7,4350,30450,6701.39,Cash,2025-03-30
ORD02010,Levi Sullivan,Tanyastad,South,Furniture,Bed,6,1640,9840,2632.08,Net Banking,2025-11-09
ORD02011,Hannah Brown,Kelleyside,West,Groceries,Bread,7,500,3500,395.6,Cash,2025-03-19
ORD02012,Joseph Barr,South Markmouth,North,Electronics,Laptop,8,4394,35152,4297.97,Card,2025-02-27
ORD02013,Tony Hernandez,Port Amber,West,Furniture,Sofa,5,1550,7750,1213.17,UPI,2024-01-15
ORD02014,Jared Young,Port Ricardofurt,South,Sports,Gym Gloves,6,2583,15498,3271.05,Card,2025-04-05
ORD02015,Kimberly Nguyen,West Amberside,South,Groceries,Eggs,5,1414,7070,1202.52,UPI,2025-03-24
ORD02016,David Peterson,East Daltonton,South,Furniture,Bed,7,1893,13251,3930.56,UPI,2025-07-18
ORD02017,Ariel Gordon,South Tommyport,East,Clothing,Jacket,9,2187,19683,4379.01,Net Banking,2024-10-05
ORD02018,Rebecca Smith,East Hunterside,East,Electronics,Laptop,10,977,9770,1077.69,Cash,2024-10-16
ORD02019,Julia Suarez,South Benjamin,East,Sports,Cricket Bat,8,4428,35424,1801.05,Net Banking,2024-01-21
ORD02020,Jennifer Molina,Sandratown,East,Sports,Tennis Racket,1,4040,4040,397.35,Net Banking,2024-04-21
ORD02021,Charles Ruiz,South Evan,East,Clothing,Jacket,10,1734,17340,3593.05,UPI,2025-11-16
ORD02022,Alison Williams,Lake Dorisstad,North,Groceries,Eggs,10,1707,17070,4652.67,Card,2024-11-28
ORD02023,Alexander Ibarra,West Ericaville,West,Clothing,Shoes,4,4462,17848,2380.16,UPI,2024-08-21
ORD02024,Andrea Harris,Jenniferborough,South,Electronics,Laptop,10,1222,12220,1317.64,Net Banking,2024-02-14
ORD02025,Frank Gilbert,South Brittany,South,Groceries,Rice,2,4593,9186,1472.7,Cash,2024-05-18
ORD02026,Megan Foster,Parkerport,West,Furniture,Sofa,2,399,798,91.06,UPI,2025-08-24
ORD02027,Thomas Webb,Donshire,North,Clothing,Shoes,4,865,3460,467.8,UPI,2024-08-30
ORD02028,William Phillips,North Kristineberg,South,Clothing,Jeans,1,3999,3999,888.77,UPI,2025-07-08
ORD02029,Richard Taylor,North Oscar,South,Groceries,Milk,7,2809,19663,1475.18,Card,2025-05-30
ORD02030,David Nicholson,West Kimberlymouth,South,Electronics,Headphones,6,3023,18138,4322.86,UPI,2025-07-23
ORD02031,Angela Lee,Port Kevinside,South,Electronics,Laptop,5,1677,8385,779.95,UPI,2024-06-09
ORD02032,Derek Barrett,Hunthaven,North,Furniture,Table,4,1719,6876,571.79,Net Banking,2025-04-16
ORD02033,Megan Reid,Keithmouth,East,Furniture,Table,1,1065,1065,246.48,Card,2024-07-28
ORD02034,Heather Colon,North Bonnie,South,Groceries,Milk,2,1403,2806,472.62,Card,2024-01-08
ORD02035,Misty Stein,Jonesfurt,South,Electronics,Phone,7,989,6923,492.96,UPI,2024-06-10
ORD02036,Melinda Peterson,East Timothy,East,Furniture,Bed,2,3660,7320,785.54,Card,2024-06-19
ORD02037,Christine Castillo,Christinetown,West,Groceries,Milk,10,4465,44650,9605.52,Net Banking,2024-08-08
ORD02038,Ashlee Berry,West Erichaven,North,Furniture,Bed,5,2686,13430,1545.22,Cash,2024-08-07
ORD02039,Carlos Mullen,Josephbury,North,Groceries,Bread,7,4486,31402,5219.55,Cash,2024-04-03
ORD02040,Heather Johnson,Wolfeland,South,Electronics,Phone,9,1027,9243,1756.32,UPI,2025-02-08
ORD02041,Ashley Anderson,New Tony,North,Sports,Cricket Bat,9,1998,17982,4490.75,UPI,2024-09-03
ORD02042,Carolyn Lin,North Matthew,East,Furniture,Chair,6,4401,26406,4869.05,Card,2024-09-22
ORD02043,Mrs. Lisa Ward DDS,Josephborough,South,Sports,Cricket Bat,3,460,1380,216.56,Cash,2024-07-29
ORD02044,Susan Green,Waltershaven,North,Electronics,Phone,10,3723,37230,2526.38,Card,2025-10-11
ORD02045,Carolyn Murray,Adamchester,North,Groceries,Milk,5,2866,14330,823.83,UPI,2024-01-12
ORD02046,Craig Powell,North Kristine,North,Electronics,Laptop,6,1451,8706,2084.13,UPI,2025-10-14
ORD02047,Brenda Sherman,East Noahstad,East,Furniture,Bed,2,3696,7392,1817.78,UPI,2025-07-05
ORD02048,Sean Johnston,Ryanview,North,Sports,Football,3,2994,8982,1151.59,Card,2025-11-19
ORD02049,Anthony Jimenez,Jessicabury,West,Clothing,Jacket,3,796,2388,445.23,Card,2024-05-31
ORD02050,Robin Davis,Alvaradobury,North,Groceries,Rice,3,1539,4617,1182.36,Card,2024-10-22
ORD02051,Julie Thompson,New Jasmine,North,Groceries,Eggs,1,4254,4254,674.99,UPI,2024-01-27
ORD02052,Julie Simmons,East Christopher,North,Electronics,Tablet,4,3195,12780,1742.4,Card,2024-12-15
ORD02053,Jason Tucker,South Robertfurt,North,Sports,Tennis Racket,9,1328,11952,1808.29,Cash,2025-07-30
ORD02054,Pamela Austin,West Ashleystad,East,Groceries,Milk,5,4291,21455,2294.85,UPI,2024-11-25
ORD02055,Virginia Romero,West Alexander,North,Clothing,Jacket,3,4825,14475,2081.96,Net Banking,2024-02-12
ORD02056,Brandon Ortiz,Michaelbury,West,Electronics,Headphones,4,2069,8276,1262.47,Card,2025-09-20
ORD02057,Christopher Elliott,New Patricia,North,Electronics,Phone,3,628,1884,122.8,Net Banking,2024-02-18
ORD02058,Ryan Patton,Port Anthonyshire,East,Clothing,T-Shirt,9,4435,39915,9365.12,Cash,2024-09-24
ORD02059,Elizabeth Bell,Vanessamouth,South,Sports,Gym Gloves,8,2139,17112,3061.61,UPI,2025-01-22
ORD02060,Marie Anderson,Smithchester,West,Groceries,Bread,4,1368,5472,1194.26,Card,2024-05-24
ORD02061,Jerry Mccarthy,Paulafurt,West,Furniture,Sofa,7,2537,17759,1592.06,Cash,2024-09-05
ORD02062,Rebekah Brooks,Angelaport,North,Clothing,Shoes,4,952,3808,485.12,Net Banking,2024-09-14
ORD02063,Willie Nichols,Joshuastad,East,Electronics,Headphones,5,3293,16465,1468.15,UPI,2025-01-17
ORD02064,Angela Gutierrez,Lake Christopher,South,Furniture,Bed,4,3123,12492,1686.2,Card,2025-11-30
ORD02065,Mark Bolton,Port Barbarafurt,East,Furniture,Chair,2,3948,7896,1139.53,Card,2025-02-25
ORD02066,Kenneth Payne,New Megan,South,Sports,Football,4,992,3968,563.82,Card,2025-07-23
ORD02067,Gregory Wheeler DVM,Lisaside,North,Clothing,Jeans,8,604,4832,1055.4,Card,2024-12-14
ORD02068,Michelle Watson,East Shannonchester,East,Electronics,Tablet,4,1776,7104,1982.88,Cash,2024-08-01
ORD02069,Ann Rose,West Christina,West,Sports,Tennis Racket,10,2681,26810,7262.03,Cash,2024-05-05
ORD02070,Lindsey Ho,East Amy,West,Furniture,Chair,2,874,1748,398.24,UPI,2025-04-10
ORD02071,Christina Romero,West Laura,South,Sports,Football,10,1727,17270,1904.43,Net Banking,2024-04-03
ORD02072,David Schmidt,East Pamela,West,Furniture,Table,7,2746,19222,5763.93,UPI,2024-02-10
ORD02073,Jonathan Morris,Jaredmouth,West,Electronics,Laptop,10,4236,42360,7377.7,UPI,2024-12-01
ORD02074,James Lewis,North Steven,South,Groceries,Eggs,9,4396,39564,10799.23,Cash,2024-01-11
ORD02075,Caleb Huynh,Port Aliciamouth,North,Electronics,Laptop,10,974,9740,1301.72,Cash,2025-02-28
ORD02076,Kelly Jones,Clarkview,West,Sports,Football,4,3190,12760,1702.99,Card,2025-10-14
ORD02077,Dr. Andrew White,East Lauren,South,Clothing,T-Shirt,7,125,875,236.75,Net Banking,2025-11-27
ORD02078,Michael Zimmerman,South Scottville,North,Clothing,Jacket,3,574,1722,118.93,UPI,2025-09-10
ORD02079,Kimberly Martin,Moonbury,West,Sports,Tennis Racket,2,4517,9034,1111.73,Net Banking,2024-08-24
ORD02080,Erica Wright,Samuelview,South,Clothing,T-Shirt,10,1241,12410,2967.61,Cash,2025-02-21
ORD02081,Lawrence Myers,North Susanfort,West,Furniture,Table,10,4243,42430,3690.16,Card,2024-09-02
ORD02082,Fernando Porter,Rodriguezfurt,East,Clothing,Jacket,7,728,5096,372.29,Cash,2024-02-07
ORD02083,Lisa Russell,Coleburgh,South,Sports,Gym Gloves,1,3105,3105,644.66,Net Banking,2024-12-11
ORD02084,Carla Mack,Bridgesland,North,Groceries,Eggs,7,479,3353,602.99,Cash,2024-04-08
ORD02085,Nicole Fuller,New Aaronstad,South,Groceries,Rice,1,1680,1680,451.43,Card,2024-02-26
ORD02086,Lynn Garcia MD,Port Randymouth,West,Groceries,Eggs,10,824,8240,2097.43,Cash,2024-01-28
ORD02087,Kathy Woodard,New Charlesville,South,Groceries,Rice,6,1843,11058,829.2,Card,2024-06-28
ORD02088,Taylor Rodgers,Morrisland,West,Clothing,Jacket,1,3620,3620,641.71,UPI,2024-07-06
ORD02089,Laura Case,Kimberlyville,South,Groceries,Eggs,7,4698,32886,6940.19,Card,2024-05-26
ORD02090,Brent Turner,Harrisborough,North,Clothing,T-Shirt,2,2083,4166,524.92,Net Banking,2025-07-21
ORD02091,Michael Shaffer,Port Lauren,South,Furniture,Sofa,5,2044,10220,1729.45,Net Banking,2025-11-14
ORD02092,William Ford,Hillton,North,Electronics,Phone,4,3166,12664,2578.73,UPI,2024-05-07
ORD02093,Jesus Chavez,New Michaelhaven,North,Clothing,Shoes,1,489,489,86.48,Card,2025-08-01
ORD02094,Steven Parsons,West Brandonhaven,South,Clothing,Jeans,1,3811,3811,1135.58,Net Banking,2025-08-19
ORD02095,Jon Frederick,North Brandi,East,Sports,Gym Gloves,10,4791,47910,12074.16,Net Banking,2025-11-03
ORD02096,Dylan Pacheco,Winterstown,West,Electronics,Tablet,3,4484,13452,3307.61,Cash,2025-08-16
ORD02097,Cassie Flores,West David,East,Furniture,Sofa,10,943,9430,1165.57,Cash,2025-05-27
ORD02098,Erika Middleton,East Nancyfurt,East,Furniture,Table,2,1615,3230,839.14,Cash,2024-08-16
ORD02099,Matthew Wheeler,Garciahaven,West,Groceries,Eggs,10,4686,46860,13596.76,UPI,2024-02-26
ORD02100,Sharon Moreno,Royborough,West,Sports,Gym Gloves,3,3360,10080,2117.4,UPI,2025-04-13
ORD02101,Steven Whitaker,Derekview,South,Groceries,Milk,4,2635,10540,2006.97,Card,2024-08-21
ORD02102,Ralph Black,New Christian,North,Sports,Tennis Racket,4,4361,17444,1476.3,Card,2025-07-28
ORD02103,Christine Torres,North Cody,West,Electronics,Tablet,7,1065,7455,2202.2,Card,2025-12-12
ORD02104,Tyler Walker,Port Jason,South,Electronics,Phone,7,4937,34559,8320.99,Net Banking,2025-07-11
ORD02105,Lonnie Robinson,Nortonbury,West,Clothing,T-Shirt,9,3232,29088,5620.63,UPI,2024-12-18
ORD02106,Andrew Schmidt,Chandlertown,South,Furniture,Chair,9,4047,36423,9185.35,Cash,2024-04-10
ORD02107,Michael Juarez,Wendytown,East,Sports,Tennis Racket,10,2859,28590,8437.44,Cash,2024-05-03
ORD02108,April Oneal,Ryanstad,East,Clothing,Shoes,9,1320,11880,1308.58,UPI,2024-11-14
ORD02109,Darryl Chapman,Williamsborough,West,Electronics,Phone,8,1932,15456,776.58,Net Banking,2025-11-14
ORD02110,Stephanie Williams,Lake Stephenborough,South,Groceries,Rice,1,1056,1056,272.9,UPI,2025-01-31
ORD02111,Jill Hernandez,South Emily,North,Electronics,Phone,10,2843,28430,7274.96,UPI,2024-01-27
ORD02112,Stacey Johnson,Nicholasfurt,North,Groceries,Rice,10,2387,23870,1671.52,Card,2025-10-06
ORD02113,Parker Freeman,Hillland,South,Electronics,Headphones,7,1551,10857,2884.97,Net Banking,2025-06-18
ORD02114,Daniel Cooper,Williamsside,East,Groceries,Milk,1,3117,3117,327.68,UPI,2024-10-13
ORD02115,Alexa Woods,Grahamtown,West,Groceries,Eggs,8,2406,19248,2842.63,Cash,2024-02-29
ORD02116,Amanda Craig,Rayshire,North,Groceries,Eggs,3,4984,14952,1260.43,Net Banking,2024-01-20
ORD02117,Paul Allen,East Samuelfurt,North,Groceries,Eggs,1,1418,1418,271.34,Card,2025-09-08
ORD02118,Jesus Ryan,New Petershire,South,Electronics,Headphones,9,4470,40230,4654.6,Cash,2024-07-18
ORD02119,Megan Rodgers,West Howard,East,Groceries,Milk,2,1186,2372,684.44,Cash,2024-11-17
ORD02120,Tiffany Velazquez,New Christy,West,Furniture,Sofa,7,990,6930,1155.91,UPI,2024-03-22
ORD02121,Matthew Hernandez,Lonniebury,West,Furniture,Table,2,743,1486,298.29,UPI,2024-01-01
ORD02122,Aaron Mueller,Jamesstad,South,Furniture,Bed,4,4304,17216,5076.76,Net Banking,2024-11-21
ORD02123,Kyle English,East Kyle,North,Groceries,Bread,7,1093,7651,746.71,Card,2025-04-03
ORD02124,Mr. Jesse Norris,Clarkfort,East,Clothing,Jacket,10,502,5020,1162.11,UPI,2024-06-21
ORD02125,Manuel Arnold,West Rosechester,West,Furniture,Bed,5,4280,21400,1300.06,Card,2024-04-06
ORD02126,Amanda Clements,Port Dianaside,North,Clothing,T-Shirt,4,3800,15200,1538.58,Net Banking,2024-09-13
ORD02127,Kelly Armstrong,Nicholsmouth,South,Groceries,Rice,3,3894,11682,2747.95,Cash,2025-05-26
ORD02128,Lauren Stevenson,Lake Jason,South,Electronics,Laptop,3,855,2565,691.38,UPI,2025-08-26
ORD02129,Samuel Johnson,South Gregory,East,Furniture,Sofa,9,3539,31851,2959.11,Net Banking,2025-07-13
ORD02130,Matthew Rodriguez,West Juliaville,South,Sports,Gym Gloves,4,3589,14356,3827.97,UPI,2024-08-25
ORD02131,Laura Simmons,Justinhaven,South,Sports,Cricket Bat,9,2708,24372,3707.13,Net Banking,2024-12-12
ORD02132,Willie Mcgee,North Kenneth,West,Electronics,Headphones,10,4561,45610,10480.98,UPI,2025-03-14
ORD02133,Kathryn Turner,South Jonathanberg,South,Groceries,Eggs,1,3398,3398,901.24,Net Banking,2025-05-23
ORD02134,Sherry Fisher,Sarahshire,South,Sports,Cricket Bat,1,3090,3090,745.1,UPI,2025-01-20
ORD02135,Lance Santiago,East Jeremychester,North,Furniture,Table,4,2961,11844,1563.08,Net Banking,2024-06-12
ORD02136,Alan Cardenas,East Briannabury,East,Clothing,T-Shirt,6,4516,27096,8053.43,Net Banking,2024-04-17
ORD02137,Yolanda Grant,Port Derek,North,Sports,Cricket Bat,2,4383,8766,1865.63,Cash,2024-06-27
ORD02138,Patrick Avila,Jasonport,East,Clothing,Shoes,8,4967,39736,11472.69,Cash,2025-07-24
ORD02139,Charles Newman,Powellstad,North,Groceries,Bread,9,232,2088,601.91,Card,2024-05-09
ORD02140,Taylor Gomez,Carterbury,East,Electronics,Phone,9,3648,32832,9644.48,Card,2025-09-04
ORD02141,Kristy Kelly,East Casey,North,Furniture,Sofa,10,2866,28660,7495.56,UPI,2025-09-16
ORD02142,Carolyn Henderson,Adamton,West,Clothing,Jacket,8,4570,36560,6466.87,UPI,2024-02-06
ORD02143,Leslie Martin,Laurafort,West,Clothing,Jeans,4,4556,18224,2741.13,Cash,2025-02-03
ORD02144,Pamela Martinez,West Michaelton,North,Sports,Cricket Bat,1,3802,3802,451.39,Net Banking,2024-03-20
ORD02145,Karen Jackson,Port Alanland,West,Groceries,Eggs,7,4539,31773,2779.48,Net Banking,2025-09-30
ORD02146,Tammy Baxter,West Desireeport,North,Furniture,Table,6,4328,25968,5043.01,Card,2025-05-20
ORD02147,Ryan White,South Michael,East,Sports,Football,7,1625,11375,2509.15,UPI,2024-08-31
ORD02148,Sarah Smith,Amberbury,East,Clothing,T-Shirt,6,3296,19776,2872.16,Net Banking,2025-09-26
ORD02149,James Morris,Milesport,South,Sports,Football,1,1122,1122,103.2,Card,2025-07-08
ORD02150,Mark Wagner,Kaufmanville,West,Clothing,Jacket,5,1595,7975,2261.37,Net Banking,2025-02-06
ORD02151,Adriana Thompson,Port Samanthaland,South,Furniture,Table,6,2509,15054,1451.54,Card,2024-09-09
ORD02152,Daniel Hart,Thomasmouth,North,Groceries,Milk,4,4574,18296,5308.01,Card,2025-08-09
ORD02153,Lori Ramos,East Davidberg,South,Groceries,Milk,5,752,3760,831.4,Card,2024-12-01
ORD02154,Maria Stark,Whitakerfort,South,Groceries,Milk,6,3287,19722,1812.84,Net Banking,2025-08-12
ORD02155,Teresa Garcia,Jasonfort,East,Sports,Cricket Bat,4,2912,11648,2125.01,UPI,2025-12-03
ORD02156,Lisa Rodriguez,Morganborough,West,Furniture,Chair,9,3304,29736,4231.67,Card,2024-01-27
ORD02157,Jay Hall,Humphreychester,East,Groceries,Bread,1,2725,2725,651.27,Card,2025-11-27
ORD02158,Evelyn Davis,Brownport,North,Furniture,Chair,4,2611,10444,2162.24,UPI,2024-05-02
ORD02159,Morgan Alexander,Cartermouth,East,Groceries,Eggs,3,484,1452,144.89,Cash,2025-12-22
ORD02160,James Simpson,South Jenniferfort,North,Clothing,T-Shirt,2,3083,6166,632.3,Card,2024-11-10
ORD02161,Elizabeth Cox,North Robertfurt,North,Clothing,Shoes,2,2776,5552,1426.31,Cash,2024-07-26
ORD02162,Stephanie Johnson,West Brian,North,Furniture,Sofa,10,1856,18560,4721.38,Cash,2025-05-02
ORD02163,Sarah Burns,Perezton,East,Groceries,Eggs,6,475,2850,153.94,Cash,2025-09-27
ORD02164,Tara Owens,East Luis,West,Electronics,Tablet,2,388,776,189.41,Net Banking,2024-06-30
ORD02165,Timothy Mendoza,Charleshaven,South,Sports,Football,10,4390,43900,7384.94,Net Banking,2024-03-02
ORD02166,Krista Moore,South Brianstad,East,Electronics,Tablet,6,1163,6978,758.87,Net Banking,2025-06-10
ORD02167,Tina Rodriguez,Josephbury,West,Furniture,Table,6,4666,27996,7062.68,UPI,2025-03-14
ORD02168,Andrew Moore,New Jennifertown,South,Clothing,Shoes,8,4514,36112,5797.8,Cash,2024-11-01
ORD02169,Justin Reyes,Port Donnaton,East,Groceries,Bread,9,2863,25767,7621.58,Card,2025-11-16
ORD02170,Kim Obrien,Port Michael,East,Sports,Gym Gloves,6,2699,16194,3998.33,Cash,2025-09-20
ORD02171,Jocelyn Martinez,Spencerfurt,West,Sports,Cricket Bat,5,1072,5360,1564.63,Card,2025-12-10
ORD02172,Jennifer Li,West Conniemouth,East,Electronics,Phone,1,422,422,25.62,Cash,2024-11-10
ORD02173,Steve Adkins,New Brett,East,Sports,Cricket Bat,2,2036,4072,337.09,Card,2024-04-28
ORD02174,Rebecca Morgan,Ashleyview,South,Electronics,Phone,1,2754,2754,371.74,Net Banking,2024-02-04
ORD02175,Jaime Snyder,Garciahaven,West,Sports,Cricket Bat,2,2425,4850,610.21,Net Banking,2025-06-16
ORD02176,Erika Smith,Lake Heather,South,Sports,Gym Gloves,3,4192,12576,3656.77,Net Banking,2025-12-07
ORD02177,Terry Smith,South Randallchester,South,Groceries,Eggs,5,3485,17425,1523.4,Card,2024-01-07
ORD02178,Tammy Hall,Salazarland,South,Sports,Cricket Bat,6,2458,14748,1508.54,Cash,2024-03-12
ORD02179,Jane Hernandez,West Matthew,South,Sports,Football,3,1659,4977,1289.46,Cash,2024-05-09
ORD02180,James Ford,Lake Ashley,North,Electronics,Tablet,10,858,8580,555.52,Cash,2024-01-09
ORD02181,Abigail Aguilar,South Adamland,West,Groceries,Bread,8,1411,11288,1139.97,Card,2025-07-20
ORD02182,Sandra Butler,Rachaelchester,West,Electronics,Phone,8,3409,27272,4899.97,Cash,2024-03-30
ORD02183,Kathleen Marquez,Jameshaven,East,Furniture,Sofa,8,3903,31224,4065.75,Net Banking,2025-01-06
ORD02184,Derek Richardson,Lake Patricialand,South,Furniture,Bed,3,4779,14337,4093.71,UPI,2024-11-29
ORD02185,Tony Rogers,Nathanview,West,Sports,Gym Gloves,7,4636,32452,3578.55,UPI,2024-04-14
ORD02186,Anthony Wall,South Tammyborough,North,Sports,Cricket Bat,8,1090,8720,1843.02,Net Banking,2024-06-28
ORD02187,Mary Schultz,North Rickyville,South,Furniture,Table,8,1879,15032,4230.74,UPI,2025-11-02
ORD02188,Kelli Phillips,Erikabury,South,Clothing,Jeans,3,1371,4113,798.59,Net Banking,2025-08-03
ORD02189,Maria Dominguez,Marcusbury,North,Furniture,Chair,7,2778,19446,4167.51,Card,2025-08-22
ORD02190,Elizabeth Jenkins,South Jimmy,South,Furniture,Table,4,1464,5856,768.75,Cash,2025-01-07
ORD02191,Michael Day,West Christopher,West,Clothing,Jacket,5,3523,17615,1418.7,Net Banking,2025-10-22
ORD02192,Rebecca Massey,Margaretmouth,East,Furniture,Table,7,2474,17318,1935.87,Card,2024-01-21
ORD02193,Erica Gomez,Holtside,West,Clothing,Shoes,10,1054,10540,1002.51,UPI,2025-04-02
ORD02194,Michael Turner,Lake Lisahaven,South,Furniture,Table,8,672,5376,486.65,Net Banking,2024-12-05
ORD02195,Kelly Martinez,New Jenniferbury,South,Sports,Gym Gloves,2,1855,3710,640.28,Cash,2024-11-30
ORD02196,Stephanie Boyd,North Marie,West,Furniture,Table,1,907,907,75.9,UPI,2025-01-08
ORD02197,Joshua Benitez,South Staceymouth,West,Sports,Cricket Bat,3,408,1224,331.51,Net Banking,2024-09-28
ORD02198,William Ortiz,Lake Garychester,East,Sports,Gym Gloves,6,1825,10950,2445.46,Card,2025-12-22
ORD02199,Tasha Gaines,Benjaminchester,South,Furniture,Table,9,3330,29970,8423.84,UPI,2024-02-11
ORD02200,Dr. David Padilla,Nealfurt,East,Clothing,Jacket,4,3277,13108,2770.4,UPI,2025-08-09
ORD02201,Amy Williams,Erikberg,North,Groceries,Rice,6,1435,8610,2484.19,UPI,2025-08-07
ORD02202,Hannah Lopez,Kingshire,East,Furniture,Table,10,2952,29520,6376.38,Cash,2024-04-04
ORD02203,Drew Hill,South Dylan,North,Groceries,Bread,9,1679,15111,969.71,Net Banking,2024-07-20
ORD02204,John Sanchez,North Emilyhaven,North,Groceries,Rice,4,4961,19844,3472.03,Cash,2025-09-15
ORD02205,Edgar Myers,North Roseshire,North,Groceries,Rice,3,1343,4029,317.85,Net Banking,2024-06-10
ORD02206,Melissa Weiss,Roychester,North,Groceries,Eggs,3,538,1614,127.17,UPI,2025-11-20
ORD02207,Patricia Nichols,Chadberg,North,Electronics,Headphones,7,956,6692,551.26,UPI,2024-07-04
ORD02208,Kristopher Marquez,Washingtonhaven,West,Sports,Football,8,1214,9712,2241.04,Cash,2025-11-08
ORD02209,Mary Brooks,New Ronnieville,West,Furniture,Table,1,2505,2505,483.39,Card,2025-03-17
ORD02210,Ralph Armstrong,East Stacy,East,Furniture,Chair,3,3830,11490,2443.42,UPI,2025-11-12
ORD02211,Samantha Horn,West Jeffreyshire,West,Furniture,Sofa,3,922,2766,200.6,Cash,2024-01-24
ORD02212,Troy Weiss,Goodwinchester,East,Clothing,T-Shirt,10,2775,27750,8200.01,Net Banking,2024-06-02
ORD02213,Jessica Griffin,New Sara,East,Furniture,Chair,10,1686,16860,3796.14,Net Banking,2025-01-10
ORD02214,Douglas Palmer MD,Port Wendyburgh,West,Electronics,Laptop,4,4760,19040,3789.93,UPI,2024-05-11
ORD02215,Jeremy Mason,Bakerfort,West,Electronics,Phone,8,1071,8568,732.3,Card,2024-07-14
ORD02216,John Potter,Mortontown,South,Sports,Tennis Racket,9,3103,27927,4100.86,UPI,2024-05-13
ORD02217,Anne Lamb,Joshuafurt,North,Clothing,T-Shirt,3,310,930,79.25,Net Banking,2025-05-08
ORD02218,Katherine Cooke DDS,East Emily,West,Electronics,Tablet,10,1426,14260,2421.74,Card,2025-07-24
ORD02219,Cheryl Gallegos,South Anne,West,Electronics,Phone,10,603,6030,969.5,Net Banking,2024-03-28
ORD02220,Chris Schultz,Lake Anthonyton,North,Sports,Football,7,1969,13783,1137.05,Card,2024-10-15
ORD02221,Selena King,Lake Josephton,East,Clothing,Jacket,3,162,486,51.25,UPI,2025-12-28
ORD02222,Theresa Hutchinson,Port Paulamouth,West,Furniture,Chair,2,238,476,97.12,Net Banking,2025-02-19
ORD02223,David Buckley,Anthonyhaven,East,Clothing,Shoes,5,631,3155,450.29,Card,2025-08-27
ORD02224,Jasmine Charles,Haynesbury,South,Clothing,Shoes,3,2116,6348,716.18,Card,2024-04-18
ORD02225,John Villanueva,Robertbury,North,Groceries,Eggs,1,1005,1005,61.34,UPI,2024-03-01
ORD02226,Zachary Delacruz,Ashleytown,West,Electronics,Phone,1,3479,3479,655.66,Net Banking,2024-04-12
ORD02227,Benjamin Phelps,Watsonton,North,Clothing,T-Shirt,8,1426,11408,1779.09,UPI,2024-02-13
ORD02228,Alicia Costa,Lake Crystalchester,East,Clothing,Shoes,2,1313,2626,520.44,UPI,2024-04-20
ORD02229,Deborah Jackson,Carolynstad,North,Groceries,Rice,4,4264,17056,1033.81,Cash,2025-04-08
ORD02230,Julie Walker,South Ashley,East,Electronics,Headphones,4,2820,11280,788.78,Card,2024-02-18
ORD02231,Jay Williams,Davidville,South,Sports,Tennis Racket,8,2559,20472,2044.61,UPI,2025-02-14
ORD02232,Sara Anderson,East Kimberly,East,Furniture,Chair,1,4729,4729,750.84,Net Banking,2024-12-23
ORD02233,Andrew Vance,Lake Joshua,North,Groceries,Eggs,10,2178,21780,3790.67,UPI,2024-07-28
ORD02234,Vicki York,New Stevenview,East,Clothing,Jeans,4,3397,13588,1211.32,Net Banking,2025-03-26
ORD02235,Caleb Zavala,Royside,South,Groceries,Eggs,3,746,2238,309.53,Cash,2024-03-06
ORD02236,Dalton Riley,East Gabrielfort,West,Groceries,Rice,1,571,571,168.42,Net Banking,2025-02-16
ORD02237,William Bridges,Port Anthony,North,Electronics,Tablet,6,4927,29562,1662.37,UPI,2024-03-10
ORD02238,Andrea Bonilla,Fergusonstad,North,Groceries,Eggs,8,1118,8944,2490.75,Card,2024-02-08
ORD02239,Randall Richardson,Savannahmouth,East,Sports,Cricket Bat,9,4622,41598,2786.49,UPI,2025-07-30
ORD02240,Lisa Hines,Ronaldburgh,East,Clothing,Jeans,2,2694,5388,1326.06,UPI,2024-02-13
ORD02241,Jonathon Dean,West Sarah,West,Sports,Tennis Racket,10,4170,41700,11772.55,Cash,2025-02-08
ORD02242,Kayla Johnson,Sosabury,West,Electronics,Phone,8,4935,39480,6307.1,Net Banking,2024-05-03
ORD02243,Zachary Bennett,Medinaside,South,Sports,Tennis Racket,2,3465,6930,1919.74,Cash,2024-04-11
ORD02244,Edwin Johnson,South Joanne,South,Groceries,Bread,1,4073,4073,692.3,Cash,2024-09-29
ORD02245,Kelsey Hicks,West Emily,East,Furniture,Sofa,7,1599,11193,1149.9,UPI,2025-12-06
ORD02246,Douglas Ali,Nelsonfort,South,Sports,Gym Gloves,1,648,648,147.66,Net Banking,2024-09-27
ORD02247,Amanda Hopkins,Scottberg,South,Furniture,Chair,4,3927,15708,985.6,UPI,2025-04-16
ORD02248,Robert Cline,Wagnerview,North,Electronics,Headphones,1,1397,1397,300.62,Card,2025-11-06
ORD02249,Mark Jensen,Johnsonberg,West,Electronics,Laptop,4,3125,12500,2763.58,Cash,2025-09-21
ORD02250,Christina Zuniga,Hernandezmouth,East,Electronics,Laptop,8,283,2264,526.92,UPI,2025-07-04
ORD02251,Brittney Hall,Andersonview,North,Electronics,Headphones,5,2591,12955,2380.82,Net Banking,2024-06-13
ORD02252,Cathy Fox,Williamsborough,West,Clothing,Jeans,10,3707,37070,10866.32,UPI,2025-01-17
ORD02253,Christopher Chung,Kerrimouth,West,Sports,Cricket Bat,1,310,310,35.61,Net Banking,2024-02-17
ORD02254,Tara Davis,West Albert,North,Clothing,Shoes,2,1573,3146,819.63,Card,2025-01-24
ORD02255,Frank Thomas,Matthewview,West,Sports,Gym Gloves,2,788,1576,446.85,Card,2025-06-07
ORD02256,Nicole Munoz,Matthewfort,West,Furniture,Bed,9,4234,38106,3338.44,UPI,2025-02-05
ORD02257,Cheyenne Mitchell,North Dianamouth,East,Clothing,T-Shirt,10,3005,30050,3225.4,UPI,2024-04-30
ORD02258,John Rowland,Conniebury,South,Sports,Gym Gloves,2,3004,6008,941.98,Cash,2025-05-21
ORD02259,Thomas Fischer,East Amyshire,East,Groceries,Bread,9,4672,42048,4458.46,UPI,2025-01-21
ORD02260,Cynthia Mcdonald,West Kristinetown,West,Groceries,Eggs,3,2499,7497,1574.37,Card,2025-09-11
ORD02261,Andrew Mitchell,West Ashleystad,West,Sports,Gym Gloves,7,4579,32053,3595.18,UPI,2024-09-28
ORD02262,Madison Steele,North Troy,North,Clothing,Shoes,9,2659,23931,2104.07,Cash,2025-03-30
ORD02263,Gavin Montgomery,West Nicholas,South,Sports,Tennis Racket,2,3261,6522,558.18,Net Banking,2024-12-30
ORD02264,Kristy Harper,Courtneyville,East,Clothing,Jeans,1,4216,4216,1230.71,Net Banking,2024-08-15
ORD02265,Melinda Davis,Paulatown,East,Sports,Cricket Bat,10,436,4360,1177.56,Net Banking,2024-05-20
ORD02266,Lisa Spencer,Port Ericamouth,West,Groceries,Milk,9,3746,33714,6759.17,UPI,2024-03-10
ORD02267,Jonathan Ray,Smithfort,South,Sports,Football,2,2556,5112,349.98,Card,2024-04-25
ORD02268,Martha Allen,Lake David,West,Sports,Cricket Bat,4,3437,13748,1058.46,Net Banking,2024-08-06
ORD02269,Arthur Lynch,South Holly,East,Electronics,Tablet,3,2136,6408,390.55,UPI,2024-09-17
ORD02270,Tina Glenn,East Garyland,East,Groceries,Bread,1,1456,1456,203.96,Net Banking,2024-10-12
ORD02271,Anna Lopez,Karenmouth,North,Furniture,Sofa,2,897,1794,282.07,Cash,2025-10-27
ORD02272,Ronnie Mccann,Perezhaven,West,Clothing,Jacket,1,4746,4746,731.35,Net Banking,2024-03-05
ORD02273,Christopher Hood,Higginsstad,North,Electronics,Phone,5,4970,24850,4586.32,UPI,2025-07-13
ORD02274,Emily Graves,East Heather,West,Groceries,Eggs,9,1291,11619,862.41,Card,2024-03-22
ORD02275,David Bradshaw,Heatherland,West,Groceries,Rice,4,2774,11096,2281.75,Card,2025-02-07
ORD02276,Monica Joseph,North Mitchellshire,West,Sports,Gym Gloves,10,4510,45100,9216.26,Net Banking,2024-09-11
ORD02277,Jacob Duran,North Kelly,East,Clothing,Shoes,10,2658,26580,5905.34,Card,2024-04-02
ORD02278,Matthew Ellis,Danielborough,South,Sports,Tennis Racket,6,503,3018,234.38,Cash,2025-09-20
ORD02279,Marcus Bean,Johnsonmouth,North,Electronics,Headphones,6,2118,12708,2849.74,Card,2025-01-25
ORD02280,Lauren Gonzalez,Lake Tiffany,South,Electronics,Laptop,8,743,5944,925.01,Net Banking,2024-03-04
ORD02281,Jonathan Reynolds,Cathyshire,South,Furniture,Bed,6,2136,12816,1956.97,UPI,2025-12-27
ORD02282,Cody Garcia,Jasonland,West,Sports,Tennis Racket,6,3150,18900,3777.61,UPI,2025-01-23
ORD02283,Tammie Randall,Michaelchester,East,Electronics,Laptop,10,4789,47890,5999.81,Card,2024-05-19
ORD02284,Danielle Clark,Deniseport,East,Furniture,Chair,5,3182,15910,4767.59,Net Banking,2025-11-29
ORD02285,Cheryl Johnson,Jefferytown,East,Groceries,Eggs,7,509,3563,469.31,Cash,2025-03-22
ORD02286,Anthony Washington,Catherineshire,West,Electronics,Tablet,6,3570,21420,5704.03,Card,2025-05-16
ORD02287,Garrett Johnson,Heatherberg,East,Sports,Football,10,3791,37910,9311.8,Cash,2024-11-11
ORD02288,Phillip Hayes,Stacyview,East,Furniture,Chair,7,1171,8197,906.83,Net Banking,2025-01-13
ORD02289,Samuel Hinton,Wrightshire,North,Groceries,Milk,3,3530,10590,1420.4,UPI,2024-10-23
ORD02290,Jasmine Lopez,North Michael,North,Groceries,Bread,10,2942,29420,3154.58,Net Banking,2024-02-24
ORD02291,Michael Perkins,East Ericburgh,West,Furniture,Table,2,1532,3064,269.75,Net Banking,2024-07-04
ORD02292,Bradley Goodwin,Lake Michael,North,Groceries,Eggs,5,3386,16930,1415.08,Net Banking,2024-11-19
ORD02293,John Davis,Andreashire,North,Electronics,Laptop,2,1548,3096,372.24,Card,2024-04-12
ORD02294,Shannon Castillo,Rachelville,North,Sports,Tennis Racket,9,4335,39015,8187.47,UPI,2024-03-02
ORD02295,Heather Hanson,New Scott,West,Electronics,Headphones,10,4329,43290,12791.96,Cash,2025-05-07
ORD02296,Stephanie Sexton,East Cynthia,West,Furniture,Chair,3,4833,14499,2883.58,UPI,2025-01-01
ORD02297,Matthew Small,Austinfort,West,Clothing,Shoes,3,3446,10338,2565.19,UPI,2024-06-17
ORD02298,Joe Brooks,Lake Sheri,South,Furniture,Chair,3,538,1614,162.97,Net Banking,2024-09-14
ORD02299,Amanda Evans,West Thomasville,North,Clothing,Jeans,7,2932,20524,4599.6,Net Banking,2025-01-30
ORD02300,Patricia Pearson,East Davidstad,South,Sports,Tennis Racket,3,3118,9354,2767.38,Card,2025-06-10
ORD02301,Heather Roberts,Whiteborough,East,Furniture,Chair,9,2005,18045,3173.5,Card,2024-09-16
ORD02302,Bryan Long,Levyshire,East,Electronics,Laptop,7,2184,15288,1932.03,Net Banking,2025-01-11
ORD02303,Vicki Taylor,New Shelly,South,Clothing,Jeans,4,728,2912,226.7,Net Banking,2024-07-17
ORD02304,Sarah Smith,Port Stephaniefort,South,Clothing,Shoes,10,795,7950,1293.37,Cash,2025-02-11
ORD02305,Dr. Joseph Mcknight DDS,North Michaelview,West,Clothing,Jeans,8,1490,11920,687.5,Cash,2025-07-22
ORD02306,Rebecca Black,Rodriguezport,North,Electronics,Headphones,6,203,1218,260.36,Net Banking,2024-03-03
ORD02307,Cindy Nelson,North Holly,North,Furniture,Chair,5,2794,13970,3194.79,Net Banking,2024-07-18
ORD02308,Michael White,Philipville,East,Sports,Cricket Bat,6,4567,27402,4816.18,Cash,2024-05-28
ORD02309,Phillip Johnson,Port Benjamin,North,Clothing,Jeans,5,196,980,57.76,UPI,2025-12-17
ORD02310,Mary Clements,East Deborah,West,Groceries,Eggs,8,4238,33904,4124.47,Card,2024-03-09
ORD02311,Tammy Schneider,Lindaland,East,Furniture,Sofa,5,2183,10915,3047.44,Card,2025-01-03
ORD02312,Patricia Castillo,North Daisyview,North,Groceries,Rice,9,1822,16398,4179.23,Net Banking,2025-01-05
ORD02313,Jason Walker,Thomashaven,East,Sports,Cricket Bat,8,4625,37000,2841.17,Cash,2025-10-19
ORD02314,George Moreno,East Sarah,East,Sports,Football,3,4496,13488,2213.7,Net Banking,2025-05-29
ORD02315,Erika Vaughan,South Diamond,North,Sports,Gym Gloves,10,4422,44220,7898.71,Card,2024-06-07
ORD02316,Kelly Hardy,Hollyfurt,East,Clothing,Shoes,10,1188,11880,3081.41,Net Banking,2024-04-17
ORD02317,Robert Cox,New Anna,West,Furniture,Sofa,7,2005,14035,829.57,Card,2024-04-01
ORD02318,Bruce Lang,Port Douglashaven,South,Furniture,Sofa,3,1768,5304,1367.96,Net Banking,2025-10-26
ORD02319,Austin Webster,West Kelsey,North,Furniture,Table,4,4753,19012,4716.63,Net Banking,2024-06-03
ORD02320,Anna Smith,Warnerport,North,Electronics,Headphones,3,4741,14223,1458.18,Cash,2024-06-25
ORD02321,Elizabeth Kennedy,Jamesshire,South,Furniture,Table,2,466,932,236.78,Cash,2024-01-16
ORD02322,Daisy Harrison,Stevensmouth,West,Furniture,Chair,1,616,616,137.32,Net Banking,2025-01-30
ORD02323,Christopher Dorsey,East Brianatown,West,Groceries,Rice,1,344,344,60.88,Net Banking,2025-10-08
ORD02324,Rhonda Wade,Gutierrezland,East,Electronics,Laptop,9,784,7056,1795.45,Net Banking,2024-07-12
ORD02325,Alyssa Martin DVM,Josephberg,East,Electronics,Tablet,1,2027,2027,556.28,Cash,2024-10-23
ORD02326,Adrian Butler,East Deanmouth,South,Electronics,Laptop,8,2363,18904,2935.51,Cash,2025-07-17
ORD02327,Henry Moore,Timothychester,North,Clothing,Jacket,7,4922,34454,4447.94,UPI,2025-11-23
ORD02328,Anna Marsh,West Stacyburgh,South,Electronics,Phone,1,3844,3844,994.92,UPI,2025-02-17
ORD02329,Phillip Potter,East Jennifer,East,Clothing,Jacket,6,4919,29514,4273.55,UPI,2024-03-17
ORD02330,Wendy Curtis,East Joanne,North,Electronics,Headphones,7,3294,23058,3585.99,UPI,2024-04-04
ORD02331,Dr. Craig Foster DVM,Emilyton,South,Groceries,Bread,5,808,4040,918.05,Card,2025-12-21
ORD02332,Sally Mclean,Fernandezchester,East,Electronics,Headphones,9,2753,24777,1861.82,Net Banking,2025-09-20
ORD02333,Joseph Saunders,Lake Davidmouth,West,Electronics,Laptop,6,4701,28206,6770.91,Cash,2025-03-16
ORD02334,Alexis Diaz,South Daltonmouth,West,Clothing,Jeans,7,4476,31332,7250.35,Cash,2025-08-01
ORD02335,Andrew Nelson,East Tiffanyberg,North,Groceries,Eggs,1,4425,4425,480.2,Net Banking,2025-03-19
ORD02336,Cynthia Bass,Lisafort,West,Sports,Gym Gloves,10,695,6950,980.1,Cash,2025-01-14
ORD02337,Andrea Willis,North Tracychester,North,Clothing,Shoes,2,4764,9528,1558.95,Cash,2025-01-21
ORD02338,Cynthia Vance,Juanland,East,Furniture,Chair,2,1187,2374,374.86,Net Banking,2025-12-19
ORD02339,Garrett Cox,East Tammy,North,Sports,Cricket Bat,7,220,1540,193.55,Card,2024-03-21
ORD02340,Mrs. Latoya Lopez DDS,East Markfurt,North,Furniture,Chair,8,3059,24472,3276.89,Net Banking,2024-11-17
ORD02341,Jack Miller,Christopherburgh,West,Groceries,Eggs,5,839,4195,913.42,Card,2024-05-21
ORD02342,Amanda Mckay,Lake Timothyville,South,Groceries,Milk,2,891,1782,330.48,Card,2025-10-22
ORD02343,Vickie Jones,Lake Hannahtown,South,Electronics,Headphones,3,3669,11007,1283.06,Net Banking,2024-06-15
ORD02344,Chad Perkins,East Brenda,East,Clothing,T-Shirt,8,537,4296,1085.99,Card,2024-09-27
ORD02345,Mr. Joseph Perez Jr.,Gravesstad,West,Furniture,Chair,9,2939,26451,5825.93,UPI,2025-01-16
ORD02346,Mrs. Darlene Taylor,Michellemouth,South,Clothing,Shoes,9,1135,10215,518.12,Cash,2025-08-14
ORD02347,David Jackson,New Mary,North,Clothing,Shoes,1,4806,4806,262.0,Net Banking,2024-02-20
ORD02348,Mary Johnson,Theresaside,South,Furniture,Sofa,7,2353,16471,4738.04,Cash,2025-04-15
ORD02349,Joshua Lee,Michelleville,East,Furniture,Sofa,8,1555,12440,2186.64,Card,2025-07-27
ORD02350,Joseph Bates,Kennedychester,South,Electronics,Laptop,2,4077,8154,1468.07,Cash,2025-06-13
ORD02351,Tammy Bullock,South Vanessa,North,Clothing,Shoes,4,838,3352,281.78,Net Banking,2025-03-05
ORD02352,Brittany Willis,Bakertown,North,Sports,Tennis Racket,1,4044,4044,268.84,UPI,2024-12-25
ORD02353,James Flores,Jacksonberg,North,Electronics,Tablet,1,1558,1558,406.58,Card,2024-04-21
ORD02354,Matthew Graves,Glennshire,West,Furniture,Bed,2,457,914,215.67,UPI,2024-08-20
ORD02355,Matthew Anderson,South Gerald,West,Sports,Cricket Bat,4,459,1836,106.87,Card,2024-03-13
ORD02356,Donna Brown,New Earl,North,Electronics,Laptop,8,2200,17600,4866.62,Card,2025-10-31
ORD02357,Kathy Mendez,Hawkinsmouth,West,Sports,Tennis Racket,5,1959,9795,2475.02,Net Banking,2024-05-24
ORD02358,Michelle Clayton,Craigchester,East,Sports,Cricket Bat,7,2923,20461,1695.73,Net Banking,2024-09-20
ORD02359,Lauren Williams,Lake Kimberly,South,Electronics,Headphones,2,4316,8632,2429.25,Card,2025-04-30
ORD02360,Bethany Ross,South Elizabeth,North,Sports,Football,4,679,2716,159.92,Cash,2024-12-06
ORD02361,Michael Hall,Michaelhaven,South,Clothing,Shoes,4,1600,6400,429.95,Card,2024-10-30
ORD02362,Johnny Humphrey,Stevenschester,West,Groceries,Bread,9,2082,18738,2517.43,UPI,2024-06-04
ORD02363,Tanya Evans,Tammyhaven,West,Groceries,Bread,9,3666,32994,1970.71,Cash,2025-03-15
ORD02364,Ashley Banks,West Leah,South,Sports,Cricket Bat,5,2554,12770,3610.55,Card,2025-05-30
ORD02365,Dr. Kathleen Wright,South Rileystad,East,Furniture,Sofa,4,3234,12936,3625.76,Net Banking,2025-10-07
ORD02366,John Swanson,Jonathanmouth,East,Furniture,Chair,6,2836,17016,1076.57,UPI,2025-03-30
ORD02367,Alison Phillips,West Shelby,West,Groceries,Bread,8,2848,22784,3146.69,Cash,2025-01-07
ORD02368,Lauren Hoover,Virginiachester,East,Furniture,Table,1,4966,4966,290.53,UPI,2024-12-07
ORD02369,Jason Spencer,Rodneyborough,North,Electronics,Headphones,5,325,1625,351.85,Cash,2025-09-06
ORD02370,Jesse Guzman,Thompsonmouth,North,Electronics,Laptop,2,3890,7780,1903.98,UPI,2025-02-01
ORD02371,Christopher Warren,Aaronchester,South,Furniture,Sofa,5,3746,18730,4129.86,Cash,2024-02-25
ORD02372,Nicole Black,Port Leslie,East,Electronics,Headphones,10,3138,31380,8781.51,UPI,2024-11-18
ORD02373,Richard Coleman,Samanthaland,East,Furniture,Chair,2,1207,2414,230.68,UPI,2024-11-17
ORD02374,Jamie Robles,Port Christy,East,Electronics,Phone,7,515,3605,251.39,Cash,2024-04-23
ORD02375,Brittany Adams,South Stephanie,East,Furniture,Sofa,10,2226,22260,3562.46,UPI,2025-09-24
ORD02376,James Faulkner,Lake David,South,Groceries,Bread,1,4133,4133,309.86,Cash,2025-03-29
ORD02377,Jasmine Walker,South Mercedeschester,North,Groceries,Rice,6,4932,29592,6466.38,Cash,2025-10-21
ORD02378,Mike Tate,Higginsborough,South,Electronics,Laptop,1,3316,3316,404.42,Card,2025-11-24
ORD02379,Lisa White,South Luke,South,Electronics,Phone,10,1070,10700,543.04,UPI,2024-12-22
ORD02380,Charlotte White,Tylerfurt,North,Furniture,Bed,1,4249,4249,862.1,UPI,2024-10-18
ORD02381,Paul Burgess,Kellyport,East,Sports,Tennis Racket,10,868,8680,2507.24,Cash,2025-10-31
ORD02382,Tina Vasquez,North Brandon,East,Sports,Tennis Racket,6,2095,12570,3485.98,Cash,2025-12-03
ORD02383,Christopher Kennedy,Thomasburgh,West,Electronics,Tablet,7,678,4746,276.76,UPI,2025-02-21
ORD02384,Aaron Paul,Ramirezhaven,North,Electronics,Headphones,10,3610,36100,10314.71,UPI,2025-07-14
ORD02385,Christina Kim,West Kevin,South,Sports,Gym Gloves,8,4011,32088,3712.32,Net Banking,2025-12-13
ORD02386,Megan Watkins,Myersview,East,Sports,Tennis Racket,3,1884,5652,1218.31,Card,2025-08-06
ORD02387,Phillip Ortiz,Garrisonview,West,Sports,Tennis Racket,4,268,1072,54.34,Net Banking,2025-05-17
ORD02388,Tina Coleman,Jonesport,East,Furniture,Sofa,6,165,990,103.45,UPI,2025-10-10
ORD02389,Cody Kelly,Smithborough,West,Electronics,Headphones,4,3208,12832,1646.04,Cash,2024-05-13
ORD02390,Daniel Sanders,Juliafort,North,Clothing,T-Shirt,8,4501,36008,4093.85,Cash,2025-08-19
ORD02391,Gregory Newton,East Carolyn,North,Sports,Cricket Bat,4,1913,7652,971.26,UPI,2024-04-07
ORD02392,William Russell,Fisherview,West,Electronics,Laptop,7,480,3360,467.18,Card,2024-01-06
ORD02393,Richard Williams,South Tanyaville,West,Furniture,Chair,3,1055,3165,228.19,Cash,2025-02-06
ORD02394,Michael Russo,Port Amyport,East,Furniture,Chair,5,2840,14200,4109.79,Net Banking,2025-04-12
ORD02395,Johnny Gill,South Michaelfurt,West,Clothing,Jeans,2,1500,3000,595.06,Card,2025-08-30
ORD02396,Edwin Clarke,Parkerfurt,West,Furniture,Bed,1,1991,1991,574.03,Cash,2024-09-03
ORD02397,Roger Hudson,East Jonathan,North,Electronics,Phone,8,3131,25048,3467.41,Card,2024-07-10
ORD02398,Valerie Morris,Teresaland,North,Groceries,Eggs,1,4981,4981,406.05,UPI,2025-03-31
ORD02399,Alexis Dickerson,North James,West,Clothing,Jeans,4,4611,18444,950.42,Cash,2024-07-12
ORD02400,Alice Odom,Robinsonland,North,Electronics,Phone,2,2988,5976,1653.72,Net Banking,2025-06-21
ORD02401,Anthony Vazquez,Stevenfort,West,Electronics,Tablet,10,873,8730,1383.13,Cash,2024-04-24
ORD02402,Meghan Kennedy,Port Caleb,East,Sports,Tennis Racket,6,4607,27642,5187.03,Net Banking,2025-08-25
ORD02403,Robert Holt,Vargasmouth,North,Groceries,Milk,2,3227,6454,1219.83,Card,2024-02-15
ORD02404,Austin Campbell,Powellport,South,Furniture,Bed,9,1869,16821,1123.51,Net Banking,2025-01-19
ORD02405,William Alexander,Jonathanstad,North,Furniture,Sofa,6,2647,15882,4233.48,Cash,2025-11-04
ORD02406,Jessica Sandoval,Port Russellmouth,South,Furniture,Bed,3,109,327,20.76,Card,2025-07-18
ORD02407,Gary Patrick,Williamshaven,North,Sports,Cricket Bat,4,1208,4832,1041.88,Card,2024-06-08
ORD02408,Paul Gonzalez,Valerieport,South,Electronics,Tablet,5,4091,20455,6072.08,Cash,2025-11-01
ORD02409,Rebecca Jones,New Victor,South,Sports,Football,2,3552,7104,2084.91,UPI,2025-01-03
ORD02410,William Hill,South Theodoreborough,East,Furniture,Chair,3,395,1185,247.09,Cash,2024-02-21
ORD02411,Patricia Clark,Jenkinsfurt,North,Furniture,Table,3,3695,11085,1934.41,Cash,2024-05-10
ORD02412,Mariah Morris,Gibsonmouth,East,Clothing,Jeans,1,1170,1170,205.73,UPI,2025-03-03
ORD02413,Mary Swanson,North Brian,East,Groceries,Bread,7,1714,11998,608.56,Cash,2024-02-28
ORD02414,Mark Williams,New Jasonton,North,Groceries,Eggs,8,3015,24120,3605.24,Cash,2025-08-21
ORD02415,Debra Kelley,Travisberg,West,Furniture,Chair,1,1426,1426,424.47,UPI,2024-04-01
ORD02416,Ronald Aguilar,Nicoletown,South,Groceries,Bread,7,434,3038,805.53,UPI,2024-06-11
ORD02417,Mitchell Davis,West Jesse,West,Electronics,Tablet,4,4533,18132,4629.0,Net Banking,2024-03-09
ORD02418,Kathy Wright,Andersonfurt,North,Furniture,Table,10,764,7640,1912.79,Net Banking,2024-07-26
ORD02419,Kenneth Chavez,North Lesliestad,East,Groceries,Rice,9,557,5013,710.46,Net Banking,2025-07-24
ORD02420,Elizabeth Davis,Jamesport,South,Groceries,Eggs,1,3238,3238,351.22,UPI,2025-02-07
ORD02421,Lindsay Williams,Rebeccaville,East,Sports,Gym Gloves,6,3062,18372,1196.22,Card,2025-08-18
ORD02422,Lisa Hampton,North Rhonda,East,Clothing,T-Shirt,8,3634,29072,4299.14,Cash,2024-07-20
ORD02423,Richard Jacobs,Lake Eric,West,Furniture,Bed,6,169,1014,127.33,Cash,2025-09-11
ORD02424,Eric Guzman,West Robert,North,Groceries,Milk,3,1483,4449,651.04,UPI,2025-03-20
ORD02425,William Hernandez,West Ronniebury,South,Clothing,Jeans,5,1873,9365,2308.08,Card,2025-11-12
ORD02426,Lee Smith,New Deborahport,North,Sports,Tennis Racket,5,1339,6695,504.49,Net Banking,2025-06-11
ORD02427,Amanda Flynn,Dyerfurt,East,Sports,Football,10,3438,34380,2986.93,UPI,2024-09-02
ORD02428,Veronica Herrera,New Cynthia,South,Sports,Gym Gloves,5,1907,9535,955.92,Cash,2024-12-12
ORD02429,Andrea Mata,Kennethtown,South,Clothing,Shoes,3,3095,9285,2011.85,Cash,2025-01-08
ORD02430,Jonathan Velasquez,Robertschester,North,Furniture,Sofa,4,384,1536,387.42,UPI,2024-09-03
ORD02431,Thomas Howard,North Melissa,East,Clothing,Shoes,7,329,2303,330.4,Net Banking,2024-09-30
ORD02432,Mark Ayala,Lisaton,East,Groceries,Bread,8,2810,22480,5597.89,Card,2025-02-15
ORD02433,Dr. Elaine Williams,Alexandraton,East,Furniture,Sofa,4,3676,14704,2097.96,Net Banking,2025-04-28
ORD02434,Elizabeth Reed,Stephaniestad,South,Groceries,Eggs,2,3629,7258,741.44,UPI,2024-10-14
ORD02435,Hayden Miller,North Michelle,North,Furniture,Sofa,5,3130,15650,869.07,Card,2025-12-15
ORD02436,Erika Braun,Robertbury,West,Sports,Tennis Racket,9,817,7353,1865.39,Cash,2024-07-08
ORD02437,Joshua Welch,Johnnyfurt,South,Clothing,Jacket,10,3223,32230,4810.93,UPI,2025-04-02
ORD02438,Eric Morgan,West Timothy,North,Furniture,Chair,8,2362,18896,1590.61,Card,2025-01-11
ORD02439,Jennifer Coleman MD,Youngborough,East,Furniture,Bed,2,2442,4884,308.47,Cash,2025-11-14
ORD02440,Brenda James,New Lindamouth,East,Furniture,Table,7,1053,7371,923.21,Cash,2024-11-20
ORD02441,Phillip Cantu,Port Mark,South,Electronics,Headphones,10,3480,34800,3654.09,UPI,2025-04-13
ORD02442,Angela Holmes,Leehaven,East,Electronics,Laptop,9,1099,9891,1720.25,Cash,2025-06-27
ORD02443,Jeremy Bradley,Andersonberg,North,Furniture,Chair,2,3117,6234,1449.23,Card,2025-04-02
ORD02444,Pamela Snow,New Joshuachester,East,Clothing,Jeans,4,3071,12284,3119.05,Cash,2025-11-04
ORD02445,Paul Donovan,Port Brandichester,West,Groceries,Eggs,5,2287,11435,2984.94,UPI,2025-10-28
ORD02446,Evan Hood,Jenniferton,North,Electronics,Headphones,4,1440,5760,1540.36,Net Banking,2025-11-23
ORD02447,Mr. Marco James,New Roberto,West,Clothing,Jeans,4,3743,14972,2480.86,Net Banking,2024-05-15
ORD02448,Scott Moore,New Brenda,East,Clothing,Shoes,4,1697,6788,1133.65,UPI,2024-04-24
ORD02449,Dr. William Weeks MD,Port Thomashaven,North,Electronics,Tablet,3,3698,11094,3140.79,Card,2024-03-05
ORD02450,Lisa Smith,Robinmouth,South,Clothing,T-Shirt,1,307,307,86.02,Cash,2025-05-10
ORD02451,Jessica Johnson,Annaburgh,North,Electronics,Tablet,3,2719,8157,1352.26,Net Banking,2024-07-18
ORD02452,Jacqueline Meyer,Daniellebury,South,Electronics,Tablet,4,4799,19196,4282.15,Net Banking,2024-05-06
ORD02453,Susan Farmer,East Brianmouth,North,Sports,Football,8,1447,11576,3207.81,Cash,2024-07-22
ORD02454,Norma Yates,Sabrinaview,South,Groceries,Bread,6,1362,8172,1467.07,UPI,2025-02-04
ORD02455,Andre Alexander,Lorimouth,South,Sports,Cricket Bat,10,4070,40700,10013.15,Card,2024-12-18
ORD02456,Christopher Taylor,Luishaven,West,Sports,Tennis Racket,4,2022,8088,704.38,Cash,2024-06-03
ORD02457,James Perez,New Meganville,West,Sports,Cricket Bat,9,1527,13743,692.04,Cash,2025-01-07
ORD02458,Charles Thompson,Dylanberg,East,Clothing,Jeans,3,1956,5868,914.27,UPI,2024-03-30
ORD02459,Eric Waters,Port Angela,North,Groceries,Eggs,2,501,1002,188.18,Cash,2025-04-15
ORD02460,Sabrina Smith,Owensville,West,Groceries,Eggs,2,4242,8484,2135.69,UPI,2024-07-23
ORD02461,Sydney Cooper,Jessicaport,East,Electronics,Laptop,8,1121,8968,798.09,Cash,2024-04-12
ORD02462,Joshua Townsend,Danaborough,West,Sports,Cricket Bat,2,4138,8276,1792.21,Card,2025-10-07
ORD02463,Jeffrey Johnson,South Douglasburgh,East,Sports,Tennis Racket,7,4019,28133,2815.44,Cash,2025-03-29
ORD02464,Kara Wilson,Lake Emily,North,Furniture,Table,4,1351,5404,461.55,UPI,2024-06-14
ORD02465,Sheila Green DDS,Michellemouth,South,Sports,Tennis Racket,5,1361,6805,929.06,Cash,2025-11-17
ORD02466,Andrea Robertson,Alexistown,East,Furniture,Sofa,7,568,3976,573.56,Cash,2025-09-24
ORD02467,Mark Smith,Adamland,West,Clothing,T-Shirt,7,2084,14588,3767.77,Cash,2025-10-12
ORD02468,Jennifer Zhang,Claireberg,West,Electronics,Laptop,9,554,4986,587.79,Card,2025-12-01
ORD02469,Timothy Ellis,Tonistad,East,Electronics,Phone,1,4077,4077,885.73,UPI,2024-08-22
ORD02470,Lydia Walls,Millerhaven,South,Sports,Tennis Racket,3,211,633,172.25,Net Banking,2024-03-14
ORD02471,Kimberly Perry,Port Jerry,West,Furniture,Bed,1,4267,4267,1050.26,Cash,2025-11-10
ORD02472,Mikayla Villa,Rodgersside,West,Sports,Gym Gloves,6,3263,19578,1288.51,UPI,2024-10-10
ORD02473,Joan Mills,Sharonborough,North,Clothing,Jacket,5,4758,23790,1622.01,Card,2024-06-27
ORD02474,Alyssa Giles,Smithport,East,Electronics,Headphones,5,689,3445,238.99,Card,2025-11-20
ORD02475,Jonathan Holmes,Lindseychester,West,Groceries,Bread,1,4765,4765,1350.1,Cash,2024-04-03
ORD02476,Kenneth Baker,Coxchester,North,Sports,Tennis Racket,8,4582,36656,6384.11,Net Banking,2024-07-08
ORD02477,Cynthia Kelly,Williammouth,North,Electronics,Phone,1,2177,2177,200.68,UPI,2024-06-11
ORD02478,Sara Peters,North Christopher,South,Sports,Gym Gloves,2,1213,2426,563.42,Card,2024-04-01
ORD02479,Daniel Gutierrez,Lake Shannonville,West,Electronics,Phone,10,2095,20950,4985.56,Net Banking,2025-03-16
ORD02480,Robert Richards,Lake Mariaborough,West,Sports,Gym Gloves,7,397,2779,532.45,Cash,2025-06-19
ORD02481,Anna Rodriguez,New Melanie,North,Electronics,Phone,7,4118,28826,7878.12,Cash,2024-08-24
ORD02482,Angela Mcconnell,Tuckerstad,West,Furniture,Bed,7,331,2317,382.53,Net Banking,2024-12-13
ORD02483,Mrs. Julie Hernandez,Sarahport,East,Clothing,Jeans,4,4783,19132,5261.82,Cash,2025-12-16
ORD02484,Alan Hansen,South Matthewborough,East,Electronics,Laptop,7,2793,19551,2486.72,Cash,2024-02-01
ORD02485,Rebecca Lam,Collinsmouth,North,Furniture,Chair,3,474,1422,127.46,Card,2025-08-23
ORD02486,Rachel Robinson,South Lawrence,West,Electronics,Tablet,8,3197,25576,3019.81,Card,2024-10-16
ORD02487,Christopher Nichols,Carterland,West,Groceries,Rice,1,109,109,9.27,Net Banking,2025-07-28
ORD02488,Jonathan Hooper,Williamchester,West,Clothing,Jacket,9,3665,32985,5742.79,Net Banking,2024-10-31
ORD02489,Bradley Kerr,Garciaton,West,Clothing,T-Shirt,7,1749,12243,1792.55,UPI,2024-12-21
ORD02490,Shannon Dunlap,Port Toddmouth,East,Clothing,Jacket,1,288,288,43.68,Cash,2024-12-27
ORD02491,Randy Robinson,North Ericborough,West,Groceries,Milk,1,4923,4923,1155.82,Cash,2024-10-05
ORD02492,Amanda Peterson,North Jennifer,East,Groceries,Eggs,2,1000,2000,541.37,Cash,2025-08-02
ORD02493,Emily Rogers,Lake Matthewhaven,East,Sports,Gym Gloves,4,2730,10920,1108.08,Net Banking,2025-12-12
ORD02494,Kathryn Escobar,Kirkview,South,Electronics,Phone,6,2965,17790,1379.27,Net Banking,2025-06-25
ORD02495,Caleb Gonzalez,East Jasonberg,East,Groceries,Milk,7,2555,17885,1943.97,Card,2024-03-21
ORD02496,Edward Garrison,Smithside,West,Sports,Tennis Racket,10,3323,33230,4558.17,Net Banking,2024-10-15
ORD02497,Troy Schmidt,Madisonport,South,Furniture,Sofa,6,2244,13464,3617.3,Card,2024-10-26
ORD02498,John Martinez,Greenshire,South,Clothing,T-Shirt,5,1093,5465,813.63,Cash,2025-09-09
ORD02499,Joann Williams,New Janiceton,East,Clothing,Jacket,10,3793,37930,4599.86,Net Banking,2025-08-11
ORD02500,Mr. Bryan Pruitt,New Linda,North,Clothing,T-Shirt,9,4698,42282,3925.22,Card,2024-08-17
ORD02501,Victoria Scott,New Carmen,East,Sports,Gym Gloves,3,4007,12021,2775.49,UPI,2024-08-11
ORD02502,Mariah Wu,Maryport,West,Furniture,Table,2,165,330,98.81,Cash,2025-08-07
ORD02503,Jacqueline Ramsey,East Charles,East,Electronics,Phone,2,4021,8042,1933.47,Card,2025-05-05
ORD02504,Stephen Bowman,New Ericaville,East,Sports,Tennis Racket,4,2451,9804,2035.06,Card,2025-02-26
ORD02505,Shelley Parker,Port Jonathanberg,East,Groceries,Milk,3,405,1215,135.0,Card,2024-02-13
ORD02506,Kim Wallace,Mathisstad,South,Sports,Gym Gloves,5,3225,16125,4550.88,UPI,2024-05-31
ORD02507,Denise Dudley,Pattersonville,South,Electronics,Phone,6,973,5838,490.92,Net Banking,2024-04-27
ORD02508,Mary Fischer,West Lisa,South,Clothing,Shoes,6,4431,26586,6028.23,Card,2025-02-05
ORD02509,Deborah Rose,Alexhaven,North,Sports,Tennis Racket,8,118,944,178.27,Cash,2025-03-16
ORD02510,Theresa Johnson,Michellehaven,East,Electronics,Tablet,6,4626,27756,3458.01,Net Banking,2024-09-22
ORD02511,Richard Mitchell,Melissashire,East,Groceries,Milk,2,693,1386,146.51,UPI,2025-07-09
ORD02512,Marcus Freeman,North Patriciamouth,South,Furniture,Sofa,3,1660,4980,1280.87,UPI,2024-06-10
ORD02513,Jason Taylor,North Nicholas,West,Furniture,Table,5,3847,19235,2369.54,Cash,2024-09-28
ORD02514,Karen Long,East Gabrielle,West,Electronics,Laptop,5,2000,10000,2158.21,Net Banking,2025-08-16
ORD02515,Michael Anderson,Coleberg,East,Sports,Football,1,4623,4623,1145.89,Cash,2025-10-28
ORD02516,Eric Howard,New Jason,North,Sports,Tennis Racket,7,4872,34104,9883.88,Net Banking,2024-06-05
ORD02517,John Bernard,East Michaelchester,East,Groceries,Bread,2,3915,7830,907.29,Cash,2024-02-08
ORD02518,Chad Hunt,Lake Jesse,North,Clothing,T-Shirt,3,1970,5910,1088.27,Cash,2025-01-10
ORD02519,Reginald Lewis,Larryberg,East,Furniture,Sofa,7,3301,23107,3109.86,Cash,2025-04-04
ORD02520,Scott Silva,Mcdonaldmouth,South,Furniture,Table,3,4362,13086,3906.22,UPI,2025-09-30
ORD02521,Sheila Bernard,Masonborough,South,Furniture,Chair,3,2804,8412,1264.48,Cash,2024-04-20
ORD02522,Raymond Turner,Dannytown,West,Electronics,Phone,1,1897,1897,188.4,Net Banking,2025-02-22
ORD02523,Juan Ball,Matthewfurt,West,Electronics,Laptop,7,3837,26859,3795.18,Net Banking,2024-01-11
ORD02524,Bryan Gray,South Gregland,South,Furniture,Bed,10,2945,29450,7001.03,UPI,2024-11-18
ORD02525,Shane Green,Danielburgh,South,Furniture,Sofa,6,1825,10950,700.94,Card,2024-06-26
ORD02526,Joanna Romero,Lake Alexandra,North,Groceries,Milk,4,337,1348,140.46,Cash,2024-05-14
ORD02527,Mark Boone,South Davidberg,North,Sports,Tennis Racket,8,657,5256,1506.56,UPI,2025-08-18
ORD02528,John White,Matthewfurt,North,Groceries,Milk,3,1184,3552,437.49,Net Banking,2025-01-17
ORD02529,Suzanne Manning,Millerstad,West,Groceries,Bread,9,3889,35001,8134.65,Net Banking,2024-04-14
ORD02530,John Whitaker,Jennifermouth,South,Clothing,Jacket,7,967,6769,1391.53,Card,2025-09-07
ORD02531,Michael Rogers,Gonzalezhaven,South,Electronics,Headphones,6,4536,27216,2907.96,Net Banking,2025-03-27
ORD02532,Mr. Michael Mueller,Kyleport,North,Furniture,Sofa,9,625,5625,534.2,Card,2024-11-20
ORD02533,Candace Cox,South Yolandaside,South,Groceries,Eggs,9,2408,21672,4944.53,Cash,2025-06-03
ORD02534,Robert Lopez,Brettfurt,South,Groceries,Milk,4,3797,15188,2936.61,UPI,2024-03-19
ORD02535,Edward Martinez,North Andreaville,North,Furniture,Chair,2,486,972,77.57,Cash,2025-04-13
ORD02536,Ryan Morris,New Stevenside,West,Clothing,Shoes,10,509,5090,1106.58,UPI,2024-03-16
ORD02537,Jesus James,Wangborough,North,Groceries,Bread,1,1947,1947,388.56,Card,2024-12-26
ORD02538,Dawn Valenzuela,Riceberg,West,Clothing,Jeans,10,2707,27070,6329.09,UPI,2024-04-22
ORD02539,Megan Smith,Carolburgh,South,Furniture,Table,3,4132,12396,3549.43,Cash,2024-09-17
ORD02540,Michael Nelson,South Michelle,South,Sports,Gym Gloves,3,1439,4317,239.02,Cash,2024-10-23
ORD02541,Chelsea Gill,Hannahburgh,East,Electronics,Headphones,3,3187,9561,2101.33,Net Banking,2025-12-02
ORD02542,Kenneth Perkins,West Mike,East,Furniture,Table,1,4520,4520,1148.59,Card,2024-07-26
ORD02543,Patricia Ballard,Nguyenfort,West,Clothing,Shoes,1,2596,2596,455.73,Card,2025-06-15
ORD02544,Eric Cruz,North Courtneymouth,East,Electronics,Tablet,8,270,2160,542.4,Net Banking,2024-01-11
ORD02545,Brooke Eaton,Carloschester,West,Sports,Tennis Racket,2,2665,5330,518.96,Net Banking,2025-11-29
ORD02546,Noah Mccullough,Port Walterfurt,South,Clothing,Jeans,7,3599,25193,5256.9,Card,2024-08-02
ORD02547,Rachel Guerrero,Lake Nicholasmouth,West,Groceries,Milk,5,1615,8075,1316.93,Card,2025-05-24
ORD02548,Catherine Pena,Smithport,North,Furniture,Table,6,4746,28476,2517.36,Net Banking,2025-03-04
ORD02549,Stephanie Dixon,North Latoyafort,South,Clothing,T-Shirt,3,1196,3588,204.32,Cash,2025-01-12
ORD02550,Kellie Murphy,West Josemouth,South,Sports,Tennis Racket,2,684,1368,178.72,UPI,2025-02-24
ORD02551,Andrew Williams,New Anitashire,South,Furniture,Sofa,6,4864,29184,4393.82,Net Banking,2025-03-22
ORD02552,Thomas Morris MD,Humphreyshire,North,Furniture,Bed,3,2530,7590,1639.59,Net Banking,2024-07-03
ORD02553,Robert Grant,Jessicabury,East,Groceries,Rice,6,2223,13338,2745.97,UPI,2024-01-28
ORD02554,Aaron Perkins,Andreahaven,North,Furniture,Table,2,1927,3854,823.5,Card,2024-02-11
ORD02555,Terry Buchanan,East Randy,South,Sports,Cricket Bat,3,626,1878,478.38,Cash,2024-03-26
ORD02556,Marco Martinez,West Christineburgh,North,Electronics,Phone,2,3148,6296,1494.01,Card,2025-06-07
ORD02557,Mark Roberts,Lake Jamesbury,West,Sports,Cricket Bat,7,4551,31857,4915.19,Card,2025-05-26
ORD02558,Amanda Gonzalez,Port Dalton,North,Electronics,Laptop,10,998,9980,1823.44,Net Banking,2024-09-25
ORD02559,Rhonda Wolfe,Lake Williamshire,South,Clothing,Jacket,3,107,321,19.47,Net Banking,2025-02-01
ORD02560,George Mcbride,West Kimberlyhaven,West,Groceries,Eggs,4,2669,10676,1923.76,Card,2025-02-01
ORD02561,Sarah Lopez,Taylorburgh,South,Groceries,Bread,2,4980,9960,1582.01,Card,2024-05-12
ORD02562,Gabriel Schwartz,Elizabethmouth,South,Furniture,Chair,10,1254,12540,2868.08,Cash,2025-03-22
ORD02563,Michael Johnson,Port Kevin,North,Electronics,Phone,3,240,720,91.01,Card,2024-03-06
ORD02564,Dorothy Bartlett,Benderton,East,Furniture,Sofa,9,1877,16893,4205.67,Net Banking,2024-04-25
ORD02565,Michael Nelson,Donovanmouth,South,Sports,Football,2,3958,7916,2103.08,Net Banking,2025-04-02
ORD02566,Joshua Wright,Port Elizabethtown,South,Sports,Tennis Racket,10,4415,44150,3273.01,UPI,2024-06-13
ORD02567,Luke Boone,North Jonathan,West,Sports,Football,1,1896,1896,509.64,UPI,2025-03-08
ORD02568,Tamara Smith,East Antonioborough,South,Furniture,Chair,1,144,144,19.72,Card,2024-07-20
ORD02569,Jaime Williams,West Stephen,North,Furniture,Bed,4,889,3556,181.22,Card,2025-10-08
ORD02570,Sarah Morris,Toddburgh,North,Furniture,Sofa,4,4437,17748,4876.9,Card,2025-07-17
ORD02571,Erica Robinson,Dawnland,North,Sports,Cricket Bat,7,1500,10500,2257.46,UPI,2025-08-01
ORD02572,William Davidson,Arellanoton,West,Groceries,Eggs,9,3640,32760,2981.28,Cash,2025-04-13
ORD02573,Jenna Hall,West Michelle,West,Furniture,Table,9,1794,16146,4367.55,Cash,2025-05-28
ORD02574,John Ruiz,New Ashleyton,North,Furniture,Bed,7,782,5474,965.69,Net Banking,2025-10-12
ORD02575,Angela Sexton,South Alison,East,Furniture,Bed,8,958,7664,858.05,UPI,2025-07-19
ORD02576,Heather Davis,East Juan,South,Electronics,Laptop,4,1370,5480,1183.44,Cash,2024-06-09
ORD02577,Malik Gibson,Stevenschester,East,Sports,Cricket Bat,2,4528,9056,2375.27,Cash,2024-08-17
ORD02578,Victor Miller,Blackburnmouth,North,Groceries,Rice,9,4006,36054,4735.39,Net Banking,2025-12-18
ORD02579,Brandon Jones,Edwardton,East,Groceries,Eggs,7,878,6146,1307.01,Cash,2025-03-08
ORD02580,Paula Hutchinson,Jenniferborough,South,Electronics,Laptop,5,2126,10630,2578.64,Net Banking,2025-09-28
ORD02581,Stacie Riddle,Singhside,North,Sports,Gym Gloves,7,1056,7392,1220.87,Card,2025-05-30
ORD02582,Michael Neal,South John,East,Sports,Gym Gloves,10,4468,44680,9419.12,Card,2025-07-08
ORD02583,Jeffrey Newman,South Andrewfort,East,Groceries,Milk,1,1334,1334,300.65,Net Banking,2025-01-20
ORD02584,Edward Thornton,East Michaelside,South,Sports,Gym Gloves,3,2999,8997,1742.6,Card,2024-04-06
ORD02585,Patrick Sexton,Leahfurt,East,Groceries,Milk,5,4255,21275,4218.71,Card,2024-06-15
ORD02586,Courtney Taylor,Hutchinsonville,South,Furniture,Sofa,7,173,1211,291.85,UPI,2024-11-01
ORD02587,Kenneth Campos,East Staceyborough,West,Groceries,Bread,8,1269,10152,2448.74,Card,2025-02-25
ORD02588,Susan Adams,Gwendolynburgh,North,Electronics,Headphones,10,3346,33460,5725.27,Net Banking,2025-07-29
ORD02589,Joel Blevins DDS,Andersonport,East,Clothing,Shoes,5,4680,23400,3228.87,Net Banking,2025-09-24
ORD02590,Ashley James,South Sherryfurt,East,Clothing,T-Shirt,9,1685,15165,3801.59,UPI,2025-05-31
ORD02591,Jeff Garcia,Lake Johnmouth,East,Groceries,Eggs,4,2467,9868,2562.96,Cash,2025-06-15
ORD02592,Jessica Rose,Christophermouth,North,Groceries,Rice,7,2499,17493,4270.07,Card,2025-06-30
ORD02593,George Shah,Marshallton,West,Clothing,Jacket,1,1465,1465,316.03,UPI,2025-06-11
ORD02594,Jessica Olson,Lake Andrew,West,Clothing,Jeans,2,357,714,64.98,UPI,2024-05-22
ORD02595,Maria Vazquez,Jonesview,North,Groceries,Eggs,5,4629,23145,4639.58,Cash,2024-03-03
ORD02596,Andrew Taylor,East Andrewville,North,Clothing,Jacket,6,4360,26160,1990.61,Cash,2024-08-14
ORD02597,Robert Wright,West Marktown,South,Electronics,Tablet,8,2599,20792,4505.4,Net Banking,2025-07-07
ORD02598,Sandra Foster,Annahaven,North,Clothing,T-Shirt,9,2947,26523,4084.5,Cash,2024-08-30
ORD02599,Katherine Kelly,Aaronstad,East,Groceries,Bread,1,487,487,24.43,Net Banking,2024-02-17
ORD02600,Dominique Brown,Morrishaven,North,Groceries,Rice,10,4986,49860,6929.18,Card,2024-07-27
ORD02601,Kara Sanders,Port Mariaville,South,Groceries,Bread,2,4670,9340,1076.57,Net Banking,2025-08-01
ORD02602,Ricky Hardy,Lake Danielle,West,Sports,Tennis Racket,7,3776,26432,5084.74,UPI,2025-05-29
ORD02603,Karl Matthews,Christophershire,North,Electronics,Headphones,3,3495,10485,2826.2,UPI,2024-02-05
ORD02604,Michael Gilbert PhD,Richardberg,East,Furniture,Bed,6,1106,6636,410.78,Card,2024-10-04
ORD02605,Jeffrey Gillespie,Scottberg,West,Clothing,Jeans,10,4976,49760,14158.49,Card,2025-02-06
ORD02606,Amber Spence,Smithport,South,Clothing,Shoes,9,3383,30447,7752.57,Card,2025-01-18
ORD02607,Michael Martinez,Williammouth,West,Electronics,Headphones,3,1132,3396,268.99,Net Banking,2024-12-18
ORD02608,Stephanie Lopez,Evansmouth,North,Furniture,Sofa,7,1560,10920,1048.97,UPI,2024-07-04
ORD02609,Donna Mckinney,South Kathryn,East,Clothing,Jeans,4,2515,10060,1608.54,Net Banking,2024-01-31
ORD02610,Jennifer Nguyen,Zacharyhaven,East,Clothing,Shoes,7,2586,18102,3354.23,Card,2025-12-02
ORD02611,Stephen Harris,West Martha,South,Sports,Cricket Bat,10,3680,36800,4841.57,Cash,2024-04-08
ORD02612,Larry Brown,South Rebecca,East,Clothing,T-Shirt,8,770,6160,1800.95,Card,2024-10-21
ORD02613,Deanna Hall,Cassandraport,West,Furniture,Chair,3,4981,14943,957.68,Cash,2024-09-12
ORD02614,Brian Carey,Traceyview,South,Furniture,Chair,2,3969,7938,866.89,Net Banking,2025-10-17
ORD02615,Thomas Coleman,Chelseabury,South,Groceries,Milk,7,2317,16219,2984.59,Card,2025-07-12
ORD02616,Rachel Peterson,Tuckerport,East,Sports,Tennis Racket,6,4639,27834,3651.29,Cash,2024-07-04
ORD02617,Karen Miller,Richardside,East,Clothing,Jeans,6,930,5580,845.48,Net Banking,2025-05-29
ORD02618,Rebecca Yang,Lake Hannah,North,Clothing,T-Shirt,8,645,5160,328.61,Card,2024-02-23
ORD02619,Anne Lopez,Sawyerstad,West,Clothing,T-Shirt,5,3771,18855,3083.3,Cash,2024-10-02
ORD02620,Kimberly Chan,South Darin,East,Clothing,Jeans,6,1256,7536,937.41,UPI,2025-06-25
ORD02621,John Brown PhD,Mendezchester,West,Groceries,Rice,6,4856,29136,3644.04,Cash,2025-08-07
ORD02622,Carl Fisher,Ericshire,West,Clothing,Jacket,10,1764,17640,1043.61,UPI,2024-08-24
ORD02623,John Beck,Josephville,North,Furniture,Table,2,4440,8880,927.46,Cash,2024-03-26
ORD02624,Holly Allen,Port Justin,South,Furniture,Table,7,406,2842,506.57,UPI,2025-06-02
ORD02625,David Mcguire,Juanview,East,Clothing,Jeans,8,4550,36400,6144.48,Net Banking,2024-01-10
ORD02626,Allison White,New Elizabeth,East,Furniture,Sofa,2,2667,5334,508.78,Net Banking,2025-03-31
ORD02627,Miguel Mason,Port Katherine,North,Clothing,Jeans,6,1954,11724,2000.79,UPI,2025-06-08
ORD02628,Christopher Bernard,New Chelsea,East,Sports,Football,6,3580,21480,4755.45,Card,2024-07-11
ORD02629,David Hall,Gonzalezberg,South,Groceries,Eggs,2,4025,8050,1293.42,Net Banking,2025-01-22
ORD02630,Ross Howard,Port Jenniferbury,South,Sports,Football,5,1938,9690,992.98,Card,2025-02-09
ORD02631,Cynthia Salas MD,Randymouth,North,Groceries,Eggs,5,2897,14485,914.94,UPI,2025-08-24
ORD02632,Robert Johnson,Christinatown,South,Electronics,Laptop,9,4978,44802,8446.34,UPI,2025-05-06
ORD02633,Melanie Miller,Clarkeberg,West,Sports,Cricket Bat,6,1441,8646,638.07,Card,2024-03-28
ORD02634,Alyssa Wilson,North Randyview,East,Clothing,Jeans,5,3293,16465,1963.19,Net Banking,2025-06-10
ORD02635,Courtney Rogers,Ryanland,West,Sports,Tennis Racket,8,1498,11984,2280.08,Card,2025-01-14
ORD02636,Alexander Wolf,Smithview,North,Sports,Tennis Racket,9,1135,10215,2925.19,Cash,2024-04-23
ORD02637,Lori Mitchell,Ethanport,North,Furniture,Chair,8,4882,39056,6471.2,Cash,2025-07-05
ORD02638,Gabrielle Porter,East Nicolas,North,Clothing,Jeans,10,3801,38010,10440.53,Card,2025-04-18
ORD02639,Thomas Wood,Alecville,South,Sports,Tennis Racket,5,2792,13960,3527.99,Net Banking,2024-09-29
ORD02640,Samantha Lee,Bradfordmouth,North,Groceries,Milk,9,3304,29736,8787.3,Cash,2024-04-17
ORD02641,Nicholas Santos,Lauraburgh,North,Furniture,Chair,4,4426,17704,3110.49,UPI,2025-03-20
ORD02642,Dale Johns,Aaronview,East,Sports,Cricket Bat,10,4127,41270,10671.31,Card,2024-03-22
ORD02643,Michele Jackson,Walkerburgh,North,Sports,Football,1,4792,4792,994.67,Net Banking,2024-06-19
ORD02644,Craig Ochoa,North Elizabeth,West,Groceries,Rice,6,2685,16110,1400.79,Cash,2025-03-11
ORD02645,Anthony Ray,Dillonshire,North,Furniture,Sofa,2,2664,5328,1258.09,Net Banking,2025-07-05
ORD02646,Marcus Perkins,Lake Taylor,North,Electronics,Tablet,4,1136,4544,992.11,UPI,2024-01-21
ORD02647,Dennis Miller,West Nicole,South,Sports,Cricket Bat,10,753,7530,396.14,Net Banking,2025-06-29
ORD02648,Michael Lawrence,North Shaunside,North,Clothing,Jeans,6,2963,17778,1427.85,UPI,2025-03-12
ORD02649,Kristin Sampson,Douglaschester,North,Sports,Tennis Racket,9,927,8343,2201.69,Card,2024-05-05
ORD02650,Tammy Bailey,New Lorettachester,South,Clothing,T-Shirt,3,2552,7656,788.91,Net Banking,2025-04-17
ORD02651,Jordan Jones,Solismouth,South,Electronics,Tablet,9,4164,37476,3800.46,Net Banking,2025-02-15
ORD02652,Patricia Hernandez,Port Georgeside,South,Electronics,Phone,6,4275,25650,5903.5,Cash,2025-02-14
ORD02653,Justin Long,North Adrienne,East,Clothing,Jeans,10,594,5940,1342.91,Card,2025-10-03
ORD02654,Emily Adkins,Hudsonland,North,Groceries,Rice,6,2491,14946,2430.08,Card,2024-09-09
ORD02655,Sheila Rivera,Holmesburgh,East,Groceries,Eggs,4,4890,19560,3361.11,Card,2024-07-09
ORD02656,Katrina Lewis,Welchton,North,Electronics,Laptop,7,2477,17339,1933.73,Cash,2025-11-26
ORD02657,Brandon Holmes,Markhaven,South,Sports,Cricket Bat,8,4082,32656,3116.29,Net Banking,2024-01-29
ORD02658,Kristen Stewart,Rebeccachester,South,Groceries,Eggs,1,2910,2910,810.52,UPI,2024-10-29
ORD02659,Edward White,Port Beverly,West,Groceries,Bread,5,662,3310,841.57,UPI,2025-11-30
ORD02660,Christopher Simpson,East Tiffany,South,Electronics,Laptop,10,3883,38830,11250.02,Card,2024-11-27
ORD02661,Sandra Young,New Joannashire,North,Sports,Tennis Racket,7,2275,15925,966.86,UPI,2025-01-17
ORD02662,Nicholas Barnes,West Allison,East,Furniture,Chair,3,4117,12351,3643.94,Cash,2024-01-09
ORD02663,Tammy Johnson,Garymouth,North,Groceries,Eggs,4,3558,14232,1189.51,Card,2025-06-05
ORD02664,Marilyn Hays,Castrochester,South,Clothing,Jacket,8,1050,8400,1530.62,Card,2025-08-15
ORD02665,Raymond Green,East Abigailton,West,Furniture,Chair,10,3473,34730,6730.09,Net Banking,2024-02-15
ORD02666,Dr. David Harris,Colleenfurt,East,Groceries,Bread,10,129,1290,248.22,Net Banking,2024-06-26
ORD02667,Ana Lee,Kimberlymouth,East,Clothing,Jacket,6,1016,6096,1608.85,Net Banking,2024-08-30
ORD02668,Dawn Jones,Crawfordhaven,North,Furniture,Bed,2,3815,7630,888.67,Net Banking,2024-07-20
ORD02669,Shannon Rhodes,Port Matthewside,North,Sports,Football,2,3243,6486,1684.97,Cash,2024-10-04
ORD02670,Holly Holmes,Robertfurt,West,Clothing,Jeans,10,4227,42270,10144.87,Cash,2024-03-07
ORD02671,Allison Elliott,Ginabury,South,Sports,Gym Gloves,8,3042,24336,7068.39,Cash,2024-08-15
ORD02672,Daniel Gonzalez,Lake Kimberlyhaven,North,Groceries,Bread,8,3782,30256,1618.13,Cash,2024-09-14
ORD02673,Ariana Jones,Lake Daniel,South,Electronics,Laptop,10,1023,10230,2920.87,Net Banking,2024-12-23
ORD02674,Kathleen Thomas,South Christina,East,Electronics,Phone,9,1146,10314,1536.52,Cash,2024-12-23
ORD02675,Destiny Davis,West Melissa,North,Electronics,Tablet,2,1495,2990,794.11,UPI,2024-08-26
ORD02676,William Rich,North Jaredstad,North,Clothing,Shoes,8,1197,9576,496.33,UPI,2024-10-13
ORD02677,Karen Casey,Scottfurt,South,Electronics,Headphones,10,2329,23290,1745.03,Card,2024-08-08
ORD02678,Andrew Baker,Orozcostad,East,Clothing,Jeans,9,716,6444,418.05,UPI,2025-05-09
ORD02679,Wendy Payne,Thomasborough,West,Furniture,Table,5,4556,22780,6561.31,Cash,2024-01-29
ORD02680,Katherine Martinez,Joshuastad,East,Groceries,Bread,10,3433,34330,3473.22,UPI,2024-06-30
ORD02681,Terri Morrison,North Christieview,South,Groceries,Bread,3,1619,4857,594.51,Cash,2024-09-28
ORD02682,Vincent Robbins,Mirandamouth,North,Groceries,Rice,2,4471,8942,2299.07,Cash,2024-02-22
ORD02683,John Sanchez,Amberborough,South,Clothing,Shoes,9,3635,32715,2447.22,UPI,2025-01-25
ORD02684,Cody Brown,New Joshuaside,South,Groceries,Rice,3,4574,13722,2056.09,UPI,2025-12-12
ORD02685,Carrie Smith,South Anthonybury,West,Furniture,Chair,1,4970,4970,665.01,Net Banking,2024-08-30
ORD02686,David Ward,Foxbury,North,Furniture,Chair,10,3052,30520,3026.01,UPI,2025-07-10
ORD02687,Michael Lucas,Codyberg,West,Clothing,Shoes,8,2664,21312,1225.57,Cash,2024-04-08
ORD02688,Steve Frazier,West Richardborough,South,Furniture,Sofa,10,200,2000,113.0,Net Banking,2025-04-17
ORD02689,Jason Burns,Deborahland,North,Electronics,Phone,1,3798,3798,352.9,Cash,2024-04-05
ORD02690,Carol Scott,Andrewland,North,Sports,Gym Gloves,10,437,4370,1030.49,Net Banking,2025-04-28
ORD02691,Kimberly Wright,West Debra,East,Groceries,Milk,3,1082,3246,182.55,Card,2024-09-16
ORD02692,Regina Mack,Reevesberg,North,Groceries,Rice,8,1008,8064,1551.27,Net Banking,2025-07-14
ORD02693,Hannah Mccoy,West Katherine,South,Electronics,Headphones,5,2609,13045,1450.86,Cash,2024-02-25
ORD02694,Katherine Garcia,Lake Erik,West,Clothing,Jacket,3,1604,4812,674.34,UPI,2024-04-05
ORD02695,Erin Lopez,East Anna,North,Furniture,Sofa,3,1858,5574,1548.69,Cash,2024-10-03
ORD02696,Dawn Thomas,Burnettburgh,South,Electronics,Tablet,5,3754,18770,4682.35,Net Banking,2025-04-30
ORD02697,William Young,West Debraport,East,Sports,Football,4,1596,6384,990.58,Card,2025-10-02
ORD02698,Jose Martin,Krystalberg,West,Electronics,Phone,3,3952,11856,1805.0,Card,2025-10-29
ORD02699,Jill Martinez,Clintonshire,East,Sports,Football,3,2314,6942,1992.39,Card,2025-12-09
ORD02700,Logan Pena,Port Heather,North,Electronics,Headphones,1,1176,1176,89.9,Card,2025-08-11
ORD02701,Aaron Brown,Hannahbury,East,Sports,Football,3,3621,10863,2010.99,Net Banking,2025-02-18
ORD02702,Julie Harrington,Hamiltonville,West,Clothing,Shoes,9,3605,32445,8039.58,Cash,2025-06-10
ORD02703,Karen Poole,North Brookehaven,East,Furniture,Bed,7,581,4067,1126.41,Card,2025-05-27
ORD02704,Kathy Riley,Samuelport,North,Groceries,Bread,1,4287,4287,1017.31,UPI,2025-03-24
ORD02705,Christina Black DVM,North Lisa,South,Sports,Football,8,2488,19904,4078.88,UPI,2025-08-03
ORD02706,Jose Robinson,Crosston,South,Groceries,Bread,1,512,512,77.27,Net Banking,2025-06-25
ORD02707,William Ballard,Jonesmouth,East,Sports,Cricket Bat,4,2770,11080,3267.62,Net Banking,2024-10-12
ORD02708,Stacy Brady,Lauraton,West,Clothing,Shoes,1,4230,4230,378.29,Card,2024-08-17
ORD02709,Joseph Perry,New Michael,South,Clothing,Shoes,3,1312,3936,899.79,UPI,2024-01-10
ORD02710,Patricia Peterson,South Karenfort,East,Furniture,Table,8,1315,10520,2804.16,UPI,2025-01-02
ORD02711,Chad Santiago DVM,West Cynthiamouth,West,Furniture,Table,1,599,599,33.04,Cash,2025-07-15
ORD02712,Todd Smith,North Christopherchester,North,Clothing,Shoes,8,2060,16480,3270.22,UPI,2025-09-18
ORD02713,Steven Mccormick,Duncanton,North,Sports,Football,2,2165,4330,345.44,UPI,2024-01-03
ORD02714,Nicholas Mcintosh,East Miguel,West,Groceries,Milk,4,1237,4948,1095.38,Net Banking,2024-07-25
ORD02715,Victoria Bell,New Margaretton,East,Sports,Football,7,172,1204,223.27,UPI,2024-12-10
ORD02716,Ryan Knight,New Natalieville,North,Sports,Gym Gloves,8,2213,17704,2604.74,UPI,2024-02-11
ORD02717,Veronica Wallace,Ryanburgh,South,Sports,Tennis Racket,4,2140,8560,1357.96,Net Banking,2024-04-09
ORD02718,Michael Jackson,Lake Jeffery,East,Electronics,Laptop,9,797,7173,929.51,Card,2025-11-09
ORD02719,Martin Stewart,South Jamie,South,Clothing,Jeans,10,2631,26310,2302.66,Card,2024-01-19
ORD02720,Geoffrey Morgan,Douglastown,East,Electronics,Laptop,6,1766,10596,1387.92,Net Banking,2024-09-01
ORD02721,Brandon Sparks,South Scott,East,Groceries,Rice,8,2734,21872,3144.44,Card,2025-08-11
ORD02722,Sue Payne,Robertmouth,North,Sports,Tennis Racket,7,3638,25466,4084.85,UPI,2024-02-24
ORD02723,Michael May,New Ryan,North,Sports,Cricket Bat,5,231,1155,291.67,Cash,2025-12-24
ORD02724,Joshua Keith,South Barbaraberg,North,Furniture,Table,9,3759,33831,6736.29,Cash,2024-10-22
ORD02725,Alan Newman PhD,North Raventown,West,Groceries,Milk,1,4448,4448,607.88,Card,2024-03-12
ORD02726,Samantha May,Perezfort,South,Clothing,Jeans,8,1962,15696,3883.46,Net Banking,2025-01-02
ORD02727,Regina Green,Erinshire,North,Clothing,Jeans,4,2921,11684,3492.77,Card,2024-01-18
ORD02728,Sherry Webb,Lake Jonathon,South,Electronics,Phone,10,875,8750,2608.57,Card,2025-07-27
ORD02729,Aaron Gregory,Robertfurt,East,Electronics,Laptop,7,668,4676,968.33,Card,2025-10-08
ORD02730,Brittney Jones,Port Gregory,North,Sports,Football,5,3356,16780,1319.0,Net Banking,2024-02-02
ORD02731,Laura Hardy,North Kennethfort,North,Sports,Cricket Bat,4,553,2212,256.87,UPI,2025-02-22
ORD02732,Ashley Howell,Perkinston,North,Electronics,Phone,9,2084,18756,3387.2,UPI,2025-04-14
ORD02733,Natalie Clay,East Nicholas,West,Electronics,Phone,4,1141,4564,876.06,UPI,2025-10-04
ORD02734,Michael Oliver,Zamoraview,East,Clothing,T-Shirt,3,340,1020,217.99,UPI,2024-09-27
ORD02735,Gregory Parks,Kimberlychester,East,Groceries,Eggs,7,2763,19341,2052.02,Net Banking,2024-09-21
ORD02736,Tamara Wise,Aprilview,South,Electronics,Tablet,3,1282,3846,1133.1,Card,2025-03-05
ORD02737,Kaitlin Wood,Andrewsborough,East,Groceries,Rice,2,821,1642,218.75,Net Banking,2024-01-08
ORD02738,Robert Allison,East Christopherbury,West,Furniture,Sofa,8,1319,10552,1212.09,UPI,2024-12-24
ORD02739,Kent Glass,Port Jessicafurt,North,Groceries,Eggs,9,1485,13365,1213.48,Cash,2024-11-21
ORD02740,Carol Vasquez MD,North Jenniferton,West,Groceries,Milk,7,3811,26677,7915.5,Net Banking,2025-06-05
ORD02741,Barbara Gutierrez,Wilsontown,North,Groceries,Bread,7,1350,9450,2494.62,Net Banking,2024-10-09
ORD02742,Zachary Richardson,North Michaelstad,West,Groceries,Eggs,9,2308,20772,5141.63,Net Banking,2024-10-27
ORD02743,Rebecca Adams,Oliverhaven,North,Electronics,Phone,10,592,5920,1241.89,UPI,2025-01-05
ORD02744,Karen Williams,East Karenberg,East,Groceries,Rice,9,2584,23256,4073.28,Cash,2025-05-09
ORD02745,Jimmy Cordova,North Joseph,North,Furniture,Table,6,2327,13962,3531.32,Card,2024-11-10
ORD02746,Darren Lane,Charlesview,North,Groceries,Eggs,9,1348,12132,3480.29,Card,2024-06-03
ORD02747,Edward Turner,South Johnny,South,Groceries,Bread,10,3018,30180,2743.57,UPI,2024-09-19
ORD02748,Randy Santiago,West Heatherburgh,West,Groceries,Bread,5,820,4100,990.58,Cash,2024-04-13
ORD02749,Brian Osborne,Hendersonchester,West,Sports,Football,9,1302,11718,1944.01,Cash,2024-01-03
ORD02750,Ana Garcia,Garciachester,South,Clothing,Jeans,6,4906,29436,7277.72,UPI,2025-05-27
ORD02751,Theresa Turner,Maryfort,West,Sports,Tennis Racket,10,3538,35380,6517.35,Card,2025-02-18
ORD02752,Richard Rosario,Reesemouth,North,Electronics,Tablet,2,925,1850,551.75,Cash,2024-07-05
ORD02753,Scott Grant,Patricialand,South,Clothing,Jacket,4,2385,9540,673.19,UPI,2024-07-09
ORD02754,Johnny Martin,Lake Tylerbury,West,Electronics,Headphones,1,2647,2647,536.88,UPI,2025-06-24
ORD02755,Frank Crawford,West Christopher,West,Furniture,Bed,3,923,2769,632.39,UPI,2025-10-19
ORD02756,Elizabeth Barrett,Dodsonshire,North,Electronics,Phone,3,611,1833,549.67,Net Banking,2024-07-25
ORD02757,Alexander Adams,New Davidshire,North,Sports,Football,2,832,1664,419.16,Cash,2024-02-03
ORD02758,Megan Massey,Wolfehaven,West,Clothing,Shoes,2,2071,4142,317.83,UPI,2025-12-07
ORD02759,Brandon Edwards,Martinezside,West,Sports,Gym Gloves,9,3499,31491,1933.45,Cash,2024-04-17
ORD02760,Albert Lowery,Raymondville,East,Clothing,T-Shirt,9,2216,19944,1488.43,Net Banking,2025-10-25
ORD02761,Deborah Gonzales,Matthewberg,South,Sports,Tennis Racket,6,177,1062,220.02,Net Banking,2024-03-19
ORD02762,Christina Roberson,Rodriguezmouth,North,Clothing,Jeans,6,4442,26652,2436.32,Net Banking,2024-05-02
ORD02763,Christopher Jefferson,Jasonfurt,North,Furniture,Bed,9,128,1152,193.44,Cash,2025-04-24
ORD02764,Lisa Sanders,West Courtneyport,North,Groceries,Rice,7,966,6762,1059.52,Net Banking,2025-07-19
ORD02765,Michelle Gonzalez,Port Rogerton,West,Furniture,Table,4,4980,19920,5373.99,Card,2025-08-25
ORD02766,Jennifer Hernandez,Aliciatown,South,Groceries,Eggs,2,4486,8972,892.64,UPI,2024-12-12
ORD02767,Zachary Mills,Port Terry,South,Groceries,Eggs,9,968,8712,2395.08,Card,2024-01-08
ORD02768,Tammy Brown,South Sean,North,Sports,Football,9,3101,27909,6868.25,UPI,2025-04-21
ORD02769,Ryan Wright,Hernandezburgh,South,Furniture,Sofa,5,1690,8450,2109.13,Net Banking,2024-05-18
ORD02770,David Hamilton,Tiffanyfort,West,Furniture,Table,2,3300,6600,1295.38,Card,2025-01-28
ORD02771,Robin Ward,West Blakebury,East,Groceries,Bread,7,3967,27769,1526.76,UPI,2025-03-29
ORD02772,Timothy Lawrence,West Kaitlinbury,South,Groceries,Rice,4,4835,19340,5075.32,UPI,2025-01-08
ORD02773,Ian Alexander,Hayesmouth,West,Clothing,T-Shirt,2,3430,6860,1877.32,UPI,2024-05-28
ORD02774,Tiffany Hawkins,Lake Danielmouth,East,Electronics,Headphones,1,1882,1882,187.08,Cash,2024-02-17
ORD02775,Tammy Gallagher,Danielsberg,South,Clothing,Jeans,2,4508,9016,2402.09,Card,2025-08-14
ORD02776,Thomas Schneider,Rileyhaven,East,Sports,Tennis Racket,9,640,5760,605.36,UPI,2024-01-11
ORD02777,Kevin Martinez,New Brandon,South,Groceries,Rice,1,2691,2691,711.87,UPI,2024-02-17
ORD02778,Kelsey Lawson,Kellyview,West,Clothing,T-Shirt,7,4001,28007,6439.48,Card,2025-07-17
ORD02779,Jennifer West,New Jonathanberg,North,Groceries,Milk,4,2803,11212,1212.78,UPI,2025-07-17
ORD02780,David Wilkerson,Lake Joshua,West,Electronics,Tablet,1,1070,1070,289.02,Net Banking,2024-10-09
ORD02781,Justin Roy,Garciafurt,West,Clothing,Jeans,8,4241,33928,8653.87,UPI,2025-08-22
ORD02782,Eric Walton,Lake Cathy,South,Clothing,Shoes,4,4620,18480,2480.76,UPI,2024-04-23
ORD02783,Alison Fox,Port Stacyview,East,Groceries,Eggs,6,906,5436,453.89,Net Banking,2025-08-29
ORD02784,Kristen Orozco,Jaredmouth,North,Sports,Football,6,3067,18402,2114.38,Net Banking,2025-01-20
ORD02785,Bryce Williams,Hannahton,West,Furniture,Table,7,254,1778,157.13,Card,2024-10-26
ORD02786,Lauren Gill,East Michael,North,Clothing,Shoes,8,3938,31504,2688.44,Net Banking,2025-01-01
ORD02787,Theresa Gray,Marilynville,West,Electronics,Laptop,8,1767,14136,922.89,UPI,2025-05-27
ORD02788,Julia Collins,Sonyafurt,South,Clothing,Shoes,5,4037,20185,3691.63,Net Banking,2025-10-18
ORD02789,Nancy Arnold,Pamburgh,North,Electronics,Phone,2,4086,8172,1058.38,Cash,2024-08-21
ORD02790,Yvonne Schmidt,East Wanda,West,Groceries,Bread,2,2571,5142,904.03,Cash,2024-11-28
ORD02791,Lance Williams,Gregoryhaven,West,Groceries,Rice,3,4709,14127,1316.49,Net Banking,2024-09-22
ORD02792,Angela Barnes,Franklinhaven,North,Furniture,Bed,3,4646,13938,2495.58,Net Banking,2024-11-03
ORD02793,Carolyn Allen,North Nicolefurt,West,Groceries,Eggs,5,1214,6070,319.11,Cash,2025-10-30
ORD02794,Tiffany Yang,Lake Cheryl,West,Furniture,Bed,2,1791,3582,1023.63,Net Banking,2024-08-01
ORD02795,Cassandra Spencer,New Stephenchester,West,Groceries,Milk,6,1127,6762,706.44,Net Banking,2025-06-25
ORD02796,Danielle Moore,Rebekahside,West,Sports,Football,7,347,2429,605.63,Cash,2025-06-13
ORD02797,Matthew Ford,Port Josephside,North,Furniture,Chair,6,3135,18810,4596.32,Card,2024-09-22
ORD02798,Alex Jones,Colemanville,East,Electronics,Phone,8,1738,13904,2703.32,Net Banking,2024-03-26
ORD02799,Jennifer Moore,West Michaelbury,East,Groceries,Bread,1,2674,2674,261.95,Net Banking,2025-11-02
ORD02800,Brandon Richards,Alexismouth,West,Groceries,Rice,8,4197,33576,6676.41,Card,2025-04-19
ORD02801,Jacob Chan,West Royshire,North,Clothing,Jacket,3,3674,11022,2894.76,Cash,2025-08-23
ORD02802,Daniel Smith,Port Nancy,South,Sports,Tennis Racket,3,1582,4746,803.09,Net Banking,2025-02-16
ORD02803,Matthew Martinez,Jillville,South,Furniture,Table,1,1542,1542,144.73,Net Banking,2025-10-20
ORD02804,Savannah Rivera,West Karen,West,Electronics,Laptop,2,3907,7814,2012.36,Net Banking,2025-10-28
ORD02805,Natalie Mcmillan,Carrietown,East,Sports,Football,8,973,7784,1212.23,Cash,2024-02-28
ORD02806,Warren Fritz,Thorntonborough,West,Sports,Tennis Racket,2,2467,4934,577.53,Cash,2025-07-19
ORD02807,Kristy Martinez,Port Sarah,North,Electronics,Tablet,3,948,2844,736.27,Cash,2025-08-15
ORD02808,Diana Gill,West Steve,North,Sports,Cricket Bat,3,342,1026,281.76,UPI,2025-02-27
ORD02809,Megan Woods,Hicksborough,North,Clothing,Jeans,7,2300,16100,2799.21,Net Banking,2024-03-20
ORD02810,Sheila Brooks,Perezville,South,Sports,Football,2,3791,7582,1259.66,UPI,2024-01-20
ORD02811,Jason Sullivan,Lake Sherry,North,Groceries,Milk,8,422,3376,918.42,UPI,2025-12-02
ORD02812,Elizabeth Hamilton,Heidishire,South,Clothing,Jeans,4,1613,6452,989.2,Card,2025-04-14
ORD02813,Michele Mckay,Riveraberg,South,Clothing,Shoes,10,1933,19330,5087.71,Card,2025-03-27
ORD02814,Dana Ferrell,Gamblehaven,North,Groceries,Eggs,4,4648,18592,954.37,Net Banking,2024-08-15
ORD02815,Lauren Olsen,New Kathryn,East,Clothing,Jacket,1,1380,1380,372.94,UPI,2025-09-22
ORD02816,Carla Black,North Peter,South,Sports,Cricket Bat,10,1942,19420,1588.66,Net Banking,2025-12-18
ORD02817,Jessica Mccann,Vickiburgh,South,Furniture,Chair,3,4790,14370,1141.96,Card,2025-01-31
ORD02818,Madison Villarreal,Goodwinside,West,Electronics,Tablet,10,3616,36160,2345.88,Net Banking,2025-03-16
ORD02819,Robert Cooper,East Leslieland,East,Groceries,Bread,3,3816,11448,3042.34,Card,2025-07-20
ORD02820,Gregory Scott,South Andrew,North,Furniture,Bed,5,4903,24515,3515.66,Net Banking,2025-04-08
ORD02821,Krista Carey,Lake Nathaniel,North,Clothing,T-Shirt,7,4156,29092,8681.91,Cash,2025-02-26
ORD02822,Melissa Campbell,Lake Christopher,North,Electronics,Laptop,2,4728,9456,2741.84,Cash,2024-06-24
ORD02823,Jamie Roth,Audreyton,North,Furniture,Chair,6,2551,15306,4140.72,Card,2024-08-31
ORD02824,John White,South William,East,Clothing,T-Shirt,10,1944,19440,1814.49,Cash,2024-06-09
ORD02825,Kevin Jordan,Bryantland,East,Furniture,Table,3,153,459,132.81,UPI,2024-09-07
ORD02826,Gregory Johnson,Sullivanstad,North,Electronics,Phone,6,2814,16884,2296.45,Cash,2024-03-01
ORD02827,Christine Wilson,Lake Ashley,East,Clothing,Jacket,6,373,2238,238.37,Cash,2025-02-18
ORD02828,Cameron Jones,Port Mary,South,Sports,Cricket Bat,4,1678,6712,1804.1,Net Banking,2024-10-28
ORD02829,Elizabeth Patterson,Port Dale,East,Furniture,Bed,3,159,477,120.66,Cash,2024-01-28
ORD02830,Carla Copeland,East Rhonda,North,Electronics,Phone,5,2313,11565,839.81,Net Banking,2025-08-16
ORD02831,Kristin Howard,West Aaronhaven,South,Clothing,Shoes,6,1196,7176,2065.57,Cash,2024-04-30
ORD02832,Kenneth Brock,South Wesleystad,East,Groceries,Eggs,4,716,2864,487.68,Card,2024-11-12
ORD02833,George Cannon,Jacksonshire,North,Furniture,Chair,1,3245,3245,310.1,Cash,2024-10-01
ORD02834,Beverly Savage,Cooperburgh,West,Groceries,Bread,10,901,9010,1770.37,Net Banking,2024-07-04
ORD02835,Richard Larson,East Donnaberg,South,Electronics,Phone,2,4045,8090,1157.63,Net Banking,2025-02-14
ORD02836,Deborah Clark,Peterfort,West,Clothing,Shoes,6,1338,8028,1741.63,Card,2025-06-04
ORD02837,Tracy Baker,East Kimberlyberg,North,Groceries,Rice,3,308,924,251.87,Net Banking,2025-03-11
ORD02838,Dawn Pierce,Vincentmouth,East,Furniture,Chair,1,4778,4778,947.35,Card,2025-11-06
ORD02839,Amy Lopez,East Daniel,North,Furniture,Sofa,1,1665,1665,152.44,Card,2024-04-18
ORD02840,Kelly Elliott,Lopezton,South,Furniture,Sofa,6,181,1086,140.58,Cash,2024-10-04
ORD02841,Jessica Cameron,New Morgan,West,Electronics,Laptop,5,2047,10235,2216.36,Net Banking,2024-02-20
ORD02842,John Brown,Port Debraview,East,Sports,Gym Gloves,3,2237,6711,1117.61,Card,2024-05-09
ORD02843,Jamie Brown,New Katherine,East,Furniture,Table,2,4210,8420,1568.76,Card,2025-12-26
ORD02844,Charles Johnson,Robertville,East,Sports,Football,10,1577,15770,3690.0,Net Banking,2024-01-08
ORD02845,Brian Fernandez,North Hannah,South,Groceries,Rice,7,4136,28952,6036.83,Cash,2025-08-11
ORD02846,Ryan Morales,South Michealhaven,East,Furniture,Table,10,4929,49290,14616.67,UPI,2025-03-16
ORD02847,Diana Meyers,New Diana,East,Clothing,T-Shirt,3,2887,8661,1444.81,Net Banking,2025-07-09
ORD02848,Denise Cooper,Margaretshire,South,Clothing,T-Shirt,9,2832,25488,5330.43,Cash,2025-01-02
ORD02849,Frank Patel,Lisafort,North,Clothing,Shoes,8,1205,9640,1456.92,Card,2024-06-25
ORD02850,Jennifer Hartman,New Lisahaven,East,Groceries,Eggs,3,4888,14664,3588.72,Cash,2025-01-06
ORD02851,Timothy Manning,Joannahaven,South,Clothing,Jacket,2,4897,9794,1449.0,Cash,2025-07-22
ORD02852,Sean Scott,North Charlesmouth,West,Furniture,Sofa,1,970,970,177.82,Cash,2024-12-27
ORD02853,Evan Vasquez,Robertview,East,Clothing,Shoes,3,4625,13875,2120.06,Cash,2025-08-26
ORD02854,Barry Watkins,Cindyburgh,North,Electronics,Laptop,3,1431,4293,478.33,Card,2024-10-07
ORD02855,Marie Day,Holmesbury,West,Sports,Cricket Bat,10,193,1930,476.74,Net Banking,2025-09-12
ORD02856,Rachel Barajas,Port Brucetown,East,Furniture,Bed,1,1200,1200,182.97,Card,2024-01-01
ORD02857,Juan Kramer,Joneshaven,East,Electronics,Tablet,7,1690,11830,1138.97,UPI,2025-05-03
ORD02858,Joseph Cuevas,East Robert,South,Electronics,Phone,10,713,7130,445.45,Cash,2024-03-27
ORD02859,Joseph Young,South Carl,West,Clothing,Jeans,9,1555,13995,1170.22,UPI,2024-11-01
ORD02860,Sarah Davis,Port Anthonybury,North,Electronics,Phone,7,147,1029,230.19,Cash,2025-03-05
ORD02861,Brianna King,Lake Michealton,North,Groceries,Eggs,1,2724,2724,408.58,Net Banking,2025-02-13
ORD02862,Morgan Ayala,West Alexstad,East,Electronics,Headphones,7,1163,8141,1202.67,UPI,2024-08-11
ORD02863,Joseph Fisher,West John,West,Electronics,Tablet,4,3893,15572,1453.9,UPI,2024-10-04
ORD02864,Robert Scott,Rodriguezmouth,South,Groceries,Eggs,3,1926,5778,1261.48,Net Banking,2024-07-29
ORD02865,Jacob Mora,Gonzalezburgh,West,Electronics,Laptop,10,2221,22210,2682.49,Card,2024-04-05
ORD02866,Jill Roy,Campbellhaven,North,Furniture,Table,2,3287,6574,902.23,Cash,2024-10-21
ORD02867,Cheryl Richards,Paulaton,East,Groceries,Milk,8,3949,31592,6780.37,Net Banking,2025-02-01
ORD02868,Kelly Watkins,Drewfurt,East,Groceries,Rice,7,1807,12649,3130.75,Cash,2025-09-10
ORD02869,Tiffany Hanson,Port Stephaniemouth,East,Sports,Football,5,3610,18050,4552.44,Card,2025-04-29
ORD02870,Rebecca Gillespie,Johnsonchester,South,Electronics,Headphones,1,808,808,209.25,Cash,2025-05-21
ORD02871,Stephanie Garcia,Kathrynmouth,West,Clothing,Jeans,1,1481,1481,180.32,Card,2024-08-12
ORD02872,Brittany Peters,West Katieberg,East,Clothing,Jacket,2,4164,8328,766.63,Net Banking,2024-10-02
ORD02873,Logan Pearson,Port Michael,North,Clothing,Jeans,9,3284,29556,5708.74,Cash,2025-04-04
ORD02874,Kelly Hardy,Port Brian,South,Clothing,Jacket,9,3128,28152,6653.42,Net Banking,2025-01-22
ORD02875,Shawn Poole,Allenbury,West,Sports,Football,5,3930,19650,1832.15,Card,2025-06-12
ORD02876,Robyn Gomez,Joshuashire,East,Electronics,Laptop,1,4979,4979,670.8,Card,2025-05-27
ORD02877,Helen White,New Michael,South,Groceries,Bread,3,848,2544,375.76,Card,2024-10-12
ORD02878,Spencer Proctor,Lancemouth,North,Sports,Football,1,4864,4864,1192.91,Card,2025-05-03
ORD02879,Stacey Hill,Markbury,West,Groceries,Rice,5,4103,20515,5366.88,UPI,2025-10-12
ORD02880,Angela Brown MD,East Jaredstad,East,Clothing,Jeans,8,4238,33904,9799.82,Card,2025-06-19
ORD02881,Kristina Singh,South Taratown,West,Furniture,Bed,1,3345,3345,775.82,Card,2024-03-25
ORD02882,Jennifer Barron,Douglasbury,South,Groceries,Bread,7,3928,27496,2277.86,Net Banking,2025-02-01
ORD02883,Anthony Reese,Woodsport,East,Sports,Football,6,2532,15192,4110.45,UPI,2024-03-30
ORD02884,Ernest Johnson,North Melissa,North,Electronics,Phone,8,3994,31952,8982.53,UPI,2024-06-19
ORD02885,Mindy Vasquez,Debratown,West,Sports,Tennis Racket,6,435,2610,585.62,UPI,2025-10-27
ORD02886,Jesus Hernandez,New Joseland,North,Clothing,Jeans,6,3474,20844,4965.56,Card,2025-03-14
ORD02887,Laurie Coleman,Coleland,South,Electronics,Phone,4,3738,14952,1745.68,Cash,2025-03-11
ORD02888,Linda Baker,Nealview,West,Electronics,Headphones,8,3704,29632,6414.38,Net Banking,2024-01-23
ORD02889,Patricia Perez,West David,East,Electronics,Phone,3,1602,4806,745.69,UPI,2025-05-01
ORD02890,Jason Kennedy,Port Ritaburgh,West,Sports,Football,9,3803,34227,6058.91,Card,2025-06-03
ORD02891,Warren Howe,North Darlenetown,West,Furniture,Sofa,10,482,4820,707.59,Cash,2024-07-29
ORD02892,Theresa Austin,Jenniferhaven,North,Clothing,Jeans,9,4226,38034,9089.54,Card,2025-02-13
ORD02893,Katherine Allen,North Bridgetland,West,Clothing,T-Shirt,5,4777,23885,2018.58,UPI,2024-04-30
ORD02894,Meredith Cooper MD,Christineshire,West,Clothing,Shoes,2,4565,9130,2429.31,UPI,2025-11-30
ORD02895,Laurie Miller,Barrettshire,West,Groceries,Eggs,4,1630,6520,1693.47,Cash,2024-03-12
ORD02896,Stephen Norman,Samuelberg,South,Sports,Football,8,1670,13360,3819.31,UPI,2025-08-17
ORD02897,Colin Bonilla,New Luisstad,East,Sports,Cricket Bat,8,1083,8664,1650.17,Cash,2025-03-04
ORD02898,Michael King,Hofurt,West,Furniture,Bed,2,3848,7696,1803.82,Card,2024-01-07
ORD02899,Jason Reilly,West Emilyton,North,Sports,Tennis Racket,3,3419,10257,2018.87,Cash,2024-06-10
ORD02900,Tyler Henderson,Port Geraldtown,North,Sports,Cricket Bat,2,2044,4088,1183.11,UPI,2024-11-05
ORD02901,Brittany Kidd,Cooktown,South,Clothing,Jacket,10,3528,35280,5729.83,UPI,2025-01-24
ORD02902,Whitney Jones,East Robert,East,Sports,Tennis Racket,9,3697,33273,3242.88,Cash,2025-01-11
ORD02903,Johnny Ramos,Cooperton,South,Clothing,Jeans,9,4299,38691,9116.56,UPI,2024-10-11
ORD02904,David Jackson,Padillahaven,North,Furniture,Chair,8,4513,36104,2812.92,Net Banking,2025-04-27
ORD02905,Richard Hunter,Reevesbury,North,Groceries,Bread,4,1033,4132,561.68,UPI,2025-10-22
ORD02906,Deborah Charles,Amyfort,North,Groceries,Bread,10,1262,12620,3474.45,Card,2025-10-31
ORD02907,Susan Allison,Davisbury,South,Electronics,Phone,8,479,3832,301.23,Net Banking,2024-02-25
ORD02908,Valerie Thompson,Stephaniebury,North,Clothing,T-Shirt,8,492,3936,397.13,UPI,2025-06-09
ORD02909,Sherry Miller DDS,Lake Larrychester,West,Groceries,Milk,7,1330,9310,1696.03,Cash,2025-09-07
ORD02910,Kayla Young,East Holly,North,Clothing,Jacket,9,2772,24948,5939.28,Net Banking,2024-01-31
ORD02911,Candace Yates MD,Markbury,East,Furniture,Sofa,10,1606,16060,3378.97,UPI,2025-04-23
ORD02912,Jason Martin,North Ashleyton,North,Electronics,Headphones,9,117,1053,164.0,Net Banking,2025-08-29
ORD02913,Joshua Joyce,West Reginafurt,North,Electronics,Phone,8,3427,27416,4056.97,Cash,2024-01-16
ORD02914,Jose Tucker,Kristinborough,South,Electronics,Phone,10,1083,10830,1776.9,Net Banking,2025-10-12
ORD02915,Elizabeth Brooks MD,East Jodiburgh,West,Furniture,Sofa,5,2306,11530,1205.87,Cash,2025-09-01
ORD02916,Olivia Schultz,South Kevin,South,Clothing,Jacket,9,4069,36621,10070.69,UPI,2024-03-24
ORD02917,Selena Mcdonald,Lake Nancy,South,Clothing,Jeans,5,1429,7145,1531.94,Net Banking,2025-01-17
ORD02918,Jessica Newton,East Sarahhaven,South,Sports,Football,10,837,8370,2382.91,Net Banking,2024-06-08
ORD02919,Michael Burns,South Kimberlyburgh,West,Clothing,Jeans,1,1596,1596,299.78,Net Banking,2024-09-29
ORD02920,Henry Hays,East Anitamouth,North,Electronics,Phone,10,3186,31860,6762.49,Cash,2025-04-04
ORD02921,Stephanie Lewis,North Linda,East,Clothing,Jeans,7,2707,18949,1577.3,UPI,2025-12-07
ORD02922,Misty Smith,East Nicholaston,West,Clothing,Jacket,4,3580,14320,1631.92,Card,2024-03-22
ORD02923,Antonio Smith,Rebeccatown,South,Clothing,T-Shirt,4,3377,13508,3468.41,UPI,2024-10-05
ORD02924,Jennifer Reed,Joseshire,West,Clothing,Shoes,8,2137,17096,3067.75,Net Banking,2024-10-10
ORD02925,Tamara Gonzalez,East Carol,West,Furniture,Table,3,1990,5970,937.12,Net Banking,2025-01-25
ORD02926,Troy Spencer,Donland,East,Sports,Gym Gloves,5,4894,24470,1674.3,Net Banking,2025-01-16
ORD02927,Taylor Strong,North Aaron,West,Furniture,Table,1,2201,2201,212.39,Cash,2025-06-21
ORD02928,Daniel Johnson,Nicholsmouth,West,Furniture,Bed,10,1155,11550,609.49,UPI,2025-03-02
ORD02929,Joshua Sanchez,Lake Marthaview,South,Groceries,Eggs,3,1649,4947,1351.2,Cash,2025-01-21
ORD02930,Bryan Chambers,Lake Edgar,West,Furniture,Sofa,9,4011,36099,9612.81,Net Banking,2025-02-13
ORD02931,Antonio Patterson,Lake Christine,South,Groceries,Milk,6,3653,21918,1163.61,Card,2024-05-04
ORD02932,Stephanie Jones,Youngchester,South,Sports,Cricket Bat,1,4386,4386,1258.26,UPI,2024-09-14
ORD02933,Seth Shaw,South Aprilmouth,North,Clothing,Jeans,10,4424,44240,10463.15,Cash,2025-09-05
ORD02934,Eric Lamb,South Robert,East,Furniture,Bed,1,340,340,17.38,Card,2024-03-09
ORD02935,Katie Robinson,Jonesberg,East,Electronics,Headphones,7,1302,9114,2369.81,Cash,2024-03-09
ORD02936,Cameron Phillips,New Taylorburgh,North,Electronics,Tablet,10,679,6790,709.09,Cash,2024-05-01
ORD02937,Gregory Rangel,Lozanoview,West,Sports,Gym Gloves,6,1347,8082,2224.84,Cash,2025-07-10
ORD02938,Cathy Contreras,Prattberg,South,Electronics,Headphones,6,3243,19458,2418.25,Card,2025-11-14
ORD02939,Kenneth Evans,Port Danielle,South,Electronics,Tablet,10,1339,13390,855.66,Card,2024-07-06
ORD02940,Mark Jones,New Hannahstad,North,Furniture,Chair,10,4068,40680,12136.13,Card,2025-03-14
ORD02941,Renee Christian,Lake Josephshire,North,Sports,Gym Gloves,3,4756,14268,4066.97,Card,2025-07-12
ORD02942,Jordan Norton,Rebeccashire,South,Groceries,Milk,1,797,797,134.27,UPI,2025-01-08
ORD02943,William Obrien,Bellburgh,East,Groceries,Eggs,7,923,6461,1835.65,Net Banking,2025-03-16
ORD02944,Dr. Jane Williams,New Annaside,West,Furniture,Sofa,1,2636,2636,295.17,Card,2024-11-10
ORD02945,Lindsay Cook,Jonesfurt,South,Electronics,Phone,6,1947,11682,3400.53,Net Banking,2025-11-03
ORD02946,Jessica Mendez,Ericland,West,Sports,Tennis Racket,7,894,6258,332.82,Net Banking,2025-05-23
ORD02947,Lisa Stewart,Brownside,North,Furniture,Table,2,4165,8330,2479.38,Cash,2024-12-24
ORD02948,Francisco Pruitt,Lake Nathanielfurt,East,Groceries,Rice,10,1569,15690,4573.63,UPI,2024-05-30
ORD02949,Adrienne Schmidt,South Melanieville,North,Sports,Cricket Bat,9,4067,36603,3599.69,Cash,2025-04-15
ORD02950,Peter Graham,Jeffreyview,East,Clothing,Jeans,5,2643,13215,1569.49,UPI,2025-04-04
ORD02951,Dawn Gallagher,Ibarrahaven,West,Clothing,Shoes,7,310,2170,349.33,Cash,2025-07-01
ORD02952,Travis Robertson,Shawside,West,Furniture,Sofa,2,142,284,63.32,Card,2025-04-26
ORD02953,Stephanie Burns,Port Raymondburgh,East,Electronics,Laptop,8,379,3032,892.51,UPI,2025-12-05
ORD02954,Rick Williams,East Gregory,East,Groceries,Milk,3,4509,13527,2682.03,Card,2024-03-21
ORD02955,Sean Leach,East Alexis,East,Groceries,Milk,5,403,2015,405.53,UPI,2024-03-16
ORD02956,Julie Reynolds,Bettyhaven,East,Clothing,Jacket,9,747,6723,1561.28,Net Banking,2024-04-07
ORD02957,Julie Young,Blankenshipland,North,Clothing,Jacket,10,3314,33140,7200.3,Net Banking,2024-09-11
ORD02958,Raven Walker,Lake Daniel,South,Electronics,Headphones,8,122,976,61.14,UPI,2024-01-12
ORD02959,Shannon Lee,Davidbury,South,Clothing,Jacket,5,1060,5300,979.94,Cash,2024-01-19
ORD02960,Matthew Anderson,Smithhaven,West,Furniture,Chair,9,297,2673,588.71,Net Banking,2025-08-25
ORD02961,Jimmy Johnson,Lake Bradleymouth,West,Furniture,Chair,4,4308,17232,2463.08,Card,2025-07-11
ORD02962,Gregg Keith,Parrishview,East,Electronics,Headphones,9,4527,40743,2163.94,Cash,2025-02-05
ORD02963,Heather Wilkins,West Jamesfort,South,Sports,Tennis Racket,2,3230,6460,779.21,Cash,2025-03-23
ORD02964,Brian Sullivan DDS,Lake Richard,West,Furniture,Sofa,7,1182,8274,827.58,Card,2024-07-13
ORD02965,Maria Ruiz,Dakotaborough,West,Clothing,T-Shirt,9,4255,38295,10531.15,UPI,2025-03-18
ORD02966,Shelly Mccoy,West Diane,North,Sports,Gym Gloves,1,4987,4987,459.04,UPI,2025-11-26
ORD02967,Barbara Caldwell,Port Karenberg,South,Sports,Tennis Racket,4,746,2984,217.74,Net Banking,2025-11-28
ORD02968,Andrea Keith,West Alexa,East,Groceries,Rice,2,2846,5692,1048.91,UPI,2025-07-20
ORD02969,Adrian Wright,South William,North,Clothing,Jeans,7,2074,14518,1402.7,Net Banking,2024-05-02
ORD02970,Jose Wright,Mirandaville,South,Electronics,Tablet,8,1401,11208,971.57,Net Banking,2024-11-17
ORD02971,Hayden Barry,West Annaland,East,Electronics,Headphones,8,2333,18664,2628.63,Net Banking,2024-10-12
ORD02972,Paul Parker,Sandrastad,East,Electronics,Phone,4,754,3016,485.42,Net Banking,2024-03-06
ORD02973,Pamela Goodman,Jonesfort,West,Electronics,Tablet,4,4823,19292,2277.9,Net Banking,2025-05-12
ORD02974,Michael Woods,North David,West,Furniture,Bed,3,2133,6399,842.62,UPI,2025-08-13
ORD02975,Patricia Bryant,West Pamelaside,East,Clothing,Jeans,1,1229,1229,291.59,UPI,2024-03-16
ORD02976,Jacob Bryant,East Julie,South,Furniture,Sofa,8,4650,37200,10297.11,Net Banking,2024-01-07
ORD02977,Marcus Espinoza,East Cheyenne,West,Sports,Gym Gloves,1,2808,2808,791.94,Cash,2024-02-23
ORD02978,Amy Wagner,South Jeffrey,East,Electronics,Headphones,7,2055,14385,2279.92,UPI,2024-01-09
ORD02979,Sandra Marshall,Brendashire,North,Furniture,Chair,7,2278,15946,4135.67,UPI,2025-09-30
ORD02980,Jessica Lane,Brianaton,South,Furniture,Chair,10,1068,10680,3173.13,UPI,2024-03-01
ORD02981,Debra Barron,Campbellville,South,Furniture,Sofa,3,290,870,175.81,Cash,2024-12-13
ORD02982,Shannon Johnson,Richardview,South,Groceries,Bread,10,3929,39290,8802.08,UPI,2025-01-10
ORD02983,Heather Marshall,Cristinaburgh,West,Sports,Cricket Bat,7,441,3087,192.58,UPI,2025-06-30
ORD02984,Christopher Sloan,Davidshire,East,Furniture,Bed,6,4138,24828,7041.5,Card,2025-11-08
ORD02985,Andrew Cook,Port Heatherview,East,Clothing,Jeans,1,2713,2713,329.51,Card,2025-07-24
ORD02986,Donald Martinez,Buckleyland,North,Clothing,Jeans,9,841,7569,613.76,Net Banking,2024-01-17
ORD02987,Sean Stewart,Wyattfort,East,Clothing,Jacket,9,1831,16479,1991.46,Net Banking,2024-10-16
ORD02988,Chase Pham,Lisabury,South,Groceries,Milk,3,4991,14973,3721.55,UPI,2025-01-14
ORD02989,Steven Sanchez,South Christopher,North,Groceries,Eggs,1,2679,2679,602.38,Cash,2025-01-24
ORD02990,Jessica Simmons,Camposshire,North,Groceries,Rice,7,1243,8701,1108.5,Net Banking,2025-03-09
ORD02991,Devon Salas,South Matthew,North,Electronics,Tablet,8,1363,10904,2610.88,Cash,2025-02-19
ORD02992,Brandon Smith,North Kevinland,North,Furniture,Sofa,2,3098,6196,1090.45,Card,2024-01-28
ORD02993,George Becker,Port Nicholasberg,North,Furniture,Chair,2,3714,7428,799.25,Net Banking,2025-10-12
ORD02994,Hannah Tucker,West Jessicaland,West,Groceries,Rice,6,3567,21402,1358.86,UPI,2025-06-23
ORD02995,Derek Blair,West Mark,South,Clothing,Jeans,3,2194,6582,826.41,Card,2024-08-02
ORD02996,Matthew Anderson,West Mark,East,Clothing,Shoes,10,2273,22730,1458.21,Card,2025-01-19
ORD02997,Dawn Holland,Joshuaberg,West,Furniture,Chair,6,3930,23580,4618.88,UPI,2024-11-22
ORD02998,Lisa Garcia,Port Jessica,East,Sports,Football,9,4815,43335,7925.07,Net Banking,2025-03-21
ORD02999,Casey Martin,East Anita,South,Sports,Cricket Bat,7,2804,19628,2887.0,Cash,2024-05-06
ORD03000,Tom Cox,South John,North,Clothing,Shoes,5,4683,23415,3863.51,Card,2025-07-14
ORD03001,Maria Kelly,Walkerstad,West,Groceries,Rice,3,2089,6267,1870.42,Net Banking,2025-12-11
ORD03002,John Barton,South Tyler,South,Electronics,Tablet,4,148,592,148.85,Cash,2024-04-12
ORD03003,Dalton Adams,South Olivia,South,Electronics,Tablet,7,4104,28728,3173.69,Net Banking,2024-07-13
ORD03004,Vanessa Campbell,Mirandaborough,East,Furniture,Table,4,4732,18928,5670.32,Card,2025-02-18
ORD03005,Lisa Gardner,Edwardport,West,Electronics,Phone,9,1192,10728,1400.43,Net Banking,2024-06-16
ORD03006,Julie Eaton,Tylershire,South,Groceries,Milk,5,1454,7270,1161.92,Cash,2024-08-30
ORD03007,Kristi Charles,Justinborough,South,Sports,Tennis Racket,3,482,1446,121.7,UPI,2025-12-03
ORD03008,Scott Elliott,Catherinebury,South,Sports,Football,5,101,505,33.49,Cash,2025-09-23
ORD03009,Matthew Riley,Garciaberg,West,Furniture,Sofa,5,1232,6160,635.12,UPI,2024-10-31
ORD03010,Donald Ferguson,Ellishaven,East,Sports,Cricket Bat,10,174,1740,434.87,Card,2025-05-09
ORD03011,Christina Christian,Yolandaside,North,Electronics,Tablet,5,2902,14510,1185.6,Net Banking,2025-02-02
ORD03012,Michael Rodriguez,Ginaton,North,Clothing,Shoes,10,668,6680,670.9,UPI,2024-08-14
ORD03013,David Fry,Taylormouth,South,Electronics,Headphones,5,2114,10570,1092.53,Net Banking,2024-06-07
ORD03014,Paul Barrett,Lewismouth,South,Furniture,Table,8,3781,30248,5047.18,UPI,2024-08-11
ORD03015,Tyler Coffey,Kathymouth,North,Groceries,Rice,7,3391,23737,6697.27,Net Banking,2025-05-04
ORD03016,Nathan Espinoza,Lake Anthony,North,Electronics,Phone,9,3061,27549,1738.07,Card,2025-01-22
ORD03017,James Young,Norrisfort,East,Sports,Tennis Racket,3,4224,12672,3155.8,UPI,2024-05-18
ORD03018,John Giles,Ethanshire,East,Electronics,Headphones,5,539,2695,223.87,UPI,2025-05-22
ORD03019,Maria Lynch,Port Cathy,West,Groceries,Eggs,6,4247,25482,2338.0,Cash,2025-04-09
ORD03020,Jesse Chan,New Alexander,South,Clothing,T-Shirt,7,1409,9863,527.16,Net Banking,2024-02-10
ORD03021,Jane Sharp,Fullerton,East,Furniture,Sofa,7,2249,15743,4509.84,Net Banking,2024-03-13
ORD03022,Shelby Scott,East Angelberg,North,Clothing,Jacket,10,4078,40780,8621.8,Cash,2024-08-01
ORD03023,Carla Williams,New Elizabeth,North,Sports,Gym Gloves,10,4537,45370,10299.76,Card,2025-09-04
ORD03024,Ian Scott,Garzaburgh,East,Sports,Gym Gloves,1,4927,4927,1157.96,UPI,2024-11-18
ORD03025,Paul Santana,Margarettown,East,Clothing,Jeans,3,3515,10545,2570.55,Cash,2025-03-22
ORD03026,Timothy Vang,Anthonyshire,North,Furniture,Table,4,4937,19748,2257.49,Cash,2025-01-25
ORD03027,Mrs. Heather Sanchez MD,Evelynton,North,Electronics,Phone,9,4898,44082,9961.31,UPI,2025-06-30
ORD03028,Christopher Smith,Lake Sharon,North,Clothing,Jacket,9,2880,25920,2773.3,UPI,2024-01-17
ORD03029,Kristopher Anderson,Davidchester,East,Furniture,Bed,7,1438,10066,849.24,Net Banking,2024-07-16
ORD03030,Victoria Shannon,Boydfort,West,Clothing,Jeans,3,2893,8679,1296.84,UPI,2025-04-17
ORD03031,Ashley Brown,Watsonstad,West,Sports,Cricket Bat,3,1779,5337,867.6,UPI,2025-10-20
ORD03032,Sean Gardner,Reginahaven,North,Clothing,Jacket,2,3277,6554,1183.25,Cash,2025-01-28
ORD03033,Stacy Allen,Washingtonton,East,Clothing,Jacket,7,2606,18242,3044.31,Net Banking,2025-08-11
ORD03034,Carla Lynch,Elizabethmouth,East,Electronics,Tablet,9,3609,32481,7200.21,Net Banking,2025-09-30
ORD03035,Nicole Munoz,Bauerville,North,Furniture,Table,1,3743,3743,331.41,UPI,2025-02-08
ORD03036,Jennifer Rodriguez,Lawsonport,West,Sports,Football,10,1252,12520,1931.78,Cash,2025-01-28
ORD03037,James Miller DDS,South Deannaton,West,Electronics,Laptop,7,2743,19201,2670.52,Net Banking,2024-11-22
ORD03038,Hannah Davis DVM,Kingbury,East,Clothing,Jacket,8,4382,35056,10052.5,Card,2024-11-26
ORD03039,Howard Stone,Port Aaronstad,East,Groceries,Bread,2,1510,3020,343.35,UPI,2025-03-17
ORD03040,Tammy Morris,Garciamouth,West,Electronics,Laptop,7,4390,30730,4966.05,Cash,2025-06-17
ORD03041,Brandon Sanders,West Jameston,East,Clothing,T-Shirt,6,684,4104,630.71,Card,2024-12-27
ORD03042,Hector Davenport,Port Angelashire,North,Electronics,Phone,3,2202,6606,1753.19,Net Banking,2024-09-23
ORD03043,Elizabeth Johnson,Morrischester,West,Clothing,T-Shirt,3,1752,5256,527.69,UPI,2025-02-20
ORD03044,Richard Wood,West Alexisborough,West,Sports,Cricket Bat,6,3949,23694,6321.93,UPI,2024-03-06
ORD03045,Bridget Liu,Port Brandy,East,Furniture,Bed,4,473,1892,511.74,Cash,2024-11-01
ORD03046,Joshua Carter,Lake Lisabury,East,Furniture,Bed,1,1520,1520,93.18,UPI,2025-12-11
ORD03047,Jennifer Phillips,Lake Christopherberg,East,Sports,Cricket Bat,1,2377,2377,562.58,UPI,2024-08-05
ORD03048,Kenneth Roberts,East Amber,West,Sports,Gym Gloves,2,3996,7992,1591.16,Cash,2025-08-12
ORD03049,Mark Butler,Elizabethland,East,Clothing,Jacket,3,4648,13944,1633.98,Net Banking,2024-08-02
ORD03050,Matthew Rodriguez,Foxport,West,Sports,Tennis Racket,9,207,1863,232.33,Cash,2024-02-13
ORD03051,Brett Murphy,North Jessica,East,Clothing,Shoes,8,2550,20400,6058.07,Net Banking,2024-01-15
ORD03052,Samuel Martin,West Teresatown,North,Furniture,Sofa,1,2858,2858,560.51,Cash,2025-10-05
ORD03053,Jennifer Murphy,East Mariahbury,North,Groceries,Rice,3,2155,6465,760.07,Cash,2025-10-28
ORD03054,Casey Christian,New Mary,North,Electronics,Tablet,9,1246,11214,1491.81,Net Banking,2024-10-14
ORD03055,Larry Smith,Hortonville,West,Furniture,Sofa,3,434,1302,139.1,Net Banking,2025-07-31
ORD03056,Joel Wagner,New Andrew,East,Groceries,Bread,9,3678,33102,5464.11,UPI,2025-09-16
ORD03057,Jacob Vasquez,Michelleburgh,South,Clothing,T-Shirt,9,3584,32256,7562.53,Cash,2025-12-04
ORD03058,Russell Hudson MD,North Austinmouth,West,Electronics,Phone,10,2721,27210,6712.08,Card,2025-06-16
ORD03059,Becky Stafford,Brittanyborough,South,Electronics,Headphones,3,2104,6312,1336.1,Net Banking,2024-08-13
ORD03060,Barbara Mccann,East Williamport,South,Electronics,Tablet,9,3186,28674,6569.44,Net Banking,2024-10-13
ORD03061,Suzanne Gray,Lake Brian,South,Groceries,Eggs,5,4329,21645,2217.46,UPI,2025-03-30
ORD03062,Jack Pena,West Mikayla,North,Groceries,Eggs,3,4936,14808,1531.28,Card,2025-10-19
ORD03063,Dr. Cathy Mccann MD,East Michael,South,Electronics,Laptop,8,4530,36240,6347.91,Net Banking,2024-10-28
ORD03064,Abigail Shelton,Barnesport,North,Clothing,Jacket,10,2659,26590,4083.69,Net Banking,2025-07-15
ORD03065,Amy Wolfe,Campbellbury,West,Furniture,Table,3,3869,11607,2683.92,UPI,2024-08-13
ORD03066,Marissa Sanders,West Courtneyfort,North,Groceries,Rice,3,1502,4506,482.14,UPI,2025-11-26
ORD03067,Bryan Perez,Jonestown,North,Groceries,Bread,5,4541,22705,4698.16,Card,2025-04-03
ORD03068,David Clark,North Cody,West,Groceries,Eggs,10,2745,27450,6198.67,Net Banking,2024-03-13
ORD03069,Kimberly Taylor,West Edwinmouth,North,Groceries,Bread,6,1759,10554,2093.25,Net Banking,2024-03-20
ORD03070,Joseph Hicks,Douglashaven,East,Furniture,Bed,9,643,5787,799.68,Net Banking,2024-03-07
ORD03071,Ryan Holloway,Rebeccaview,West,Sports,Football,9,4859,43731,5493.71,Cash,2025-06-06
ORD03072,Julie Jordan,West Timothy,West,Groceries,Milk,9,2259,20331,3814.57,Cash,2025-03-29
ORD03073,Dr. Stacy Smith,Matthewfort,North,Sports,Football,3,238,714,158.02,Cash,2025-02-12
ORD03074,Sara Hall,Andrewville,North,Furniture,Bed,2,1577,3154,248.0,Card,2025-10-08
ORD03075,Jennifer Martin,Lake Jamesview,West,Electronics,Laptop,3,4745,14235,3014.41,UPI,2025-07-06
ORD03076,Jenny Carter,Port Jeffreyborough,West,Sports,Cricket Bat,1,4101,4101,212.27,UPI,2025-02-15
ORD03077,Denise Johnson,East Josephview,South,Electronics,Laptop,8,4901,39208,3253.82,Cash,2025-05-07
ORD03078,Alan Brown,Michaelashire,West,Groceries,Milk,4,2351,9404,2598.53,Card,2025-06-07
ORD03079,Eric Martinez,North Gregory,West,Sports,Gym Gloves,1,2087,2087,476.8,Net Banking,2024-02-15
ORD03080,Jennifer Perkins,East Michelleview,South,Clothing,Shoes,9,3489,31401,8338.95,Card,2024-08-18
ORD03081,Patrick Stephens,Schaeferburgh,South,Clothing,Shoes,1,4088,4088,656.39,Cash,2024-04-13
ORD03082,Eric Lopez,Marthaview,East,Electronics,Tablet,6,2887,17322,3603.52,Net Banking,2025-11-28
ORD03083,Zachary Clarke,Stewartberg,South,Electronics,Tablet,3,866,2598,470.76,Card,2025-09-24
ORD03084,Charlene Bailey,South Caseyshire,South,Clothing,Jacket,1,2649,2649,375.92,UPI,2025-06-05
ORD03085,Yesenia Clark,Ryanberg,North,Electronics,Tablet,2,2627,5254,1428.78,Cash,2024-02-22
ORD03086,Derek Lewis,Griffinhaven,North,Furniture,Sofa,1,1725,1725,259.01,Card,2025-03-30
ORD03087,Jacob Gray,Thomasfurt,West,Groceries,Rice,1,4874,4874,1022.16,UPI,2025-04-06
ORD03088,Michael White,North Danielfurt,East,Furniture,Table,5,2287,11435,1592.78,Card,2025-06-08
ORD03089,Alec Smith,Port Luischester,West,Groceries,Eggs,10,2503,25030,1406.31,Net Banking,2024-08-25
ORD03090,Zachary Thornton,Kylemouth,East,Clothing,T-Shirt,2,3638,7276,760.21,Net Banking,2024-05-17
ORD03091,Randy Schmidt,Taraside,West,Furniture,Bed,9,1806,16254,4342.27,Card,2024-12-29
ORD03092,Anthony Osborne,Angelahaven,North,Groceries,Milk,10,1306,13060,2816.21,Net Banking,2024-08-27
ORD03093,Kimberly Baker,West Sharon,East,Sports,Cricket Bat,1,1219,1219,233.11,Card,2024-03-31
ORD03094,Jeffrey Moran,Oliviamouth,West,Clothing,Jeans,4,1956,7824,733.6,Card,2024-04-02
ORD03095,Jill White MD,Port Erikamouth,West,Electronics,Tablet,5,4503,22515,2518.52,UPI,2025-03-19
ORD03096,Dale Holmes,East Jenniferland,East,Groceries,Milk,5,2489,12445,3094.79,Net Banking,2025-04-27
ORD03097,Victoria Frank,Maryfurt,North,Furniture,Chair,6,4788,28728,3998.48,Net Banking,2024-10-17
ORD03098,Mary Taylor,Bakermouth,North,Clothing,T-Shirt,7,621,4347,697.64,Cash,2024-12-10
ORD03099,Mr. Daniel Moore IV,Jenniferport,North,Furniture,Chair,9,870,7830,1183.29,Card,2025-07-19
ORD03100,Kimberly Ruiz,Parkerborough,North,Electronics,Phone,5,2340,11700,2537.87,Card,2025-01-30
ORD03101,Scott Gonzalez,Piercemouth,South,Sports,Cricket Bat,8,3784,30272,3691.68,Net Banking,2024-05-11
ORD03102,Briana Bennett,Kelseybury,East,Clothing,Jeans,4,334,1336,337.98,UPI,2025-03-10
ORD03103,Regina Mora,Williamland,West,Sports,Gym Gloves,3,1054,3162,599.06,Net Banking,2024-07-12
ORD03104,James Velazquez,New Amanda,West,Groceries,Eggs,2,3192,6384,1899.16,UPI,2025-02-27
ORD03105,Dana Douglas,South Daniel,South,Electronics,Phone,6,3328,19968,5567.43,UPI,2024-10-11
ORD03106,Brandy Moreno,Reyeschester,North,Furniture,Table,3,1903,5709,668.9,UPI,2025-08-25
ORD03107,Sandra Fox,Nicholsfurt,West,Furniture,Bed,7,4636,32452,3413.2,Card,2025-03-07
ORD03108,Daniel Barnes,Davidton,North,Sports,Football,2,3985,7970,2120.51,Card,2025-09-21
ORD03109,Charles Smith,West Ericton,North,Furniture,Sofa,5,3406,17030,1363.67,Cash,2024-10-27
ORD03110,Larry Barrera,South Kelseyport,East,Furniture,Table,6,613,3678,604.96,Net Banking,2025-02-08
ORD03111,Sarah Jackson,Nataliefurt,South,Clothing,Jeans,7,530,3710,287.57,Net Banking,2025-01-27
ORD03112,Angelica Combs,Port Jonathonstad,West,Furniture,Bed,4,644,2576,494.34,Card,2024-12-31
ORD03113,Daniel Smith,North Lindsey,East,Clothing,Jeans,3,4081,12243,2709.71,UPI,2025-01-19
ORD03114,Laura Phillips,Brianview,East,Clothing,T-Shirt,1,1872,1872,527.57,UPI,2025-07-14
ORD03115,Kristopher Raymond,Riddleport,East,Furniture,Sofa,6,620,3720,863.6,Card,2024-08-01
ORD03116,Benjamin Cummings,West Brittneyburgh,South,Clothing,Shoes,8,1252,10016,952.94,UPI,2025-07-02
ORD03117,Laura Velez,Scottshire,East,Clothing,Shoes,4,2012,8048,535.4,Net Banking,2025-01-04
ORD03118,Kimberly Small,Dixonland,South,Electronics,Tablet,8,2495,19960,3893.5,Card,2024-07-21
ORD03119,Nicole Jackson,New Kathleenside,West,Electronics,Laptop,5,4919,24595,4045.81,Card,2025-06-13
ORD03120,Mrs. Katherine Mccall,Sloanbury,East,Furniture,Chair,3,166,498,60.94,Card,2025-08-20
ORD03121,Meghan Bishop,West Laurenton,South,Furniture,Bed,8,3667,29336,4583.21,UPI,2025-06-10
ORD03122,Linda Mueller,Thomasberg,West,Sports,Tennis Racket,9,522,4698,305.11,Cash,2025-12-14
ORD03123,Douglas Lee,Port Shannonborough,North,Electronics,Tablet,4,4870,19480,1384.58,Card,2024-04-04
ORD03124,Katrina Anderson MD,North Elizabeth,North,Furniture,Bed,8,4481,35848,5489.7,UPI,2025-10-08
ORD03125,Catherine Long,Laurieville,West,Groceries,Rice,9,3836,34524,2566.15,Card,2025-09-21
ORD03126,Daniel Alvarez,East Susanborough,West,Groceries,Bread,3,2808,8424,2023.84,UPI,2024-02-24
ORD03127,Suzanne Simon,East Susan,East,Furniture,Bed,10,1721,17210,1911.99,Card,2024-03-14
ORD03128,Jose Johnson,South Elaineville,South,Furniture,Table,1,3411,3411,198.9,UPI,2024-07-08
ORD03129,Meredith Flores,Foleyfort,East,Furniture,Bed,6,2845,17070,4736.73,Cash,2024-01-20
ORD03130,Lisa Wade,Marthaberg,North,Furniture,Sofa,2,885,1770,216.5,Net Banking,2024-06-06
ORD03131,Curtis Welch,Woodmouth,East,Groceries,Eggs,1,944,944,121.55,Cash,2024-09-19
ORD03132,Devon Gibbs,Port Barry,South,Electronics,Laptop,7,3576,25032,6838.97,Cash,2024-07-29
ORD03133,Steve Morris,Walkerview,South,Furniture,Table,5,406,2030,117.49,Cash,2024-11-23
ORD03134,Tami Johnson,Harrisshire,North,Furniture,Table,1,3151,3151,455.15,UPI,2025-11-01
ORD03135,Bryan Bradley,Nicholeburgh,East,Sports,Football,2,1032,2064,494.41,Cash,2024-09-19
ORD03136,Jessica Mason,Port Jamesfurt,South,Furniture,Chair,4,1966,7864,1654.87,Net Banking,2025-01-07
ORD03137,Pamela Austin,Paulaville,East,Electronics,Phone,3,2092,6276,1463.78,Net Banking,2024-09-17
ORD03138,Lorraine Bowers,Taylorchester,West,Clothing,Jacket,3,1874,5622,708.76,Card,2025-05-27
ORD03139,Carol Atkins,Lukeburgh,West,Clothing,Shoes,7,140,980,91.45,Net Banking,2025-08-20
ORD03140,James Le,Lake Kevin,East,Furniture,Sofa,3,546,1638,380.7,Cash,2025-08-20
ORD03141,Kenneth Brown,Smithton,East,Groceries,Eggs,8,2086,16688,1988.91,Cash,2025-08-09
ORD03142,Edward Welch,North Robert,East,Sports,Gym Gloves,4,3018,12072,1825.18,Cash,2024-04-04
ORD03143,Kelly Walker,New Sandra,East,Groceries,Eggs,6,2823,16938,3229.74,Net Banking,2024-03-08
ORD03144,Tiffany Smith,New Zacharymouth,North,Groceries,Milk,6,2117,12702,3405.21,Net Banking,2025-06-07
ORD03145,Stephanie Taylor,South Omar,South,Groceries,Bread,2,2283,4566,767.92,Cash,2025-01-13
ORD03146,Donna Campbell,Joelhaven,West,Groceries,Bread,3,2463,7389,1991.63,Net Banking,2024-10-04
ORD03147,Melissa Perez,Wesleyport,West,Clothing,Jeans,6,1807,10842,2063.21,Cash,2025-12-16
ORD03148,Kathleen Torres,North Sydney,West,Sports,Tennis Racket,4,1362,5448,666.88,Net Banking,2025-12-25
ORD03149,David Montgomery,Nicholaschester,South,Sports,Cricket Bat,5,945,4725,636.4,Net Banking,2024-03-24
ORD03150,Robert Vance,Port Kenneth,East,Groceries,Milk,9,1939,17451,2286.0,Net Banking,2024-08-05
ORD03151,David Bryant,Rowetown,North,Sports,Tennis Racket,9,3615,32535,3630.51,Net Banking,2025-08-14
ORD03152,John Guzman,Ramirezview,South,Electronics,Headphones,9,1305,11745,1456.48,UPI,2025-04-26
ORD03153,Donna Johnson,Schmidtland,North,Groceries,Rice,6,1939,11634,2541.48,UPI,2025-05-27
ORD03154,Carrie Harrison,East Connie,West,Groceries,Milk,8,824,6592,377.77,Cash,2024-01-24
ORD03155,Kristina Franco,Port Raymondmouth,North,Groceries,Milk,7,582,4074,683.95,UPI,2024-06-19
ORD03156,Ashley Hess,Jamiemouth,South,Clothing,Shoes,8,4637,37096,10236.97,Net Banking,2024-01-20
ORD03157,Keith Day,South Terri,West,Clothing,Jeans,2,1179,2358,695.15,Cash,2024-10-19
ORD03158,Melissa Neal,Port Tinafort,East,Sports,Tennis Racket,8,3351,26808,2573.19,Cash,2025-10-19
ORD03159,Courtney Dean,New Robertview,South,Sports,Cricket Bat,7,2529,17703,2409.7,Cash,2025-02-19
ORD03160,Jacob Good,Perkinstown,East,Sports,Football,8,1236,9888,2343.58,UPI,2025-08-22
ORD03161,Steven Simpson DVM,Richardsonton,North,Furniture,Bed,10,2248,22480,3965.62,UPI,2025-11-11
ORD03162,Vanessa Randall,Taylorport,West,Furniture,Bed,7,2493,17451,3346.91,Net Banking,2024-03-31
ORD03163,Laura Martin,West Jay,North,Electronics,Headphones,9,1936,17424,1822.77,UPI,2024-08-13
ORD03164,Randall Ross,New Charlesfurt,North,Electronics,Headphones,2,1491,2982,409.95,UPI,2025-08-07
ORD03165,Victoria Watson,Careyport,North,Groceries,Milk,10,2329,23290,5422.97,Cash,2024-02-04
ORD03166,Maria Lester,East Joshua,West,Furniture,Table,5,2327,11635,1208.42,Net Banking,2025-11-12
ORD03167,Barbara Williams,Wilsontown,East,Furniture,Sofa,9,922,8298,998.76,UPI,2025-07-30
ORD03168,Charles Black,Lake Jamestown,North,Electronics,Laptop,7,4143,29001,5803.79,Card,2024-02-08
ORD03169,Shannon Davis,Danielburgh,North,Sports,Football,2,3380,6760,355.61,UPI,2024-10-16
ORD03170,Eric Decker,Lake Jackieberg,West,Electronics,Tablet,3,416,1248,109.36,Net Banking,2025-07-29
ORD03171,Tyler Gutierrez,Waltertown,North,Electronics,Headphones,9,370,3330,789.2,Cash,2024-03-15
ORD03172,Natalie Ellison,Christophermouth,East,Clothing,Jeans,2,1743,3486,398.99,Card,2024-12-03
ORD03173,Brandon Rojas,North Joshua,North,Furniture,Chair,4,2715,10860,1079.16,Net Banking,2025-03-11
ORD03174,Gary Foster,Whitehaven,West,Sports,Football,8,4947,39576,2965.13,UPI,2025-07-10
ORD03175,Randall Jensen,Wrightmouth,West,Electronics,Tablet,8,910,7280,1920.49,UPI,2024-03-29
ORD03176,Christopher Gates,Fordport,South,Furniture,Table,2,4875,9750,2149.5,Card,2024-01-17
ORD03177,Sara Neal,North Yolandaport,North,Groceries,Rice,3,4366,13098,2474.36,Card,2025-11-01
ORD03178,Kimberly Davis,Wellsborough,East,Electronics,Laptop,3,4471,13413,2211.05,Card,2025-10-09
ORD03179,Jenny Patel,East Mitchellport,East,Furniture,Bed,2,1845,3690,1079.1,Net Banking,2025-05-02
ORD03180,Yolanda Edwards,East Rickyfort,North,Groceries,Bread,7,1636,11452,2305.28,UPI,2024-09-01
ORD03181,Karen Dawson,Julianshire,North,Groceries,Bread,10,1010,10100,2165.49,Card,2025-01-23
ORD03182,Amy Patterson,Port Justin,North,Furniture,Table,3,1074,3222,441.7,Cash,2024-02-19
ORD03183,Stephen Smith,Stephaniestad,West,Electronics,Tablet,4,2815,11260,707.69,Cash,2025-09-03
ORD03184,Kaitlyn Davis,Timothyfort,East,Groceries,Rice,7,4588,32116,3639.31,Cash,2024-12-18
ORD03185,Eric Nelson,Port Joshua,South,Clothing,Jeans,8,2654,21232,5803.88,Card,2024-01-03
ORD03186,Luke Abbott,Amymouth,East,Clothing,Shoes,2,3921,7842,1536.54,Card,2025-09-03
ORD03187,Megan Thompson DDS,Lake Davidshire,South,Groceries,Eggs,10,2412,24120,4261.3,UPI,2025-09-04
ORD03188,Aaron Parsons,East Andrewfurt,East,Electronics,Tablet,2,4940,9880,2940.31,Net Banking,2025-12-18
ORD03189,Michelle Smith,North Joseph,East,Groceries,Bread,7,1805,12635,1786.65,Cash,2025-05-31
ORD03190,Jeremy Rush,Josephside,South,Furniture,Bed,2,3832,7664,682.22,Card,2025-02-17
ORD03191,Michael Thomas,Johnsonberg,West,Groceries,Bread,1,2221,2221,323.59,UPI,2024-01-09
ORD03192,Anthony Reese,Lake Davidport,North,Electronics,Laptop,5,2348,11740,913.46,Net Banking,2024-08-15
ORD03193,Maria Cabrera,South Matthewport,West,Sports,Gym Gloves,3,2235,6705,403.18,UPI,2025-12-18
ORD03194,Eric Cole,Schaeferberg,East,Electronics,Laptop,7,3451,24157,4478.08,UPI,2024-03-01
ORD03195,Jennifer Davis,Loweside,South,Groceries,Milk,9,1252,11268,585.11,Cash,2025-02-21
ORD03196,Rebecca Jennings,West Karenland,South,Sports,Football,2,2976,5952,1592.43,Cash,2025-11-06
ORD03197,Shelby Davis,Port Andrewville,South,Furniture,Table,9,1313,11817,1125.51,Card,2025-07-23
ORD03198,Rachel Lopez,Levineborough,South,Electronics,Tablet,8,2776,22208,5920.25,Card,2025-06-22
ORD03199,Kyle Hunt,East Lindsey,East,Sports,Tennis Racket,1,110,110,13.01,Net Banking,2024-02-09
ORD03200,Jonathan Murphy,East Williamfort,North,Sports,Football,4,3155,12620,3438.66,Cash,2024-04-14
ORD03201,James Jones,Rodriguezview,South,Clothing,T-Shirt,6,1691,10146,1315.64,Cash,2025-03-29
ORD03202,Samuel Smith,East Jamieview,East,Sports,Cricket Bat,1,3677,3677,449.76,Net Banking,2025-10-16
ORD03203,Sylvia Lopez,Thompsonfort,South,Sports,Football,10,3904,39040,7068.1,UPI,2024-01-30
ORD03204,Darren Shields,South Chadberg,East,Electronics,Laptop,5,938,4690,963.86,Cash,2025-12-30
ORD03205,Julie Brown,West Cheyennefort,North,Clothing,T-Shirt,10,2827,28270,7573.44,Card,2024-05-09
ORD03206,Robert Burnett,East Donnashire,South,Clothing,Shoes,9,3458,31122,7779.47,UPI,2024-10-21
ORD03207,Madison Ortiz,South James,North,Furniture,Chair,9,4650,41850,11784.32,Net Banking,2024-08-16
ORD03208,Katelyn Burke,Aliciabury,South,Furniture,Sofa,8,4681,37448,7887.25,Net Banking,2024-01-26
ORD03209,Amy Holmes,East Janettown,West,Sports,Football,3,897,2691,283.85,Card,2025-11-07
ORD03210,Anne Benitez,North Gabrielle,East,Furniture,Bed,10,4816,48160,2573.44,Card,2024-12-05
ORD03211,Randy Thomas,East William,East,Groceries,Bread,10,4787,47870,6056.29,Cash,2024-01-22
ORD03212,Thomas Phillips,Kellyville,East,Sports,Football,7,3621,25347,4856.73,Card,2024-02-20
ORD03213,Bianca Davidson,North Kathystad,West,Furniture,Bed,1,3190,3190,212.68,Card,2024-02-19
ORD03214,Laura Weber,Lesterhaven,East,Groceries,Eggs,4,2013,8052,1313.17,Net Banking,2024-10-06
ORD03215,George Martinez,Mathisfort,North,Electronics,Laptop,7,2707,18949,1629.15,Cash,2025-02-28
ORD03216,Eric Wilkinson,West Krista,South,Groceries,Rice,5,4914,24570,6750.11,Card,2024-02-29
ORD03217,Debbie Ashley,West Stephanie,South,Furniture,Chair,9,2396,21564,2126.49,Net Banking,2025-02-12
ORD03218,Madison Aguirre,Tiffanyfurt,South,Clothing,Jacket,5,3866,19330,4706.24,Card,2025-05-25
ORD03219,Lori Hooper,East Laura,South,Electronics,Tablet,3,2069,6207,1464.77,Cash,2024-09-13
ORD03220,Michelle Franklin,New Jimmymouth,South,Clothing,T-Shirt,1,2343,2343,164.02,Card,2025-12-27
ORD03221,Charles Sims,New Sarah,North,Electronics,Tablet,6,2120,12720,3632.5,Card,2025-02-11
ORD03222,Kaitlin Abbott,South Robertchester,North,Sports,Tennis Racket,6,3856,23136,2786.67,Net Banking,2025-08-21
ORD03223,Kelly Gonzalez,Lisachester,South,Furniture,Bed,10,3203,32030,1721.18,Card,2024-10-11
ORD03224,Patricia Steele,Lake Carmen,East,Groceries,Rice,4,1844,7376,777.47,Card,2024-05-27
ORD03225,Andrew Taylor,Lake Richardland,South,Clothing,Jeans,4,776,3104,405.2,Net Banking,2025-07-04
ORD03226,Jason Vaughan,North Jasonborough,West,Furniture,Chair,5,265,1325,368.23,Net Banking,2024-05-23
ORD03227,Jeanette Mccann,Juliehaven,South,Furniture,Chair,8,1393,11144,833.6,Cash,2024-10-29
ORD03228,David Thomas,North Sheenaside,South,Furniture,Chair,5,812,4060,616.38,UPI,2025-07-08
ORD03229,Denise Henry,Port Dawn,South,Clothing,Jeans,10,1542,15420,4239.91,Net Banking,2025-01-26
ORD03230,Michael Hayes,New Nicole,South,Electronics,Headphones,4,1133,4532,1154.99,UPI,2024-02-03
ORD03231,Brian Coleman,Kellymouth,North,Furniture,Table,9,469,4221,529.81,Cash,2025-01-01
ORD03232,William Brown,North Sandra,North,Furniture,Chair,7,880,6160,1341.99,Cash,2024-02-19
ORD03233,Rita Sullivan,Jacquelineport,North,Furniture,Table,6,1948,11688,2014.45,UPI,2025-05-13
ORD03234,Joshua Boyle,Lake Kimberlyberg,East,Electronics,Laptop,1,1605,1605,364.63,Net Banking,2025-10-25
ORD03235,Veronica Robinson,East Victor,East,Electronics,Headphones,3,1609,4827,1257.06,Net Banking,2025-01-20
ORD03236,William Sexton,Lake Kimberly,South,Electronics,Tablet,6,2632,15792,799.3,Cash,2025-04-05
ORD03237,Gregory Salinas,East Amanda,North,Electronics,Tablet,6,1879,11274,949.04,Net Banking,2024-08-27
ORD03238,Tina Wilson,East Courtney,East,Groceries,Eggs,9,718,6462,783.3,Net Banking,2025-01-20
ORD03239,Omar Watts,Lake Katie,East,Clothing,Jeans,8,205,1640,402.77,Card,2024-05-01
ORD03240,Gary Duran,Port Colleen,West,Furniture,Chair,2,3797,7594,2228.91,Net Banking,2025-03-14
ORD03241,Jamie Alexander,North David,West,Clothing,T-Shirt,6,1548,9288,1994.21,UPI,2025-10-25
ORD03242,Terry Doyle,Lewishaven,East,Furniture,Chair,10,1411,14110,2658.94,Net Banking,2025-12-18
ORD03243,Mark Wallace,Donaldbury,North,Sports,Football,7,707,4949,1233.73,Cash,2025-10-01
ORD03244,Eric Collins,Guzmanmouth,West,Furniture,Table,2,1032,2064,304.85,UPI,2025-10-03
ORD03245,Sean Lee,Shannontown,South,Groceries,Eggs,7,1775,12425,1662.77,Cash,2024-05-18
ORD03246,Candace Perkins,North James,South,Groceries,Rice,9,3014,27126,5328.72,Net Banking,2024-03-14
ORD03247,Jonathan Garcia,East Caseymouth,North,Sports,Tennis Racket,9,3111,27999,4298.44,UPI,2025-05-24
ORD03248,Alyssa Hernandez MD,Port Megan,North,Clothing,Jeans,10,2652,26520,2602.71,Cash,2024-02-11
ORD03249,Samantha Scott,Port Pamela,South,Groceries,Bread,4,4767,19068,4539.81,Cash,2025-08-01
ORD03250,Megan Salazar,Shermanstad,West,Electronics,Phone,3,2227,6681,1064.54,Net Banking,2025-09-05
ORD03251,Melissa Berger,West Kaylaview,East,Sports,Cricket Bat,3,4021,12063,2879.94,UPI,2025-07-02
ORD03252,Shannon Sanders,Lake Valerie,East,Groceries,Milk,8,3481,27848,3776.87,Cash,2024-03-14
ORD03253,Mitchell Smith,Loristad,North,Sports,Cricket Bat,1,872,872,65.04,Net Banking,2024-10-08
ORD03254,Lisa Brown,West Brenda,West,Clothing,Jeans,7,3318,23226,2861.66,Cash,2025-03-17
ORD03255,Michael Barnett,Emilymouth,East,Clothing,T-Shirt,3,4096,12288,1176.82,Card,2024-10-13
ORD03256,Philip Espinoza,Port Jaredmouth,West,Furniture,Table,8,3093,24744,5398.16,Net Banking,2024-11-17
ORD03257,Crystal Brooks,Lake Christine,West,Groceries,Bread,9,3715,33435,5945.66,Cash,2025-08-25
ORD03258,Isaiah Abbott,Mitchellbury,North,Furniture,Sofa,10,2459,24590,5582.9,Card,2024-05-03
ORD03259,Beverly Owens,Lake Kimberly,South,Groceries,Milk,6,147,882,255.47,Net Banking,2025-08-15
ORD03260,Phillip Dickerson,East Amanda,North,Clothing,Shoes,9,2834,25506,6751.11,Net Banking,2024-05-26
ORD03261,Jeremiah Sampson,Alvarezport,East,Furniture,Bed,7,4132,28924,2742.89,UPI,2024-08-24
ORD03262,Robert Barrera MD,South Micheal,South,Sports,Gym Gloves,10,1865,18650,2132.63,UPI,2024-10-02
ORD03263,Mark Melton,Jessicaland,East,Furniture,Chair,5,3680,18400,4915.91,UPI,2025-11-03
ORD03264,Vincent Hall,Jillborough,North,Furniture,Table,4,2497,9988,2729.17,Card,2025-04-17
ORD03265,Andrew Thompson,Howardhaven,East,Clothing,Shoes,10,3898,38980,10309.91,UPI,2024-05-20
ORD03266,Ashley Smith,Theresahaven,South,Sports,Tennis Racket,1,3859,3859,216.32,UPI,2024-08-23
ORD03267,Christopher Reid,Hoganfurt,West,Clothing,Shoes,9,1279,11511,2803.42,Cash,2024-07-16
ORD03268,Roger Turner,South Danielville,West,Electronics,Tablet,6,624,3744,859.03,Net Banking,2025-02-08
ORD03269,Erik James,Mistyfurt,South,Groceries,Rice,7,1714,11998,1820.68,Net Banking,2024-08-12
ORD03270,Haley Allen,Munozhaven,North,Furniture,Chair,2,651,1302,386.84,UPI,2024-06-04
ORD03271,John Chapman,New John,South,Sports,Tennis Racket,9,2298,20682,1688.17,Cash,2024-09-16
ORD03272,Leslie Walter,Danielsfort,South,Furniture,Bed,8,4820,38560,5601.09,Net Banking,2025-06-05
ORD03273,Don Williams,Melissaburgh,East,Groceries,Rice,4,3222,12888,672.52,Card,2024-12-09
ORD03274,Michael Fisher,New Danielle,East,Groceries,Milk,1,4706,4706,1394.59,UPI,2025-03-05
ORD03275,Don Huerta,East Theodoreville,South,Electronics,Phone,3,2242,6726,1381.57,Card,2024-04-05
ORD03276,Christopher Bartlett,Mullenfurt,West,Electronics,Laptop,2,987,1974,542.32,UPI,2024-10-25
ORD03277,Austin Alexander,New Stephenshire,South,Groceries,Bread,9,591,5319,985.2,UPI,2024-02-19
ORD03278,Nicole Chavez,Sethton,South,Clothing,Jacket,2,601,1202,144.79,UPI,2024-10-05
ORD03279,Elizabeth Evans,Lake Michael,South,Clothing,Shoes,7,4269,29883,4033.69,Card,2025-12-04
ORD03280,Kenneth Barnes,East Joanne,East,Furniture,Chair,5,4319,21595,4565.86,Net Banking,2025-05-03
ORD03281,Raymond Meadows,East Daniel,North,Clothing,Jacket,9,509,4581,454.76,UPI,2025-10-01
ORD03282,Cheyenne Martin,Parkerburgh,West,Groceries,Bread,7,2408,16856,2728.05,Card,2025-05-13
ORD03283,Paul Acevedo,Port Jennifer,North,Electronics,Laptop,10,404,4040,358.32,Net Banking,2025-04-18
ORD03284,Thomas Campbell,North Brandy,East,Sports,Cricket Bat,8,942,7536,1198.09,Net Banking,2024-04-19
ORD03285,Scott Cuevas,Contrerashaven,West,Groceries,Eggs,2,797,1594,306.35,Net Banking,2025-04-26
ORD03286,Richard Hicks,Nashchester,North,Clothing,Jeans,4,1409,5636,864.88,Card,2025-05-02
ORD03287,Heather Holloway,Port Cody,East,Electronics,Tablet,9,1798,16182,2325.85,UPI,2024-09-18
ORD03288,Jessica Allen,Parsonsshire,East,Sports,Tennis Racket,7,2780,19460,3112.29,Cash,2024-06-02
ORD03289,Anthony Thompson,New Josefort,South,Clothing,Jeans,4,4839,19356,4142.83,Card,2025-06-05
ORD03290,Madison Ferguson,Devinshire,West,Furniture,Bed,7,1263,8841,650.4,Card,2025-12-18
ORD03291,Ellen Underwood,Port Fernando,West,Sports,Football,2,2805,5610,1037.04,Net Banking,2024-10-01
ORD03292,Lisa Dominguez,Courtneymouth,North,Sports,Gym Gloves,10,1804,18040,921.4,Cash,2024-07-26
ORD03293,Yvette Atkins,Maysside,South,Sports,Tennis Racket,4,1390,5560,1530.32,Net Banking,2025-04-18
ORD03294,Matthew Potter,East Richard,East,Groceries,Eggs,10,4688,46880,11850.32,Card,2024-08-15
ORD03295,Briana Stewart,Port Eric,East,Electronics,Tablet,1,1448,1448,188.22,Card,2025-06-14
ORD03296,Nancy Gonzales,Blackwellborough,South,Groceries,Rice,4,136,544,136.52,UPI,2025-04-23
ORD03297,Tiffany Anderson,Jenniferton,South,Sports,Gym Gloves,3,165,495,103.81,Net Banking,2024-08-17
ORD03298,Cynthia Hernandez,North Sarah,East,Groceries,Eggs,8,1049,8392,673.19,Cash,2025-05-28
ORD03299,Veronica Brown,Browningchester,North,Clothing,Jeans,8,4228,33824,9483.76,UPI,2024-07-22
ORD03300,Henry Combs,Campbellfort,East,Electronics,Headphones,2,1299,2598,177.43,Cash,2024-05-24
ORD03301,Alex Moore,Matthewside,North,Furniture,Sofa,5,4104,20520,2137.19,Card,2025-11-25
ORD03302,Erin Garcia,Bennettport,West,Groceries,Eggs,8,869,6952,1663.95,UPI,2025-12-29
ORD03303,Cynthia Ramsey,North Caroltown,West,Sports,Gym Gloves,2,3181,6362,898.26,Card,2025-09-16
ORD03304,Laura Cox,Port Nicoleburgh,West,Groceries,Eggs,8,3431,27448,3403.52,Cash,2025-09-13
ORD03305,Daniel Butler,Powersview,East,Furniture,Sofa,5,231,1155,62.79,Cash,2025-12-31
ORD03306,Timothy Cameron,East Melissa,South,Furniture,Sofa,3,3211,9633,2124.44,Net Banking,2025-01-08
ORD03307,Eugene Johnson,Brianashire,North,Sports,Cricket Bat,3,1141,3423,888.09,Card,2025-08-16
ORD03308,Mr. James Smith,New Joeton,West,Furniture,Chair,8,274,2192,307.89,Cash,2024-10-18
ORD03309,Robert Graham,North Renee,North,Groceries,Rice,2,2840,5680,983.84,UPI,2025-10-17
ORD03310,Chad Martinez,Port Charles,South,Clothing,T-Shirt,2,459,918,61.79,Net Banking,2025-12-26
ORD03311,Melissa Jackson,Port Marcusmouth,South,Electronics,Laptop,9,367,3303,276.25,Card,2024-12-23
ORD03312,William Jackson,New Sydneymouth,South,Groceries,Bread,10,3833,38330,10191.15,Card,2024-07-27
ORD03313,Kenneth Christian,South Teresa,South,Clothing,Jeans,6,4130,24780,6780.0,UPI,2025-09-06
ORD03314,Robert Walker,Jacobfort,West,Clothing,Shoes,8,4770,38160,2778.9,Cash,2024-09-15
ORD03315,Kerry Fox,Moralestown,South,Sports,Gym Gloves,7,2423,16961,3726.24,UPI,2024-09-02
ORD03316,Vickie Adams PhD,Alvarezshire,West,Furniture,Chair,8,1236,9888,2514.73,Card,2025-02-21
ORD03317,Christina Goodman,Barbarafurt,South,Furniture,Table,5,3318,16590,3063.87,Net Banking,2024-09-27
ORD03318,Joshua Williams,New Charleschester,South,Furniture,Sofa,1,422,422,106.64,UPI,2025-12-06
ORD03319,Brittney Torres,North Emilystad,North,Sports,Gym Gloves,1,807,807,101.72,Card,2025-01-21
ORD03320,Matthew Goodman,Danielstad,West,Electronics,Laptop,9,2868,25812,3096.17,UPI,2024-05-26
ORD03321,Kenneth Brown,Robinsonbury,West,Groceries,Milk,1,1723,1723,511.88,Cash,2024-11-23
ORD03322,Sara Santos,East Ryan,North,Groceries,Milk,1,832,832,230.27,UPI,2024-02-28
ORD03323,Mark Coleman,Port Seth,North,Sports,Cricket Bat,2,4630,9260,1489.4,Card,2024-04-26
ORD03324,David Schaefer,Joneschester,East,Sports,Football,3,4414,13242,2793.06,Card,2024-08-24
ORD03325,Michael Reyes,Seanbury,South,Electronics,Tablet,9,1572,14148,2918.0,UPI,2024-02-21
ORD03326,Beth Shelton,Port Megan,West,Clothing,Jeans,8,3517,28136,4394.12,Net Banking,2024-09-05
ORD03327,Lucas Davis,New Teresa,West,Furniture,Chair,9,774,6966,592.69,UPI,2024-05-20
ORD03328,Grace Martinez,West Amber,East,Clothing,Jacket,8,2200,17600,4264.06,Cash,2024-01-04
ORD03329,Thomas Welch Jr.,Cartermouth,South,Electronics,Laptop,1,2957,2957,651.19,UPI,2024-08-05
ORD03330,Andrew Kline,North Cody,East,Sports,Gym Gloves,8,1761,14088,2834.01,Cash,2025-09-25
ORD03331,Daniel Allen,Santiagofurt,South,Electronics,Laptop,5,1246,6230,1350.77,Net Banking,2025-09-12
ORD03332,Kimberly Cole,Lloydmouth,West,Groceries,Bread,1,950,950,143.81,Net Banking,2025-05-12
ORD03333,Adam Sims,Port Ronniefurt,South,Electronics,Headphones,8,3361,26888,7190.75,Net Banking,2024-05-08
ORD03334,Sherri Hale,South Dylan,East,Furniture,Bed,9,4408,39672,10969.82,UPI,2025-11-13
ORD03335,Michael Olson,Nicholsburgh,South,Electronics,Headphones,3,3867,11601,3260.8,Cash,2024-06-25
ORD03336,April Heath,Stephanieside,North,Groceries,Eggs,7,3736,26152,4672.86,Cash,2025-12-08
ORD03337,Cheryl Hayes,Andersonchester,South,Groceries,Eggs,2,3337,6674,1984.7,Cash,2024-11-28
ORD03338,Lisa Ellis,Mullinsbury,East,Sports,Football,8,2487,19896,3883.6,UPI,2024-09-04
ORD03339,Kelsey Castillo,West Angela,West,Furniture,Sofa,6,4004,24024,4085.72,Card,2024-06-04
ORD03340,Marc Taylor,Richardview,East,Sports,Gym Gloves,7,2527,17689,994.73,UPI,2024-07-11
ORD03341,Amy Kelly,North Sabrina,North,Clothing,T-Shirt,2,2483,4966,403.24,Net Banking,2025-03-27
ORD03342,Sarah Hayes,North Debraview,South,Clothing,Shoes,9,4873,43857,4259.29,Card,2024-03-12
ORD03343,Thomas Villa,Lake Cody,North,Groceries,Bread,2,4477,8954,1640.54,Card,2024-03-23
ORD03344,Monica Bell,East Ray,North,Sports,Gym Gloves,1,559,559,149.96,UPI,2025-01-04
ORD03345,Jacob Robertson,East Briantown,South,Sports,Cricket Bat,5,2309,11545,2292.74,Net Banking,2025-10-15
ORD03346,Roberto Hays,Danielleview,South,Sports,Gym Gloves,6,3893,23358,6963.13,UPI,2025-10-03
ORD03347,Isaiah Johnston,Shafferton,East,Furniture,Table,1,1111,1111,83.79,UPI,2024-06-02
ORD03348,Jamie Clark,Jordanhaven,North,Electronics,Headphones,1,4141,4141,491.99,Net Banking,2025-08-08
ORD03349,Monique Drake,South Cody,West,Sports,Tennis Racket,3,1584,4752,430.12,Cash,2024-07-12
ORD03350,Laura Snyder,East Kevin,West,Electronics,Laptop,7,1477,10339,2808.16,Cash,2024-01-14
ORD03351,Patrick Jennings,Kimberlyfurt,West,Electronics,Phone,5,1515,7575,2092.02,Cash,2025-10-28
ORD03352,Shannon Reid,Andrewburgh,East,Clothing,Shoes,6,2059,12354,2067.98,UPI,2025-10-12
ORD03353,Natasha Hicks,Stevensonland,East,Clothing,Shoes,2,2369,4738,598.26,Net Banking,2025-11-10
ORD03354,Mary Clark,Port Danielle,South,Groceries,Bread,1,3216,3216,597.17,Card,2025-05-19
ORD03355,Cynthia Adams,Lake Sallyborough,East,Clothing,Jacket,6,1892,11352,1289.55,Net Banking,2024-03-08
ORD03356,Patrick Cummings,Leeview,South,Groceries,Eggs,6,4311,25866,2577.72,Card,2024-10-01
ORD03357,Paul Sullivan,Josephstad,South,Sports,Cricket Bat,6,4581,27486,7865.81,Net Banking,2025-10-07
ORD03358,Mr. Chad Woods,East Madison,East,Groceries,Milk,7,3308,23156,5961.92,Cash,2025-06-14
ORD03359,James Scott,North Felicia,North,Furniture,Chair,8,3972,31776,4487.71,Card,2025-04-27
ORD03360,Samuel Duke,Lake Tomport,East,Furniture,Table,7,4694,32858,3437.3,Card,2025-10-26
ORD03361,Marcia Jones,Adamfurt,East,Furniture,Bed,10,2862,28620,7630.95,UPI,2024-02-02
ORD03362,Raymond Pierce,Port John,South,Clothing,Jacket,1,3058,3058,913.22,Card,2024-02-02
ORD03363,Heather Young,Andrewport,East,Groceries,Eggs,3,167,501,31.45,Cash,2024-07-20
ORD03364,Cynthia Ford,Diazshire,South,Sports,Cricket Bat,10,474,4740,1062.88,Net Banking,2025-04-02
ORD03365,Cynthia Lawson,Armstrongstad,North,Furniture,Sofa,5,2929,14645,3174.14,Cash,2025-12-03
ORD03366,Evelyn Fisher,Justinhaven,East,Sports,Football,2,3554,7108,600.11,UPI,2025-07-26
ORD03367,Jimmy Humphrey,Theresahaven,North,Clothing,T-Shirt,3,139,417,52.11,Cash,2024-12-17
ORD03368,Derek Watkins,East Codyborough,South,Sports,Football,5,1818,9090,1234.92,Net Banking,2024-03-07
ORD03369,Cynthia Dunlap,Reevestown,East,Sports,Tennis Racket,4,1933,7732,1837.5,Cash,2025-09-27
ORD03370,Jason Jackson,Port Patrick,North,Electronics,Laptop,2,1265,2530,277.67,Card,2024-12-27
ORD03371,Sandra Barnes,Lake Erika,South,Furniture,Bed,6,1612,9672,2623.33,Net Banking,2024-09-27
ORD03372,Thomas Anderson,Andersonbury,East,Groceries,Milk,6,1009,6054,1349.89,Net Banking,2025-06-20
ORD03373,Mrs. Carol Blake,Dawnfurt,North,Furniture,Table,9,2967,26703,3662.06,Card,2024-12-16
ORD03374,Henry Baxter,South Nathanielstad,North,Groceries,Rice,10,762,7620,1494.66,UPI,2024-11-27
ORD03375,Kayla Coleman,Morriston,South,Groceries,Bread,6,3028,18168,2328.52,Net Banking,2025-12-01
ORD03376,James Williams,Barrettbury,West,Electronics,Headphones,3,3982,11946,1154.21,Net Banking,2024-04-20
ORD03377,Derrick King,Christineview,North,Furniture,Table,8,2149,17192,2515.5,Card,2024-05-23
ORD03378,Lisa Dominguez,Jacksonmouth,North,Groceries,Bread,7,1466,10262,2465.58,Cash,2024-09-20
ORD03379,Marcus Patton,Morenoton,West,Groceries,Rice,9,2209,19881,3607.01,Net Banking,2025-06-07
ORD03380,Cody Mann,East Anneburgh,North,Furniture,Chair,10,585,5850,912.45,Net Banking,2024-08-27
ORD03381,Michael Robinson,South Robinshire,West,Furniture,Chair,4,4996,19984,2677.99,Net Banking,2024-03-16
ORD03382,Mark Russell,Lake Nathanmouth,South,Electronics,Tablet,6,366,2196,500.84,Cash,2025-09-22
ORD03383,Michael Nguyen,Ashleyport,East,Groceries,Eggs,4,918,3672,1053.54,Cash,2024-08-08
ORD03384,Annette Pineda,Debrahaven,East,Sports,Football,5,4213,21065,2865.66,Cash,2024-04-02
ORD03385,Peter Phelps,Toddmouth,North,Electronics,Phone,6,2084,12504,1877.91,Cash,2025-01-10
ORD03386,Sarah Colon,Andersonmouth,West,Sports,Cricket Bat,4,977,3908,436.05,Card,2024-05-15
ORD03387,Aaron Taylor,Brendaburgh,North,Clothing,Shoes,7,3922,27454,2641.11,UPI,2025-09-16
ORD03388,Ms. Emily Lam,Port Victoriabury,East,Clothing,Jacket,10,298,2980,706.62,Cash,2025-10-05
ORD03389,James Richmond,Erintown,East,Electronics,Phone,5,2137,10685,1698.59,Cash,2025-09-21
ORD03390,William Hayes,Lisaland,North,Electronics,Laptop,3,4894,14682,2509.92,Card,2024-05-01
ORD03391,Brenda Smith,South Johnhaven,West,Electronics,Headphones,3,4888,14664,1153.66,Cash,2025-11-20
ORD03392,Courtney Davis,South Michael,North,Groceries,Bread,2,3802,7604,786.31,Net Banking,2024-06-14
ORD03393,Samuel Montgomery,West Robert,South,Furniture,Chair,1,4224,4224,727.77,Cash,2025-09-25
ORD03394,Roger Andrews,Carterhaven,West,Electronics,Phone,7,4746,33222,9135.16,Cash,2024-11-25
ORD03395,Mark Stewart,Dannymouth,South,Groceries,Eggs,8,1033,8264,2009.96,Net Banking,2025-01-02
ORD03396,Benjamin Knox,Lake Mark,North,Groceries,Rice,8,2492,19936,2722.55,Card,2025-09-01
ORD03397,Philip Morris,East Nicoleborough,South,Furniture,Chair,5,2345,11725,1517.79,UPI,2024-01-11
ORD03398,Stephen Jensen,Port Joy,North,Furniture,Bed,9,2099,18891,3591.47,Cash,2025-07-22
ORD03399,Wesley Conrad,West Michelleberg,West,Clothing,Jacket,1,1493,1493,296.53,Net Banking,2025-05-30
ORD03400,Elizabeth Lee,New Lauren,South,Groceries,Rice,4,489,1956,230.91,Card,2025-09-11
ORD03401,Alex Jordan,North Steven,South,Groceries,Eggs,6,2537,15222,3141.19,Cash,2025-07-03
ORD03402,Eric Smith,West Michael,South,Groceries,Rice,1,718,718,195.42,Net Banking,2025-07-16
ORD03403,Tiffany Lopez,West Lindaburgh,East,Furniture,Chair,1,2668,2668,200.19,Net Banking,2024-09-07
ORD03404,Michelle Clark,Hughesview,North,Electronics,Laptop,9,2643,23787,2138.95,Cash,2024-01-03
ORD03405,Gary Curry,Longberg,South,Sports,Cricket Bat,6,2033,12198,1139.94,UPI,2025-07-17
ORD03406,Richard Calderon,Sharonbury,South,Groceries,Rice,7,1920,13440,2067.53,UPI,2024-01-10
ORD03407,Robert Tran,Williammouth,East,Groceries,Milk,7,203,1421,236.55,Net Banking,2025-06-06
ORD03408,Nathaniel Martinez,North Kellyberg,South,Groceries,Eggs,3,478,1434,87.02,UPI,2024-12-28
ORD03409,Nicole Archer,Floresburgh,North,Clothing,T-Shirt,1,3982,3982,1108.31,Net Banking,2025-04-12
ORD03410,Kyle Reynolds,North Rebeccabury,East,Furniture,Sofa,9,3091,27819,7451.05,UPI,2024-01-29
ORD03411,David Jacobs,Lake Brettburgh,North,Furniture,Table,8,152,1216,221.64,UPI,2024-03-23
ORD03412,Peter Howell,West Matthewmouth,West,Sports,Tennis Racket,5,3063,15315,1759.47,Net Banking,2025-01-07
ORD03413,Alejandro Gray,East Brianfort,South,Furniture,Bed,6,2872,17232,2539.5,Net Banking,2024-04-27
ORD03414,Ashley Smith,Jamesmouth,North,Groceries,Eggs,2,2035,4070,650.38,Net Banking,2025-12-01
ORD03415,Kimberly Bowman,South Tylerfurt,South,Furniture,Bed,4,4889,19556,2710.34,Net Banking,2024-04-19
ORD03416,Michael Stark,Lewisbury,East,Groceries,Eggs,9,1892,17028,4852.79,Net Banking,2025-01-16
ORD03417,Sarah Hamilton,Sonyamouth,West,Furniture,Bed,2,1702,3404,633.54,Card,2025-06-21
ORD03418,Megan Wright,Trevorton,West,Electronics,Phone,3,1881,5643,1251.89,UPI,2024-10-22
ORD03419,Michelle Baldwin,New Lisa,South,Clothing,Jacket,7,3223,22561,2120.22,Cash,2025-03-10
ORD03420,Tanya Taylor,East Crystal,North,Electronics,Tablet,2,686,1372,344.9,Card,2025-03-02
ORD03421,Melissa Larson,Michaelstad,North,Furniture,Chair,6,1620,9720,1204.12,Net Banking,2024-08-20
ORD03422,Danny Irwin,North Michael,East,Sports,Gym Gloves,4,3505,14020,1619.07,Net Banking,2024-01-28
ORD03423,William Nielsen,East Brendaburgh,West,Clothing,Shoes,9,4731,42579,6253.78,UPI,2025-06-06
ORD03424,Joshua Prince,Michaelland,North,Furniture,Bed,9,4677,42093,10306.57,UPI,2024-08-24
ORD03425,Matthew Johnson,Daughertyfurt,North,Clothing,Jeans,8,1966,15728,2365.35,Card,2024-08-20
ORD03426,David Wilson,Woodhaven,South,Sports,Cricket Bat,3,4964,14892,1167.59,Net Banking,2025-10-21
ORD03427,Amber Rocha,Crystalview,East,Electronics,Headphones,6,1927,11562,1387.9,UPI,2024-02-14
ORD03428,Crystal Curtis,Gregview,South,Groceries,Milk,10,871,8710,613.96,Cash,2025-04-07
ORD03429,Sara Brennan,Darrellland,North,Sports,Cricket Bat,5,4030,20150,1632.54,UPI,2024-07-16
ORD03430,Tyler Meyer,Littleberg,North,Sports,Football,8,4879,39032,9491.38,Net Banking,2025-02-14
ORD03431,Tony Tanner,Stantonport,West,Clothing,Shoes,9,4365,39285,8408.65,Card,2025-08-13
ORD03432,Nicholas Vargas,East Jeffrey,North,Sports,Gym Gloves,10,565,5650,728.46,Net Banking,2024-05-18
ORD03433,Robert Torres,Millerview,West,Electronics,Laptop,5,4575,22875,6025.66,Card,2024-12-09
ORD03434,Jim Allen,West Michael,West,Sports,Football,9,4478,40302,8694.25,UPI,2024-01-10
ORD03435,David Avila,Maciasmouth,West,Groceries,Milk,6,3429,20574,5460.19,Cash,2024-04-06
ORD03436,Nicole Esparza,Port Taylor,East,Electronics,Phone,10,3876,38760,11444.57,Net Banking,2025-01-10
ORD03437,Ronald Perry,South Ashlee,West,Furniture,Bed,2,3528,7056,1405.35,Cash,2025-09-15
ORD03438,Jesse Rodriguez,Hendricksmouth,North,Groceries,Rice,2,4801,9602,2494.55,Net Banking,2024-08-04
ORD03439,Amy Reeves,Kevinmouth,North,Sports,Cricket Bat,1,1032,1032,248.61,Net Banking,2025-10-20
ORD03440,Linda Miller,New Michaelstad,South,Electronics,Headphones,8,2951,23608,2293.08,UPI,2025-11-30
ORD03441,Evan Williams,Lake Seth,North,Groceries,Milk,4,3553,14212,3982.64,Net Banking,2024-09-04
ORD03442,Margaret Ritter,South Joshuaberg,East,Sports,Tennis Racket,5,4838,24190,1431.03,UPI,2024-02-16
ORD03443,Sara Baker,Bergmouth,East,Furniture,Bed,3,3026,9078,2155.42,Cash,2025-01-15
ORD03444,Luis Jimenez,Heidihaven,North,Clothing,Shoes,4,4996,19984,5580.88,Cash,2025-07-15
ORD03445,Christopher Shepard,Hernandezberg,East,Groceries,Bread,4,1362,5448,470.57,UPI,2024-11-25
ORD03446,Dale Sanchez,Frederickville,East,Groceries,Bread,2,1609,3218,420.49,Net Banking,2024-03-09
ORD03447,Ebony Glover,Yolandaport,North,Groceries,Milk,2,1592,3184,721.71,UPI,2025-02-19
ORD03448,Christopher Gray,Michaelstad,East,Sports,Gym Gloves,4,4781,19124,3816.36,UPI,2025-01-01
ORD03449,Tara Maxwell,North Timothy,South,Furniture,Sofa,6,2014,12084,887.62,UPI,2025-02-02
ORD03450,Teresa Barrett,Heathport,East,Sports,Cricket Bat,1,3952,3952,788.24,UPI,2025-06-17
ORD03451,April Campbell,Hickshaven,West,Sports,Gym Gloves,5,3068,15340,4149.2,Cash,2025-08-16
ORD03452,Marcus Franco,Brownbury,West,Clothing,T-Shirt,9,1540,13860,3127.57,Cash,2025-04-16
ORD03453,Amy Lopez,Gambleland,South,Clothing,T-Shirt,7,3380,23660,4189.13,Cash,2024-03-09
ORD03454,Emily Gomez,Heatherton,South,Sports,Gym Gloves,4,3612,14448,2357.99,UPI,2025-05-04
ORD03455,Monica Gould,Rossview,East,Groceries,Milk,5,191,955,216.39,Cash,2024-07-03
ORD03456,Deborah Mullen,Michaelland,South,Furniture,Table,5,870,4350,966.08,UPI,2025-06-21
ORD03457,Joshua Schultz,Thomasview,North,Groceries,Milk,3,2022,6066,961.28,UPI,2024-11-11
ORD03458,Anthony Fernandez,New Josetown,East,Sports,Football,5,2477,12385,1450.46,Cash,2024-10-30
ORD03459,Anna Oconnor,East Nicole,North,Electronics,Phone,5,2104,10520,2652.38,Card,2025-01-11
ORD03460,April Lane,Davidtown,West,Groceries,Eggs,6,844,5064,402.61,UPI,2025-06-11
ORD03461,Michael Ramos,Evansborough,East,Clothing,Shoes,5,166,830,168.63,UPI,2025-08-12
ORD03462,Michael Lewis Jr.,Fletcherberg,North,Clothing,Shoes,6,1676,10056,2063.99,Cash,2025-09-26
ORD03463,Martin Perez,Rosarioburgh,East,Groceries,Rice,6,2648,15888,4094.41,Card,2024-05-17
ORD03464,David Graham,East Nathan,North,Electronics,Laptop,9,1567,14103,2064.48,UPI,2024-03-18
ORD03465,Meghan Gonzales,Michaelport,South,Furniture,Sofa,7,2717,19019,3882.27,UPI,2024-07-04
ORD03466,Christopher Ramos,Sandersburgh,West,Furniture,Table,8,3231,25848,5887.69,Cash,2025-03-19
ORD03467,Jacob Benitez,Zacharyview,East,Furniture,Sofa,4,1998,7992,1473.04,UPI,2024-04-05
ORD03468,Judy Watkins,Seanton,East,Electronics,Phone,10,233,2330,603.34,Cash,2024-08-24
ORD03469,Angela White,South Joseph,South,Clothing,Jeans,5,118,590,85.34,Cash,2025-11-20
ORD03470,Joseph Welch,Santiagostad,South,Clothing,Shoes,4,1751,7004,1761.42,Cash,2025-11-21
ORD03471,George Green,Erinview,West,Clothing,Jeans,8,3138,25104,1898.66,Net Banking,2025-06-23
ORD03472,Michael Wright,Robynburgh,East,Sports,Tennis Racket,1,4259,4259,675.75,Cash,2025-01-05
ORD03473,Natalie Taylor,South Brandyton,South,Clothing,Jeans,9,1546,13914,2030.47,Card,2025-09-27
ORD03474,Joseph Kennedy,Davidfurt,East,Clothing,T-Shirt,8,2303,18424,1861.76,Cash,2024-01-23
ORD03475,Erin Ryan,New Jamesmouth,North,Sports,Tennis Racket,10,2328,23280,6280.58,Cash,2025-05-06
ORD03476,Melissa Spears,Port Mary,East,Sports,Gym Gloves,10,3556,35560,4297.24,UPI,2024-08-02
ORD03477,Devin Calderon,New Monica,South,Groceries,Eggs,6,467,2802,321.26,UPI,2024-05-07
ORD03478,Jeffrey Wilson,South Michaelport,South,Electronics,Tablet,5,1217,6085,1141.67,Card,2025-04-11
ORD03479,Gregory Bennett,Heatherview,West,Clothing,Shoes,7,4329,30303,8809.62,Card,2025-03-16
ORD03480,Christopher Lopez,Port Emilyfurt,North,Groceries,Rice,7,972,6804,1118.54,Net Banking,2025-10-19
ORD03481,Amber Smith,North Jonathan,North,Sports,Football,2,2236,4472,918.13,UPI,2024-03-25
ORD03482,Nicole Fuentes,East Kathrynhaven,East,Furniture,Sofa,8,940,7520,1009.04,Net Banking,2025-05-06
ORD03483,Toni Martinez,Brewerfurt,West,Groceries,Bread,1,2874,2874,198.72,UPI,2025-06-01
ORD03484,Thomas Gaines,East Rachelfort,South,Electronics,Headphones,8,2496,19968,2300.11,Cash,2025-11-30
ORD03485,Amber Lopez,Kimberlyville,North,Clothing,Jeans,6,3663,21978,4260.9,Card,2024-12-01
ORD03486,Dr. Brandon Franco,Port Jasonshire,South,Clothing,T-Shirt,6,3450,20700,3149.13,Net Banking,2025-12-25
ORD03487,Daryl Mann,Morashire,South,Clothing,Jacket,1,1211,1211,310.27,Net Banking,2024-09-27
ORD03488,Jose Hoffman,Tammyfort,West,Electronics,Headphones,9,4915,44235,4067.61,UPI,2024-12-05
ORD03489,Angela Morgan,West Christineland,South,Clothing,T-Shirt,3,2806,8418,538.11,Card,2025-11-29
ORD03490,John Barnes,South Rebecca,North,Groceries,Eggs,3,3183,9549,2565.21,Net Banking,2024-11-04
ORD03491,Antonio Fisher,Port Andrewbury,North,Furniture,Sofa,10,2102,21020,5038.18,Net Banking,2025-02-20
ORD03492,Anna Romero,Ericberg,North,Furniture,Sofa,9,2973,26757,2814.4,UPI,2024-03-27
ORD03493,Tyrone Mercado,Scottchester,North,Furniture,Bed,9,4835,43515,6281.09,Cash,2024-12-07
ORD03494,Angela Lee,East Davidside,West,Electronics,Tablet,9,3121,28089,2439.74,Net Banking,2025-12-26
ORD03495,Kathy Morrison,Stanleymouth,East,Clothing,Shoes,8,499,3992,1089.35,Net Banking,2025-01-31
ORD03496,Heather Osborne MD,Port Jennifer,East,Furniture,Chair,4,3560,14240,1479.65,Cash,2024-11-07
ORD03497,Jeffrey Dennis,New Andrewchester,South,Sports,Tennis Racket,7,4267,29869,7324.5,Cash,2025-01-21
ORD03498,Jennifer Johnson,Port Jasonland,West,Electronics,Laptop,3,1707,5121,540.71,UPI,2025-03-26
ORD03499,Julie Fields,Matthewborough,East,Groceries,Rice,8,1900,15200,3945.15,Card,2025-04-02
ORD03500,Jason Higgins,Vasquezton,South,Clothing,Shoes,8,3606,28848,2690.5,Net Banking,2025-02-27
ORD03501,William Olson,Lake Jessicastad,West,Furniture,Bed,8,4508,36064,4626.67,Net Banking,2024-02-12
ORD03502,Amanda Moran,North Stephen,South,Clothing,Shoes,6,2333,13998,3094.04,Card,2025-10-27
ORD03503,Tiffany Knight,East Samuelside,West,Sports,Tennis Racket,3,4912,14736,2041.46,Net Banking,2024-07-13
ORD03504,Jenna Campbell,Port Stephaniefurt,West,Clothing,T-Shirt,4,4001,16004,2357.76,Card,2025-03-05
ORD03505,Erica Miller,Lake Kelseyberg,West,Electronics,Tablet,3,284,852,246.72,Net Banking,2025-05-06
ORD03506,Scott Harris,North Brian,East,Clothing,T-Shirt,5,4988,24940,4022.52,UPI,2024-07-23
ORD03507,Thomas Scott,North Lisaview,North,Electronics,Tablet,8,1801,14408,3067.97,UPI,2024-07-31
ORD03508,Linda Oneill,Lake Andrea,East,Electronics,Laptop,10,2375,23750,5572.19,Net Banking,2025-02-22
ORD03509,Justin Butler,Lake Joychester,South,Clothing,Jeans,4,2479,9916,2286.51,Card,2024-12-17
ORD03510,Jay Gilbert,Scottburgh,South,Groceries,Bread,4,2901,11604,3347.26,Net Banking,2024-07-24
ORD03511,Gabriel Hall,Port Anthonyland,North,Groceries,Rice,1,401,401,46.14,UPI,2024-01-30
ORD03512,Andrew Johnson,Joshuaville,East,Electronics,Phone,5,4891,24455,7272.92,Net Banking,2025-11-12
ORD03513,Scott Washington,South Michael,West,Electronics,Laptop,10,4997,49970,8768.04,Card,2025-08-28
ORD03514,Jordan Perry,Lake Ryan,South,Electronics,Laptop,9,933,8397,1853.32,Net Banking,2024-11-21
ORD03515,Bonnie Ryan,New Madison,West,Clothing,Shoes,7,726,5082,650.44,Net Banking,2024-11-09
ORD03516,Kathy Smith,Duncanshire,North,Groceries,Rice,9,3445,31005,5512.08,Card,2025-11-15
ORD03517,Heidi Andersen DDS,Mercadoland,North,Groceries,Eggs,7,3240,22680,4238.67,Card,2024-05-30
ORD03518,Jasmine Nelson,Timothyborough,East,Furniture,Sofa,7,2910,20370,5998.71,UPI,2025-08-23
ORD03519,Danielle Rose,Jerryhaven,South,Sports,Football,5,1444,7220,1627.0,UPI,2025-12-09
ORD03520,Jessica Harvey,New Heatherhaven,East,Furniture,Table,8,3563,28504,7897.52,Card,2024-01-18
ORD03521,Jennifer Young,Mckaychester,North,Groceries,Milk,10,4482,44820,6973.22,Card,2024-06-08
ORD03522,Tracey West,Port Benjaminside,West,Electronics,Tablet,2,1871,3742,1006.29,Net Banking,2025-06-28
ORD03523,Molly Lewis,North Jennifer,South,Electronics,Tablet,8,2619,20952,3410.29,UPI,2024-09-06
ORD03524,Laurie Figueroa,Sullivanburgh,East,Clothing,Shoes,9,2881,25929,2383.26,Card,2025-04-11
ORD03525,Daniel Torres,Fergusonton,North,Furniture,Chair,4,2781,11124,2240.67,UPI,2024-10-15
ORD03526,Melissa Meyer,Parkermouth,North,Furniture,Table,9,4039,36351,7680.42,Net Banking,2024-12-31
ORD03527,Scott Johnson,Marcusfort,North,Groceries,Bread,8,4024,32192,4043.69,Cash,2024-07-27
ORD03528,Connor Roach,Brandontown,East,Clothing,T-Shirt,9,1639,14751,769.5,Cash,2024-12-29
ORD03529,Rebecca Harris,New Isaac,South,Clothing,Shoes,6,4478,26868,6815.84,Card,2024-12-23
ORD03530,Summer Williams,Port Jonathan,North,Furniture,Chair,8,4608,36864,7394.16,Card,2024-12-17
ORD03531,Elizabeth Flores,Choistad,North,Electronics,Phone,9,3172,28548,3784.69,Net Banking,2025-06-15
ORD03532,Jennifer Jones,Brittanyborough,North,Groceries,Bread,10,1556,15560,1614.86,Cash,2024-07-29
ORD03533,Michelle Gonzales,North Johnland,North,Clothing,T-Shirt,9,436,3924,914.63,Card,2024-07-19
ORD03534,Nicole Grant,West Caitlinview,East,Groceries,Milk,5,1141,5705,1288.73,Cash,2024-06-26
ORD03535,Brittany Bowers,Stevenmouth,North,Electronics,Tablet,10,3895,38950,9197.68,UPI,2024-09-04
ORD03536,Jason Fowler,Ramosport,East,Furniture,Chair,9,2675,24075,2135.08,UPI,2024-07-16
ORD03537,Nicole Lam,East Michaelbury,East,Electronics,Tablet,7,821,5747,569.88,Card,2024-03-26
ORD03538,Katie Jackson,East Michaelton,South,Clothing,Jeans,1,614,614,79.93,UPI,2024-02-09
ORD03539,Jordan Brooks,West Michael,North,Clothing,Jacket,1,3784,3784,606.34,UPI,2024-03-31
ORD03540,Shane Miller,Jamesbury,East,Sports,Gym Gloves,6,4597,27582,3468.98,Net Banking,2024-11-16
ORD03541,Russell Green,South Stacey,North,Groceries,Eggs,4,2602,10408,1367.45,Cash,2024-11-06
ORD03542,Alice Sullivan,Lake Lindaton,East,Sports,Football,3,3430,10290,2929.46,Card,2025-09-04
ORD03543,Lisa Aguilar,Riveraside,North,Furniture,Chair,7,2613,18291,4044.3,UPI,2025-09-24
ORD03544,Karen Hart,East Michaelshire,North,Groceries,Rice,7,3217,22519,5010.6,UPI,2024-04-05
ORD03545,Sharon Johnson,Lake Victor,West,Sports,Cricket Bat,3,2148,6444,538.07,Cash,2024-05-06
ORD03546,Victoria Gross,East Donna,East,Groceries,Milk,3,785,2355,490.32,Net Banking,2025-05-26
ORD03547,Jo Kennedy,Jamiefurt,North,Furniture,Bed,10,4756,47560,11641.46,Cash,2024-05-29
ORD03548,Phillip Marsh,Jeffreyfort,East,Clothing,Shoes,10,807,8070,1908.06,Cash,2024-01-12
ORD03549,Lauren Robinson,Sanchezport,West,Furniture,Sofa,8,1160,9280,2227.35,UPI,2025-07-18
ORD03550,Rachel Powell,East Rachel,West,Furniture,Table,3,349,1047,64.55,Card,2025-10-22
ORD03551,Brian Bass,Michaelmouth,South,Sports,Tennis Racket,10,4141,41410,9679.75,Net Banking,2024-09-17
ORD03552,David Roberts,Williefurt,South,Electronics,Phone,10,2964,29640,2136.84,UPI,2024-12-08
ORD03553,Aaron Shaw,East Samantha,North,Clothing,T-Shirt,3,4327,12981,1945.31,Card,2025-01-24
ORD03554,Michele Nolan,North Brent,East,Sports,Football,3,1590,4770,551.11,Card,2025-03-04
ORD03555,Harold Robinson,Sextonville,East,Groceries,Bread,8,3369,26952,6014.27,UPI,2025-09-13
ORD03556,Cody Hoffman,East Kevinshire,East,Sports,Football,5,783,3915,816.83,Net Banking,2025-08-21
ORD03557,Melissa Johnson,Smithburgh,East,Groceries,Bread,4,388,1552,113.98,Card,2025-02-02
ORD03558,Michael Montes,East Brandon,West,Groceries,Milk,4,4317,17268,3276.02,Net Banking,2025-06-27
ORD03559,Jerry Neal,Eugeneport,North,Clothing,Shoes,10,2046,20460,1401.86,Net Banking,2025-02-02
ORD03560,Derek Glover,New Patrick,South,Furniture,Table,10,288,2880,781.0,Net Banking,2024-04-10
ORD03561,Darrell Lopez,Foxborough,North,Electronics,Tablet,8,4926,39408,4700.33,UPI,2025-04-02
ORD03562,Pamela Ramsey,West Rachel,East,Furniture,Chair,4,2797,11188,898.55,Cash,2024-09-19
ORD03563,Linda Knight,West Eileenfurt,North,Sports,Cricket Bat,10,2474,24740,3142.23,Card,2025-08-26
ORD03564,Leslie Collins,Anthonyborough,South,Groceries,Rice,6,2011,12066,1531.25,Card,2024-05-11
ORD03565,Raymond Obrien,Batesberg,East,Electronics,Headphones,8,1861,14888,3125.01,Cash,2025-07-31
ORD03566,Michelle Smith,Kimberlybury,West,Furniture,Bed,8,164,1312,330.57,Net Banking,2024-09-18
ORD03567,Darin Young,West Corychester,South,Clothing,Shoes,3,4957,14871,4055.76,Cash,2025-01-11
ORD03568,Thomas Reed,Fischerland,South,Sports,Cricket Bat,9,113,1017,244.11,Cash,2024-04-23
ORD03569,Mr. Eric Murray,Stevetown,East,Furniture,Sofa,4,441,1764,280.82,Net Banking,2025-06-06
ORD03570,Catherine Jefferson MD,Michelleton,West,Sports,Tennis Racket,7,4072,28504,7885.97,UPI,2025-10-16
ORD03571,Lisa Cook,Lake Isaac,West,Sports,Gym Gloves,5,2753,13765,3447.14,Card,2024-08-12
ORD03572,Kevin Hamilton,Lake Emmaview,South,Clothing,Jacket,10,3990,39900,5333.86,Card,2024-03-22
ORD03573,Kelli Warner,Lisahaven,East,Furniture,Chair,8,2740,21920,6012.78,Cash,2025-12-01
ORD03574,Brian Patel,Josephfort,North,Sports,Gym Gloves,5,4502,22510,5112.79,UPI,2024-10-10
ORD03575,Dylan Morton,South Richard,North,Clothing,Shoes,3,3610,10830,1742.99,Net Banking,2024-05-03
ORD03576,Erin Evans,New Randybury,East,Groceries,Bread,6,1935,11610,1359.01,Card,2025-02-20
ORD03577,Austin Reynolds,Lake Charlestown,West,Electronics,Tablet,7,2645,18515,5030.16,Net Banking,2025-09-18
ORD03578,James Jordan,North Shelby,South,Sports,Gym Gloves,4,165,660,183.73,Card,2024-02-21
ORD03579,April Collins,Bennettburgh,North,Sports,Cricket Bat,1,1003,1003,149.45,UPI,2024-07-15
ORD03580,Joseph Hudson,Jasonfort,South,Clothing,Shoes,3,1513,4539,1273.15,Card,2024-05-28
ORD03581,Denise Patel,East Chaseport,North,Sports,Cricket Bat,5,1471,7355,1249.61,Card,2025-02-24
ORD03582,Erica Brewer,Markville,North,Groceries,Rice,2,4246,8492,2485.67,Cash,2024-10-08
ORD03583,Edgar Ballard,North Jillland,South,Furniture,Sofa,9,141,1269,86.29,Net Banking,2024-12-07
ORD03584,Benjamin Gonzalez,Samanthahaven,North,Furniture,Sofa,9,3369,30321,4550.01,Card,2025-05-12
ORD03585,Audrey Gillespie,New Brandi,South,Clothing,Jacket,5,3514,17570,4747.2,Cash,2024-12-19
ORD03586,Jorge Johnston,West Linda,West,Groceries,Rice,10,3683,36830,6303.05,Cash,2024-09-30
ORD03587,Madison Joseph,Michaelchester,East,Groceries,Milk,1,2825,2825,670.5,UPI,2025-02-08
ORD03588,Peter Martin,West Debraport,South,Electronics,Phone,9,2959,26631,4053.03,Card,2025-10-03
ORD03589,Susan Edwards,North Pamela,South,Electronics,Phone,2,3027,6054,1770.57,Cash,2025-10-26
ORD03590,Jody Brown,Anitaberg,South,Electronics,Headphones,8,2886,23088,6203.47,UPI,2025-07-16
ORD03591,Evan Brooks,Denisemouth,East,Furniture,Bed,3,3514,10542,1211.86,Net Banking,2025-09-13
ORD03592,Wesley Barnes,Port Michael,North,Groceries,Bread,5,3339,16695,845.3,Net Banking,2025-07-28
ORD03593,Melanie Greer,Kimberlyfurt,North,Clothing,T-Shirt,10,4765,47650,13558.31,Net Banking,2025-09-13
ORD03594,Alan Martin,Lake Michael,East,Groceries,Bread,6,661,3966,350.17,Card,2025-11-24
ORD03595,Jennifer Ramos,North Jennifer,North,Electronics,Tablet,10,1453,14530,1958.11,Net Banking,2025-11-19
ORD03596,Nicole Silva,West Scott,East,Clothing,Jeans,9,2103,18927,3394.32,Net Banking,2025-10-21
ORD03597,James Gibbs,Harrelltown,North,Clothing,Shoes,8,3658,29264,4027.49,Net Banking,2024-11-22
ORD03598,Lindsay Smith MD,Teresaview,South,Electronics,Tablet,6,2582,15492,3583.63,Card,2024-09-26
ORD03599,Justin Foley,Janetown,East,Furniture,Bed,9,3956,35604,7630.32,Net Banking,2024-04-14
ORD03600,Julian Perkins,Lake Saraview,North,Sports,Cricket Bat,3,121,363,93.48,Net Banking,2024-09-29
ORD03601,Suzanne Taylor,Lisatown,West,Groceries,Milk,5,1022,5110,697.23,Net Banking,2025-01-03
ORD03602,Kelly Smith,Eduardoside,East,Electronics,Laptop,1,999,999,80.69,Net Banking,2024-12-07
ORD03603,Meghan Summers,Faulknerborough,East,Groceries,Milk,5,2253,11265,1240.25,Net Banking,2024-03-14
ORD03604,Paul Sanchez,Traceychester,East,Furniture,Table,6,3092,18552,3099.57,Net Banking,2025-05-27
ORD03605,Mrs. Amanda Neal DDS,Christophershire,West,Clothing,T-Shirt,4,2906,11624,1366.88,Card,2025-10-11
ORD03606,Timothy Dixon,West Luiston,West,Electronics,Headphones,9,2793,25137,6758.94,Cash,2025-01-18
ORD03607,Richard Walls,Lake Nicholas,East,Sports,Tennis Racket,3,2047,6141,1628.44,Card,2025-07-03
ORD03608,Dustin Frazier,Autumnberg,East,Clothing,T-Shirt,10,2918,29180,5004.26,Net Banking,2025-09-04
ORD03609,Daisy Andrews,Donnamouth,East,Clothing,T-Shirt,7,3396,23772,1451.94,UPI,2025-06-27
ORD03610,Melanie Smith,West Nathanielberg,East,Furniture,Bed,3,2052,6156,636.23,Net Banking,2025-11-01
ORD03611,James Smith,Lake Michael,West,Electronics,Tablet,1,3909,3909,294.9,UPI,2025-02-14
ORD03612,Ann Holloway,Lauraland,South,Clothing,Shoes,10,4107,41070,9449.84,Card,2025-12-11
ORD03613,Miss Elizabeth Durham DDS,Lake Kim,South,Electronics,Tablet,6,4785,28710,3876.18,Net Banking,2024-02-12
ORD03614,Hunter Colon,South Nicholas,South,Clothing,Jacket,7,403,2821,227.56,Net Banking,2024-01-27
ORD03615,Nathan Pearson,Port Jeremystad,North,Electronics,Laptop,2,3869,7738,1059.98,UPI,2025-11-25
ORD03616,Vicki Richards,Lesliehaven,East,Electronics,Headphones,1,3239,3239,534.44,UPI,2025-10-23
ORD03617,Thomas Bryant,Webbshire,East,Groceries,Eggs,10,1558,15580,4456.5,UPI,2024-11-16
ORD03618,Christina Kennedy,Anthonyberg,West,Groceries,Milk,2,3091,6182,1202.86,Net Banking,2024-08-30
ORD03619,Christine Bowers,North Wesleystad,South,Groceries,Milk,6,1721,10326,2557.2,Card,2025-05-13
ORD03620,John Trujillo,Amytown,South,Clothing,Shoes,1,4106,4106,264.62,Cash,2024-05-11
ORD03621,Robert Johnson,New Luke,South,Clothing,T-Shirt,4,1988,7952,1989.68,UPI,2024-04-19
ORD03622,Preston Reyes,West Randyfurt,South,Electronics,Tablet,4,486,1944,390.55,Net Banking,2024-11-13
ORD03623,Carol Gill,Brianland,East,Clothing,Jeans,7,3419,23933,6288.79,Net Banking,2024-08-18
ORD03624,Jerome Hardin,South Christopherport,North,Sports,Gym Gloves,8,612,4896,1408.45,Cash,2024-10-01
ORD03625,Travis Edwards,Hoodstad,West,Electronics,Laptop,8,1970,15760,3958.1,Card,2025-10-05
ORD03626,Sonya Stephens,Seanburgh,South,Sports,Cricket Bat,7,306,2142,382.17,Net Banking,2024-12-16
ORD03627,Lisa Harrison,Johnsonburgh,South,Furniture,Bed,10,2266,22660,5141.23,Net Banking,2024-03-10
ORD03628,Darren King,Andrewtown,South,Groceries,Rice,2,1134,2268,494.55,UPI,2024-07-19
ORD03629,Diana Brown,Jessicahaven,North,Clothing,Jeans,6,1403,8418,2115.24,Net Banking,2024-03-25
ORD03630,Alex Rogers,Port Marilyn,West,Sports,Cricket Bat,6,2607,15642,2324.07,Card,2024-11-22
ORD03631,Heather Merritt,South Howardfurt,East,Clothing,Shoes,6,1859,11154,1062.04,Card,2025-12-03
ORD03632,Tracy Riley,East Katherine,East,Clothing,T-Shirt,2,4366,8732,649.56,UPI,2025-12-05
ORD03633,Gary Peters,Austinfurt,East,Furniture,Bed,8,1636,13088,2327.08,Cash,2024-01-19
ORD03634,Philip Jimenez,North Adam,South,Electronics,Phone,9,4522,40698,3055.07,Net Banking,2025-08-30
ORD03635,William Grant,South Tonifort,West,Groceries,Bread,2,4499,8998,2201.35,UPI,2024-10-13
ORD03636,Michael Allen,Lake Michael,East,Clothing,Shoes,3,1458,4374,249.21,Cash,2024-03-17
ORD03637,Linda Larson,Lake Allison,North,Furniture,Table,6,2286,13716,4028.31,Cash,2024-04-09
ORD03638,Elijah Duncan,Hensleyhaven,South,Groceries,Milk,9,1796,16164,4491.24,UPI,2024-01-12
ORD03639,Mallory Jackson,West Roberttown,North,Sports,Gym Gloves,7,2484,17388,2906.89,UPI,2025-05-09
ORD03640,Beth Carter,Port Meghan,West,Groceries,Eggs,7,988,6916,2025.22,Net Banking,2024-08-30
ORD03641,Michelle Gibbs,Jordanshire,North,Furniture,Sofa,1,4058,4058,630.07,Net Banking,2025-05-09
ORD03642,Rebecca Stout,Ricemouth,West,Furniture,Chair,8,1306,10448,631.57,UPI,2025-07-12
ORD03643,Victor Reyes,Powersmouth,North,Clothing,T-Shirt,9,3294,29646,7514.69,Cash,2024-08-15
ORD03644,Jennifer Peterson,Carlosbury,West,Furniture,Bed,5,2791,13955,3474.26,Net Banking,2024-09-19
ORD03645,Christopher Thomas,Jamesville,South,Clothing,T-Shirt,10,782,7820,1175.5,UPI,2024-11-26
ORD03646,Gregory Sandoval,Port Levi,West,Groceries,Bread,10,371,3710,1080.78,UPI,2025-12-27
ORD03647,Robert Riggs,West Corey,West,Furniture,Sofa,3,2854,8562,2171.22,UPI,2024-04-27
ORD03648,Jennifer Thomas PhD,Joanside,West,Electronics,Laptop,6,4676,28056,5427.91,Cash,2024-07-11
ORD03649,Brian Osborne,Dawnchester,North,Sports,Gym Gloves,8,188,1504,249.05,Card,2024-06-28
ORD03650,Christine Lopez,West Jonathanchester,South,Furniture,Chair,10,2139,21390,4479.15,Card,2025-02-11
ORD03651,Christopher Stephens,New Traceyton,North,Furniture,Bed,1,1251,1251,117.04,Net Banking,2025-03-09
ORD03652,Haley Bautista,Darrenfurt,South,Clothing,Jacket,9,185,1665,142.18,Cash,2025-09-09
ORD03653,Jonathan Gonzalez,Tonyberg,North,Clothing,Jeans,9,2541,22869,2241.87,UPI,2025-09-28
ORD03654,Amanda Lopez,West Jenniferbury,North,Groceries,Bread,8,2060,16480,4471.8,Net Banking,2024-11-30
ORD03655,Christopher Wood,Port Johnny,East,Clothing,Jacket,5,3191,15955,3086.93,UPI,2025-12-07
ORD03656,Cheryl Welch,Phyllisbury,South,Electronics,Phone,2,2592,5184,320.22,Cash,2024-03-31
ORD03657,Ashley Anderson,Chungbury,West,Furniture,Chair,10,2806,28060,3982.02,UPI,2025-10-12
ORD03658,Jessica Robinson,Kellyside,North,Furniture,Sofa,10,3817,38170,2862.43,Net Banking,2025-05-19
ORD03659,Jeffrey Burton,West Scottfort,North,Electronics,Phone,1,2929,2929,447.26,Card,2025-04-07
ORD03660,Mary Williamson,West Emily,West,Electronics,Phone,5,3229,16145,826.68,Card,2024-04-05
ORD03661,Ashley Harvey,Susanfurt,West,Sports,Cricket Bat,9,4938,44442,5785.91,Net Banking,2024-09-01
ORD03662,Christopher Wright,Kevinfurt,West,Sports,Tennis Racket,2,4665,9330,1524.39,Net Banking,2025-02-17
ORD03663,Rebecca Watson,Dennischester,East,Groceries,Rice,1,3276,3276,392.97,Net Banking,2024-11-13
ORD03664,William Martinez,Ramirezborough,South,Furniture,Chair,8,2036,16288,996.04,Card,2024-08-19
ORD03665,Tracy Griffin,Katrinahaven,East,Sports,Gym Gloves,8,2830,22640,6296.23,Card,2025-05-26
ORD03666,Jerry Callahan,New Robert,North,Electronics,Laptop,5,4546,22730,2732.75,Card,2025-06-30
ORD03667,Julie Griffin,Ginashire,West,Groceries,Milk,2,4535,9070,663.76,UPI,2024-12-18
ORD03668,Michael Reilly,Perryview,East,Clothing,Jacket,3,4062,12186,766.09,Card,2025-08-31
ORD03669,Nicole Travis,Williamsberg,West,Groceries,Eggs,2,961,1922,147.75,Net Banking,2025-05-10
ORD03670,Mrs. Eileen Gordon MD,South Spencer,West,Clothing,Shoes,6,2475,14850,3243.28,Card,2024-12-25
ORD03671,Douglas Garza,West Elizabethborough,South,Groceries,Milk,9,4730,42570,10538.72,Net Banking,2024-06-04
ORD03672,Jesse Wagner,Hartmantown,North,Sports,Cricket Bat,5,4252,21260,2858.69,Cash,2025-11-27
ORD03673,Shelly Cox MD,Collinberg,West,Sports,Football,10,4257,42570,4872.36,Card,2025-12-02
ORD03674,Sherry Pham,West Joseph,South,Groceries,Rice,7,3204,22428,5178.43,Net Banking,2025-09-03
ORD03675,Amanda Ramos MD,North Joshua,West,Electronics,Phone,9,1183,10647,3011.74,UPI,2025-07-15
ORD03676,Michael Gomez,South Tylershire,West,Sports,Gym Gloves,8,3837,30696,4903.94,UPI,2025-01-18
ORD03677,Brandon Eaton,Lisaport,South,Furniture,Bed,3,3182,9546,1009.06,Net Banking,2025-04-24
ORD03678,Jennifer Wade,Smithbury,North,Electronics,Laptop,1,3686,3686,883.99,Cash,2025-01-01
ORD03679,Harry Parker,Liside,West,Sports,Gym Gloves,3,1635,4905,1055.42,Cash,2024-02-03
ORD03680,Michael Scott,Port Saraside,North,Clothing,Jeans,3,1999,5997,588.59,Cash,2024-09-04
ORD03681,Bridget Walker,South Andrew,North,Furniture,Table,5,2393,11965,1732.19,Net Banking,2025-02-14
ORD03682,Michael Burke,Sanchezport,South,Sports,Tennis Racket,4,118,472,70.66,Cash,2024-12-18
ORD03683,William Franco,Kimberlyland,East,Clothing,Shoes,9,3309,29781,3894.75,UPI,2024-05-23
ORD03684,Timothy Vargas,Rachelchester,North,Furniture,Sofa,4,4051,16204,3708.3,Net Banking,2024-02-19
ORD03685,Derek Brown,West Richard,West,Clothing,Jacket,9,4652,41868,5613.78,Card,2025-06-28
ORD03686,Cheryl Hoffman,South Nicholas,North,Furniture,Chair,2,4840,9680,2012.84,Card,2025-06-16
ORD03687,Mark Bishop,Terrihaven,North,Furniture,Sofa,6,2647,15882,4385.47,Card,2025-06-26
ORD03688,Daniel Chandler,Garychester,East,Furniture,Bed,7,2579,18053,5283.31,UPI,2025-01-08
ORD03689,Elizabeth Gonzalez,New Joshua,West,Groceries,Eggs,9,4442,39978,8370.81,UPI,2025-04-02
ORD03690,Tracy Davis,Lake Aaronport,North,Furniture,Chair,4,4934,19736,5678.81,Cash,2024-06-21
ORD03691,Phillip Rodriguez,New Jacob,West,Electronics,Headphones,1,862,862,177.02,Net Banking,2024-11-29
ORD03692,Dakota Miranda,Whitefurt,South,Furniture,Table,9,3966,35694,6834.15,Net Banking,2025-05-10
ORD03693,Jasmin Carpenter MD,North Justinborough,East,Furniture,Chair,5,1390,6950,1747.17,Net Banking,2025-08-04
ORD03694,Evan Smith,East Angelamouth,North,Furniture,Chair,8,4830,38640,5721.64,Net Banking,2024-11-03
ORD03695,Andre Mills,Jacksontown,North,Electronics,Phone,4,1597,6388,1184.82,Net Banking,2025-06-02
ORD03696,Christopher Heath,Rodneyburgh,West,Electronics,Laptop,6,743,4458,1004.82,Card,2024-07-02
ORD03697,Jessica Ross,South Sarah,North,Clothing,T-Shirt,3,273,819,71.08,UPI,2024-06-12
ORD03698,Robert Maddox,Dannyfurt,West,Groceries,Bread,5,3102,15510,4447.94,Card,2024-03-09
ORD03699,Amy Butler,North Amy,North,Sports,Gym Gloves,10,1226,12260,2631.45,UPI,2025-12-13
ORD03700,Jessica Hinton,New Gary,North,Clothing,Shoes,7,1178,8246,2214.97,UPI,2024-11-23
ORD03701,Timothy Young,Port Melissa,South,Clothing,Jeans,7,4778,33446,5412.54,UPI,2024-10-09
ORD03702,Steven Cantu,Newmanton,East,Furniture,Bed,1,4042,4042,742.27,Cash,2024-12-15
ORD03703,Jonathan Dominguez,Lucasborough,South,Furniture,Chair,10,3151,31510,5574.82,Cash,2025-05-20
ORD03704,Amy Martinez,Robertburgh,West,Sports,Cricket Bat,7,4481,31367,7114.18,UPI,2024-01-11
ORD03705,Molly Smith,Port Keith,South,Electronics,Tablet,6,3748,22488,6621.72,Cash,2024-06-06
ORD03706,Jesse Moreno,Abigailton,East,Groceries,Eggs,2,2294,4588,1079.93,UPI,2025-06-28
ORD03707,Lauren Williamson,Turnerburgh,West,Sports,Gym Gloves,1,883,883,124.72,Net Banking,2024-04-19
ORD03708,Casey Lucas,Evanstown,North,Sports,Gym Gloves,3,326,978,199.86,Cash,2024-12-24
ORD03709,David Foster,Johnsonfurt,South,Electronics,Laptop,9,1367,12303,2305.92,Cash,2024-12-27
ORD03710,Jennifer Contreras,Laurenborough,South,Furniture,Table,10,3786,37860,9860.42,Net Banking,2024-10-02
ORD03711,Marcus Davis DDS,Ashleystad,East,Sports,Tennis Racket,9,1423,12807,2540.24,Card,2024-04-15
ORD03712,Kathryn Craig,East Victor,West,Clothing,T-Shirt,2,3617,7234,1885.03,UPI,2025-09-10
ORD03713,Shawn Diaz,Hillville,East,Clothing,Jeans,1,3922,3922,523.83,UPI,2025-04-15
ORD03714,Jesse Larson,Jenniferland,West,Clothing,Jeans,5,4698,23490,5935.35,Cash,2024-08-31
ORD03715,Gwendolyn Jones,Greenfurt,South,Groceries,Milk,6,753,4518,810.0,UPI,2025-07-12
ORD03716,Jesse Clay,Gibbsport,West,Furniture,Sofa,10,3948,39480,9155.58,Net Banking,2024-08-29
ORD03717,Matthew Perkins,New Joseph,South,Groceries,Milk,5,2533,12665,1238.86,Card,2024-11-09
ORD03718,Janice Brown MD,Amyland,East,Clothing,Shoes,9,4158,37422,3412.8,Net Banking,2025-01-20
ORD03719,Miss Elizabeth Harris,Rosarioberg,North,Electronics,Tablet,7,2618,18326,1937.06,Cash,2025-06-14
ORD03720,Margaret Woods,Dunntown,North,Sports,Football,4,2313,9252,2609.29,Card,2025-10-24
ORD03721,Colleen Johnson,Travisville,North,Furniture,Sofa,8,4861,38888,10345.61,UPI,2024-02-21
ORD03722,Christopher Hernandez,South James,West,Sports,Tennis Racket,1,639,639,98.88,Cash,2024-12-28
ORD03723,Ryan Jackson,North David,West,Groceries,Eggs,3,2459,7377,1989.91,Cash,2025-02-19
ORD03724,Melissa Cook,Cassandraton,South,Furniture,Sofa,5,4965,24825,2195.71,Net Banking,2024-02-03
ORD03725,Diamond Everett,East Terry,North,Sports,Cricket Bat,1,4977,4977,1195.07,UPI,2024-10-01
ORD03726,Joshua Moran,West Williamtown,North,Clothing,Jeans,8,2080,16640,1284.33,Net Banking,2025-12-28
ORD03727,Dana Gordon,Michaelmouth,West,Furniture,Table,7,2645,18515,5144.59,Card,2024-09-21
ORD03728,Kevin Walters,Lake Donaldtown,South,Groceries,Rice,1,638,638,115.11,Cash,2024-05-08
ORD03729,Kenneth Johnston,New Alicia,South,Clothing,Jacket,8,2608,20864,1896.45,Card,2025-08-12
ORD03730,Kristina Smith,New Brandiland,East,Sports,Gym Gloves,7,4042,28294,6985.2,Cash,2024-03-25
ORD03731,David Hill,North Taylor,East,Sports,Football,3,1461,4383,691.72,Net Banking,2024-06-16
ORD03732,Johnny Bates,Brandonton,South,Furniture,Bed,6,186,1116,67.71,UPI,2024-07-26
ORD03733,Miguel Alexander,Lambertmouth,West,Sports,Football,1,3641,3641,455.68,UPI,2025-04-09
ORD03734,Molly Riley,South Larry,East,Clothing,Jacket,3,3799,11397,2003.7,Card,2024-09-12
ORD03735,Denise Kim,Port Kristenfurt,West,Clothing,T-Shirt,5,1542,7710,1621.6,Net Banking,2024-05-07
ORD03736,Daniel Pratt,Christopherland,East,Sports,Cricket Bat,1,3646,3646,585.98,Cash,2025-01-07
ORD03737,Sheila Anderson,Matthewshire,North,Sports,Cricket Bat,5,1993,9965,2202.04,Card,2025-02-13
ORD03738,Maria Rivera,Mariaville,East,Clothing,Jeans,10,1600,16000,3964.74,Cash,2025-12-06
ORD03739,Kyle Mcmahon,Williamport,South,Sports,Gym Gloves,9,1922,17298,2310.9,UPI,2024-07-21
ORD03740,Jeremy Cox,West Jamie,South,Furniture,Table,1,4043,4043,437.09,Cash,2024-12-14
ORD03741,Stephen Banks,Vaughnburgh,South,Electronics,Phone,4,3566,14264,1819.47,Card,2024-07-02
ORD03742,Susan Day,Lake Elizabeth,West,Groceries,Bread,1,4769,4769,880.76,Cash,2024-07-14
ORD03743,Jessica Caldwell,New David,West,Electronics,Phone,4,2941,11764,720.02,UPI,2024-03-15
ORD03744,Heather Adkins,North Robertmouth,West,Furniture,Table,3,2775,8325,615.71,UPI,2024-01-30
ORD03745,Eric Walker,South Jasonview,East,Clothing,Jacket,6,4477,26862,7113.05,UPI,2024-02-25
ORD03746,Christopher Adams,New Andreaville,East,Clothing,Jeans,3,2550,7650,2192.31,UPI,2025-02-06
ORD03747,Dwayne Franco,Jillfort,East,Electronics,Phone,6,3149,18894,4987.31,Cash,2024-05-14
ORD03748,Travis Stevenson,Olsenmouth,South,Sports,Football,8,4334,34672,2386.89,Card,2024-04-03
ORD03749,Jessica Brady,Ballardtown,North,Electronics,Tablet,4,2640,10560,2141.67,Net Banking,2024-09-17
ORD03750,Mallory Carr,New Natasha,West,Electronics,Tablet,8,2672,21376,2981.64,Net Banking,2024-05-04
ORD03751,Claire Johnson,Gonzalezmouth,South,Furniture,Table,9,1176,10584,3124.03,UPI,2025-02-23
ORD03752,David Montoya,Roberttown,East,Groceries,Rice,7,1198,8386,2191.63,Net Banking,2024-03-17
ORD03753,Michelle Adams,Port Kaitlyn,West,Furniture,Sofa,3,175,525,140.96,Net Banking,2024-01-01
ORD03754,Autumn Young,New Jenniferhaven,West,Electronics,Tablet,1,2468,2468,218.32,Card,2024-11-17
ORD03755,Juan Gonzalez,Vasquezfurt,South,Groceries,Eggs,8,733,5864,741.9,Net Banking,2025-12-03
ORD03756,Kimberly Collins,East Jamesshire,East,Electronics,Laptop,10,410,4100,317.04,Net Banking,2024-03-21
ORD03757,Gerald Mitchell,West Ann,North,Electronics,Laptop,4,1318,5272,903.61,Cash,2025-06-09
ORD03758,Mark Wells,Kennethborough,North,Electronics,Tablet,7,1038,7266,1064.24,Net Banking,2024-09-05
ORD03759,Jeffrey Clark,New Heather,East,Sports,Gym Gloves,9,2986,26874,1938.93,Net Banking,2025-12-02
ORD03760,Crystal Lewis,South Denise,East,Sports,Football,6,388,2328,501.01,Net Banking,2025-01-25
ORD03761,Justin Bentley,Anthonyfort,North,Sports,Cricket Bat,7,4020,28140,2645.84,Net Banking,2024-02-05
ORD03762,Theodore Guerrero,Weekshaven,North,Furniture,Bed,3,114,342,79.0,Card,2025-07-21
ORD03763,Stacy Burton,Lake Sean,East,Groceries,Milk,4,3852,15408,1582.32,UPI,2025-03-06
ORD03764,Heidi Cobb,North George,West,Groceries,Milk,1,4470,4470,471.52,Card,2025-02-13
ORD03765,Benjamin Lee,Cookmouth,West,Electronics,Tablet,6,2426,14556,2938.73,Net Banking,2024-07-28
ORD03766,Justin Williams,Leechester,West,Electronics,Tablet,7,4038,28266,3274.87,Net Banking,2024-02-06
ORD03767,Barry Riley,East Kimberlyton,East,Sports,Gym Gloves,8,3152,25216,1691.86,Net Banking,2025-07-28
ORD03768,Veronica Jackson,Austinland,East,Electronics,Laptop,7,2593,18151,2515.38,Card,2024-02-16
ORD03769,Mrs. Shelley Spencer DDS,Donovanville,North,Groceries,Milk,5,2139,10695,3010.99,Net Banking,2024-04-01
ORD03770,Ashley Lewis,Lake Jacobstad,East,Furniture,Table,1,365,365,30.54,Net Banking,2025-06-25
ORD03771,Lisa Stevenson,North Paulville,South,Clothing,Jeans,4,3947,15788,3566.14,UPI,2025-05-08
ORD03772,Megan Wagner,Schultzside,North,Furniture,Chair,7,4156,29092,6454.88,Cash,2025-05-07
ORD03773,Andrew Long,Woodston,South,Groceries,Rice,6,2419,14514,2712.33,UPI,2025-11-20
ORD03774,Isaac Wolfe,Port Dustin,East,Electronics,Phone,5,571,2855,241.6,Card,2025-01-18
ORD03775,Gina Lopez,New Edwardville,North,Clothing,T-Shirt,1,2902,2902,359.69,Cash,2024-02-02
ORD03776,Arthur Kemp,South Kyle,West,Sports,Gym Gloves,7,3853,26971,2945.92,Cash,2025-06-06
ORD03777,Jennifer Thomas,Joneschester,East,Clothing,Shoes,2,3309,6618,685.88,Cash,2024-07-26
ORD03778,Emily Johnson,East Nicholas,East,Sports,Cricket Bat,1,325,325,18.68,Cash,2024-03-22
ORD03779,Nancy Davis,Flynnshire,North,Clothing,Jeans,10,2616,26160,5352.74,Net Banking,2024-08-19
ORD03780,Laura Wilson,Lake Erichaven,West,Clothing,T-Shirt,8,4754,38032,7286.87,Card,2025-10-21
ORD03781,Pamela Hall,East Christopher,South,Clothing,Shoes,7,1350,9450,1682.06,Card,2025-05-23
ORD03782,Sarah Lynch,Normamouth,East,Electronics,Headphones,3,1290,3870,519.38,Net Banking,2025-04-08
ORD03783,Devin Webb,New Jason,South,Electronics,Laptop,3,1143,3429,385.6,Card,2024-05-12
ORD03784,Lee Jackson,Port Michaelaland,South,Electronics,Tablet,7,3934,27538,4485.99,Card,2024-04-14
ORD03785,Danny Schultz,South Jason,North,Electronics,Tablet,9,4719,42471,9944.36,Cash,2024-09-25
ORD03786,April Sanders,Tylerberg,North,Sports,Football,6,668,4008,614.04,UPI,2025-03-17
ORD03787,Erica Carroll,Ericchester,East,Furniture,Table,10,1141,11410,1961.94,Card,2025-07-20
ORD03788,Kristen Stevens,Catherinestad,West,Groceries,Rice,10,4661,46610,6777.3,UPI,2024-07-17
ORD03789,Edward Thompson,Gardnerburgh,East,Clothing,Jeans,8,3302,26416,5359.14,Card,2025-07-18
ORD03790,Jessica Sanchez,Sydneymouth,South,Clothing,Jeans,1,1285,1285,115.67,Card,2024-09-22
ORD03791,Ryan Fernandez,Robertshire,South,Sports,Gym Gloves,4,677,2708,300.8,Net Banking,2025-04-17
ORD03792,Linda Khan,Lake Ronald,North,Electronics,Tablet,6,440,2640,281.4,UPI,2024-03-16
ORD03793,Jason Goodman,West Luisville,North,Furniture,Bed,7,4910,34370,8697.1,Cash,2024-09-26
ORD03794,Megan Wilson,Lewishaven,West,Sports,Gym Gloves,1,3239,3239,231.0,UPI,2024-09-27
ORD03795,Philip Rose,North Jefferyborough,South,Sports,Football,2,4852,9704,2436.28,Card,2025-09-22
ORD03796,Dr. Pamela Patterson,Conradborough,South,Groceries,Milk,5,4082,20410,3108.48,Card,2025-07-19
ORD03797,Erin Moses,East Matthew,South,Electronics,Laptop,4,2244,8976,624.94,UPI,2024-04-05
ORD03798,Todd Young,Tinashire,North,Sports,Football,2,4706,9412,1961.2,Card,2024-11-15
ORD03799,Matthew Myers,Monicamouth,North,Electronics,Phone,3,2679,8037,1680.1,Card,2025-03-31
ORD03800,Ashley Montoya,South Ricky,East,Clothing,Shoes,1,4215,4215,591.32,UPI,2024-01-02
ORD03801,Jordan Craig,New Stephanieburgh,West,Groceries,Eggs,2,2524,5048,1086.05,Cash,2025-05-30
ORD03802,Angela Williams,North Joseph,West,Electronics,Laptop,4,956,3824,442.32,Card,2024-12-28
ORD03803,Sharon Downs,Morrisfort,West,Clothing,Shoes,3,1349,4047,665.45,Card,2025-11-08
ORD03804,Cynthia Davis,Lake Sarahbury,East,Electronics,Headphones,5,323,1615,170.58,Card,2025-04-05
ORD03805,Troy Mitchell,Port Thomasshire,South,Sports,Gym Gloves,1,1981,1981,221.34,Net Banking,2024-04-19
ORD03806,Adam Parker,East Thomas,East,Sports,Tennis Racket,2,1622,3244,823.83,UPI,2025-02-18
ORD03807,Mary Wilson,Nathanburgh,East,Electronics,Headphones,1,1936,1936,178.03,Cash,2025-04-06
ORD03808,Frederick Wilson,Vasquezton,South,Electronics,Laptop,6,4105,24630,6930.02,UPI,2025-02-10
ORD03809,Kyle Cole,Kirbyland,East,Electronics,Laptop,1,4473,4473,897.46,Card,2025-10-21
ORD03810,Zachary Carter,Averyhaven,West,Groceries,Rice,3,2738,8214,874.5,Card,2024-02-08
ORD03811,Jessica Morrison,North Jayland,West,Electronics,Laptop,5,3711,18555,2275.74,Net Banking,2025-06-17
ORD03812,Daisy Smith,East Michaelaburgh,East,Sports,Tennis Racket,9,3201,28809,7021.45,Card,2025-10-13
ORD03813,Michael Castro,New Martha,West,Sports,Football,8,199,1592,437.08,UPI,2024-09-09
ORD03814,Brent Chambers,New Natalie,West,Electronics,Laptop,8,3938,31504,1606.14,Net Banking,2024-03-14
ORD03815,Nicole Thomas,South Julie,South,Furniture,Bed,6,4803,28818,7978.65,Cash,2025-09-01
ORD03816,Mary Washington,Cookchester,West,Electronics,Headphones,9,945,8505,660.52,UPI,2024-03-16
ORD03817,Taylor Hooper,Sullivanville,South,Sports,Gym Gloves,1,399,399,47.68,UPI,2024-01-25
ORD03818,Mark Petersen,New Marissa,East,Clothing,Jacket,5,805,4025,1151.97,Net Banking,2024-12-31
ORD03819,Amy Hull,South Mariafort,East,Groceries,Bread,4,2003,8012,867.89,Net Banking,2025-11-08
ORD03820,Patricia Barnett,New Daniel,West,Clothing,Jacket,3,1974,5922,1136.35,UPI,2024-04-21
ORD03821,Melinda Day,Ruizland,East,Furniture,Table,6,2097,12582,3481.66,Cash,2024-02-26
ORD03822,Brittany Brown,East Curtisbury,West,Groceries,Eggs,6,1856,11136,2559.45,Net Banking,2024-04-24
ORD03823,Anna Keller,West Jenniferton,West,Furniture,Chair,8,1873,14984,4351.09,Cash,2024-11-06
ORD03824,Kendra Weaver,Smithville,East,Clothing,Shoes,3,1706,5118,1270.26,Net Banking,2025-07-27
ORD03825,Marie Green,West Megan,West,Clothing,Jeans,10,1356,13560,3612.92,Net Banking,2025-11-05
ORD03826,Hannah Cain,West Brittany,North,Electronics,Tablet,2,2077,4154,491.71,Net Banking,2024-07-24
ORD03827,Mary Higgins,North Albert,East,Sports,Gym Gloves,8,373,2984,470.29,UPI,2025-01-09
ORD03828,Todd Mitchell,North Patrickberg,North,Groceries,Milk,6,3888,23328,4709.49,Net Banking,2024-05-01
ORD03829,Jimmy Kaiser,West Kathleen,South,Furniture,Sofa,1,3321,3321,745.14,Card,2025-08-24
ORD03830,Sydney Morales,Lake Kristen,West,Clothing,Shoes,5,3382,16910,1727.47,UPI,2025-08-29
ORD03831,Dorothy Brown,North Stevenside,South,Electronics,Tablet,6,3054,18324,3142.56,Card,2024-08-24
ORD03832,Teresa Moon,Hamiltonmouth,South,Furniture,Bed,2,4531,9062,2685.9,Card,2025-02-11
ORD03833,Victoria Hamilton,Cynthiaton,South,Clothing,Jeans,10,548,5480,725.1,Net Banking,2025-09-28
ORD03834,Lawrence Frey,Andersonshire,North,Electronics,Laptop,1,757,757,186.18,UPI,2024-04-23
ORD03835,Kayla Miller,New Kevin,West,Clothing,Shoes,2,3501,7002,473.36,Cash,2025-08-22
ORD03836,Jill Martin,Lake Troy,South,Sports,Tennis Racket,5,4312,21560,1519.44,UPI,2024-03-30
ORD03837,Jerry Nichols,Williamborough,West,Electronics,Phone,4,4448,17792,4686.83,UPI,2025-11-12
ORD03838,Ebony Lester,West Elijahland,North,Sports,Gym Gloves,8,1147,9176,909.9,UPI,2024-08-11
ORD03839,Mary Taylor,South Randymouth,South,Clothing,Jacket,9,1122,10098,1751.47,Net Banking,2025-04-22
ORD03840,Daniel Hunter,Laurastad,North,Clothing,Jacket,7,675,4725,951.98,Cash,2024-05-09
ORD03841,David Zimmerman,South Ashley,West,Furniture,Chair,7,1847,12929,3072.75,Card,2025-06-22
ORD03842,Dr. Emma Smith,East Michaelbury,South,Electronics,Headphones,7,617,4319,904.91,UPI,2025-10-04
ORD03843,Elizabeth Smith,Rossborough,West,Furniture,Table,7,2244,15708,3787.89,Cash,2025-12-07
ORD03844,John White MD,Roblesport,West,Groceries,Milk,6,4941,29646,1972.33,Card,2025-04-18
ORD03845,Sheryl Shepherd DDS,South Erin,North,Electronics,Phone,3,1945,5835,1431.84,Cash,2025-11-13
ORD03846,Linda Huerta,Caseyport,West,Furniture,Sofa,3,4471,13413,1170.9,Net Banking,2025-10-12
ORD03847,Jeffrey Simmons,Keithberg,East,Electronics,Phone,7,2069,14483,2393.66,Cash,2024-09-23
ORD03848,Brian Garcia,Codychester,East,Furniture,Sofa,3,3495,10485,2520.62,Card,2024-09-21
ORD03849,Brandon Simmons,Patelstad,North,Furniture,Bed,9,3663,32967,5829.35,Card,2024-04-28
ORD03850,Jessica Martinez,Brianland,North,Furniture,Table,1,3590,3590,410.61,Card,2025-09-11
ORD03851,Robert Valencia,South Amandaland,East,Sports,Gym Gloves,8,797,6376,1659.21,UPI,2024-11-20
ORD03852,Jessica Miller,South William,North,Groceries,Milk,8,4447,35576,6038.22,Cash,2025-09-16
ORD03853,Rachel Palmer,East Christina,West,Clothing,T-Shirt,3,229,687,156.85,Cash,2024-09-29
ORD03854,Erin Snow,New Melissaberg,West,Groceries,Milk,2,3478,6956,658.35,UPI,2025-02-10
ORD03855,Randall May,South Joseph,North,Furniture,Table,4,2754,11016,1951.81,Cash,2024-03-15
ORD03856,Christina Jones,North Elizabeth,West,Sports,Tennis Racket,6,4928,29568,5675.38,Cash,2025-05-16
ORD03857,Monique Ford,Frankfurt,East,Groceries,Milk,10,3040,30400,8943.27,Card,2025-08-15
ORD03858,Richard Harding,South Timothy,North,Electronics,Phone,5,3798,18990,2228.63,UPI,2024-03-28
ORD03859,Michael Davis,Lake Suzanne,West,Groceries,Milk,7,3835,26845,1421.77,Cash,2025-12-28
ORD03860,Matthew Townsend,Port Jesse,East,Clothing,Shoes,8,3631,29048,2208.18,Card,2024-06-13
ORD03861,Ashley Fitzpatrick,Klinemouth,North,Furniture,Table,4,350,1400,348.77,Card,2025-07-10
ORD03862,Lori Williams,Arielfurt,South,Groceries,Milk,1,4262,4262,958.34,Card,2025-08-14
ORD03863,Alexis Burnett,Darinshire,North,Sports,Cricket Bat,9,3920,35280,3732.37,UPI,2024-06-24
ORD03864,Ann Moss,South Markton,West,Groceries,Milk,2,1507,3014,630.44,Card,2024-08-23
ORD03865,Shirley Martin,Kristyville,North,Clothing,Jacket,3,1606,4818,244.12,UPI,2024-05-16
ORD03866,Gerald Hansen,Jamesmouth,West,Sports,Gym Gloves,1,4608,4608,570.16,Card,2025-07-11
ORD03867,Andrew Macias,Hillland,South,Electronics,Headphones,3,4114,12342,2508.73,Net Banking,2025-03-16
ORD03868,Ruth Moss,Pricechester,North,Clothing,T-Shirt,3,2780,8340,1154.01,UPI,2024-04-03
ORD03869,Lisa Schroeder,East Chadview,East,Clothing,T-Shirt,1,4304,4304,338.75,Cash,2024-11-06
ORD03870,Roy Scott,Collinsville,South,Furniture,Bed,3,1803,5409,1203.61,Net Banking,2024-01-14
ORD03871,Steven Davis,Josephtown,South,Electronics,Headphones,3,1156,3468,382.02,Cash,2024-02-09
ORD03872,Lisa Rogers,Lake Adam,East,Electronics,Phone,5,1266,6330,1704.6,Cash,2025-10-17
ORD03873,Kristina Smith,New Andrewberg,South,Groceries,Bread,4,4804,19216,1511.95,UPI,2025-03-21
ORD03874,Colin Gallagher,Cordovaland,West,Sports,Football,7,3347,23429,2466.57,Net Banking,2025-03-08
ORD03875,Kevin Shields,West Christianmouth,East,Sports,Gym Gloves,5,175,875,98.16,Card,2024-01-02
ORD03876,Amanda Porter,Port Maxwell,West,Clothing,Jacket,2,254,508,74.87,Card,2025-03-22
ORD03877,Charles Roberson,Grahamburgh,East,Sports,Gym Gloves,1,350,350,77.51,Card,2024-10-21
ORD03878,Traci Delgado,Dennisfurt,West,Sports,Football,2,2796,5592,1298.56,Net Banking,2024-04-07
ORD03879,Maurice Andrade,Osborneburgh,North,Clothing,Jeans,10,3482,34820,8967.33,Cash,2024-06-23
ORD03880,Christopher Avery,New Anne,West,Clothing,T-Shirt,2,3038,6076,313.02,Net Banking,2024-01-19
ORD03881,Connor Rodriguez,Gibbsfurt,East,Electronics,Phone,2,2802,5604,1452.08,Card,2025-12-26
ORD03882,Richard Lee,New Emmamouth,North,Furniture,Table,3,1190,3570,768.14,Card,2025-07-19
ORD03883,Pamela Delgado,East Robert,East,Sports,Cricket Bat,8,3745,29960,6261.35,Card,2024-08-28
ORD03884,John Taylor,West Ashley,South,Electronics,Tablet,8,3414,27312,2556.11,Card,2024-12-14
ORD03885,Linda Taylor,Bullockberg,East,Electronics,Laptop,2,1048,2096,584.07,Card,2024-06-11
ORD03886,Jon Clark,Colemanton,South,Sports,Gym Gloves,3,3892,11676,1883.69,Net Banking,2025-07-10
ORD03887,Daniel Chapman,Adamville,North,Electronics,Phone,2,3746,7492,892.22,Cash,2025-08-24
ORD03888,Elijah Wilson,Lewistown,North,Electronics,Tablet,6,4471,26826,7316.08,Net Banking,2025-06-03
ORD03889,David Turner,West Stephanie,South,Electronics,Headphones,2,2635,5270,1352.83,Cash,2024-05-14
ORD03890,Derrick Vargas,Petersonfort,North,Clothing,Jacket,5,3085,15425,3070.57,Card,2024-07-04
ORD03891,Laura Wilson,Jeremyport,North,Clothing,Shoes,8,2731,21848,3522.54,UPI,2025-09-05
ORD03892,Jesse Porter,Martintown,East,Furniture,Bed,10,4591,45910,4860.72,Card,2025-12-26
ORD03893,Haley Copeland,East Caseybury,North,Groceries,Eggs,3,3722,11166,2998.21,UPI,2024-11-28
ORD03894,Jack Yates,Robertsonborough,West,Groceries,Rice,9,4769,42921,12649.96,UPI,2024-12-31
ORD03895,Michael Lopez,Rollinsview,South,Electronics,Tablet,3,1587,4761,376.46,Net Banking,2024-07-29
ORD03896,Kim Meyers,Longburgh,East,Sports,Gym Gloves,1,163,163,45.45,Net Banking,2024-07-19
ORD03897,John Miller,Kristaville,South,Groceries,Rice,3,4258,12774,2668.55,UPI,2025-06-12
ORD03898,Mitchell Reed,North Davidton,West,Groceries,Bread,7,966,6762,1589.87,Cash,2024-09-09
ORD03899,Chloe Garcia,Justinberg,South,Groceries,Rice,6,3327,19962,5664.42,Net Banking,2024-08-13
ORD03900,Brian Bowers,Lake Aprilshire,West,Sports,Tennis Racket,3,4305,12915,1825.84,UPI,2025-10-20
ORD03901,Kimberly Berry,Mcclainburgh,South,Sports,Tennis Racket,4,4813,19252,3212.25,UPI,2025-12-14
ORD03902,David Robinson,Sophiaberg,East,Sports,Football,1,3952,3952,431.97,Card,2025-08-24
ORD03903,Michelle Holmes,Benjaminberg,East,Clothing,Jacket,8,2169,17352,4639.7,UPI,2024-11-13
ORD03904,Karen Ramos,Lisachester,West,Electronics,Headphones,7,4863,34041,9409.16,Cash,2024-06-23
ORD03905,Emily Chapman,Lake Javiermouth,East,Groceries,Bread,5,2002,10010,1245.54,UPI,2025-04-07
ORD03906,Michael Wilson,Lake Melissa,South,Groceries,Rice,5,2143,10715,1448.89,Card,2025-10-29
ORD03907,Rodney Dixon,North Julieborough,East,Sports,Football,8,4788,38304,11166.83,Net Banking,2025-01-07
ORD03908,Gerald Harris,North Robertborough,North,Sports,Cricket Bat,8,2802,22416,3455.65,Net Banking,2025-07-19
ORD03909,Amanda Weber,South Calvin,South,Groceries,Bread,4,2611,10444,2290.34,UPI,2025-05-15
ORD03910,Ryan Lee,East Amanda,South,Groceries,Rice,8,3914,31312,9059.36,Card,2024-04-06
ORD03911,Katherine Watson,Meganborough,South,Electronics,Laptop,8,4260,34080,6258.8,Cash,2025-02-01
ORD03912,Michael Conley,Matthewville,South,Furniture,Table,9,2734,24606,2968.23,Net Banking,2024-08-29
ORD03913,Seth Mills,West Bryce,South,Sports,Tennis Racket,3,4641,13923,1855.35,Cash,2024-02-14
ORD03914,Carlos Moreno,Masseyville,South,Electronics,Phone,7,2680,18760,1855.21,Card,2025-04-14
ORD03915,Amber Adams,Kevinfort,North,Clothing,T-Shirt,5,3790,18950,1685.96,Cash,2025-08-31
ORD03916,David Hopkins,Benjaminland,East,Furniture,Table,4,2294,9176,1564.67,Net Banking,2024-03-17
ORD03917,Nicole Hale,Daviston,East,Sports,Tennis Racket,1,4893,4893,541.93,Card,2024-12-31
ORD03918,Megan Hurley,West Amyton,North,Clothing,Shoes,1,1318,1318,78.01,Net Banking,2025-02-24
ORD03919,Antonio Wright,Jasonfort,East,Clothing,T-Shirt,4,3525,14100,4139.67,Card,2024-09-28
ORD03920,Brittany Smith DDS,Joshualand,South,Groceries,Eggs,2,1411,2822,217.13,UPI,2025-07-31
ORD03921,Danielle Scott,Hallview,West,Furniture,Bed,1,3528,3528,462.99,UPI,2025-03-24
ORD03922,Cynthia Roman,Coffeyview,North,Furniture,Table,3,4532,13596,2886.12,Card,2025-11-02
ORD03923,Brent Smith,New Ericfort,South,Groceries,Bread,5,3534,17670,3346.07,UPI,2024-12-27
ORD03924,Gabriela Jimenez,Littleside,East,Clothing,Jacket,6,2752,16512,4174.56,UPI,2024-12-14
ORD03925,Russell Foster,New Zacharyside,West,Furniture,Bed,4,2826,11304,1776.72,Net Banking,2025-05-26
ORD03926,Ian Ortiz,East Erin,West,Sports,Tennis Racket,4,2001,8004,1693.18,Cash,2025-05-14
ORD03927,Nicholas Crawford,Jenkinsville,South,Sports,Football,5,3467,17335,1020.02,Cash,2025-06-16
ORD03928,Deborah Barber,North Erikaburgh,North,Groceries,Eggs,3,3574,10722,2921.19,Cash,2025-07-30
ORD03929,Eileen Jones,Lake Dianaborough,North,Furniture,Table,1,4722,4722,760.39,Net Banking,2024-12-11
ORD03930,Joanne Ball,Michaelfort,North,Electronics,Headphones,10,404,4040,637.98,UPI,2025-04-18
ORD03931,Claudia Key,East Heather,South,Clothing,T-Shirt,3,416,1248,79.81,Card,2025-08-21
ORD03932,Marissa Crane,West Christopher,North,Clothing,T-Shirt,8,3675,29400,5873.62,Net Banking,2024-06-16
ORD03933,Ashley Mcclain,New Jacob,South,Furniture,Chair,9,1686,15174,3360.54,UPI,2025-12-03
ORD03934,Sara Douglas,Guerreroland,South,Sports,Cricket Bat,10,3195,31950,7853.28,UPI,2025-09-16
ORD03935,Christopher Alexander,Petersonmouth,South,Electronics,Tablet,4,303,1212,206.16,Net Banking,2024-06-12
ORD03936,Christina Snyder,Lanehaven,South,Electronics,Laptop,9,1131,10179,2759.68,Net Banking,2025-06-07
ORD03937,Allison Baker,Dianeshire,East,Groceries,Bread,3,3819,11457,2805.26,Card,2024-11-19
ORD03938,Anna Brown,South Victoria,West,Groceries,Eggs,3,4585,13755,3897.93,Cash,2024-03-04
ORD03939,Todd Roberts,North Judithport,West,Furniture,Table,9,311,2799,811.7,UPI,2024-06-20
ORD03940,Cody Richards,New Larry,East,Clothing,Jacket,7,3533,24731,3497.43,Cash,2025-08-16
ORD03941,Michelle Matthews,East Teresa,North,Clothing,Shoes,7,207,1449,378.42,Net Banking,2025-03-02
ORD03942,Michael Dominguez,West Robert,South,Clothing,Shoes,3,2205,6615,1846.93,Card,2024-12-16
ORD03943,Kristen Bailey,North Susan,West,Groceries,Milk,8,4606,36848,6133.13,Net Banking,2024-09-13
ORD03944,Emily Johnson,Debrabury,East,Sports,Tennis Racket,1,3716,3716,189.15,Net Banking,2025-12-14
ORD03945,Michael Lynch,Carlosville,West,Clothing,Shoes,8,3853,30824,7516.71,UPI,2024-02-24
ORD03946,Patricia Gonzalez,Lake Matthew,North,Furniture,Bed,3,4570,13710,1735.39,Cash,2025-02-12
ORD03947,Candace Knight,Nicholschester,East,Sports,Cricket Bat,7,683,4781,1084.62,UPI,2025-01-21
ORD03948,Beth Rice,North Katie,North,Groceries,Rice,1,2898,2898,286.81,Net Banking,2025-05-19
ORD03949,Brandi Edwards,Robertchester,South,Electronics,Tablet,7,3358,23506,4364.76,UPI,2024-01-11
ORD03950,Veronica Hernandez DDS,New Jennifer,East,Groceries,Eggs,5,3966,19830,5797.37,UPI,2025-08-14
ORD03951,Samantha Day,New Marvin,South,Furniture,Bed,10,4390,43900,4290.22,Card,2024-05-06
ORD03952,Susan Ramos,West Nathanland,North,Furniture,Sofa,4,3156,12624,2752.83,Net Banking,2024-10-03
ORD03953,Andrew Hartman,Matthewberg,East,Electronics,Laptop,10,801,8010,2357.15,UPI,2025-07-23
ORD03954,Jennifer Juarez,Joshuaberg,West,Sports,Gym Gloves,1,1070,1070,179.57,Net Banking,2025-12-09
ORD03955,Misty White,Hufffurt,North,Electronics,Tablet,3,422,1266,215.07,UPI,2025-10-26
ORD03956,Caitlin Richmond,Samanthamouth,East,Groceries,Bread,1,2434,2434,259.28,Net Banking,2025-03-10
ORD03957,Rebecca Miller,Ryanstad,West,Sports,Gym Gloves,8,1342,10736,2276.35,UPI,2024-10-27
ORD03958,Nicole Smith,Port Davidfort,North,Electronics,Tablet,2,850,1700,99.87,UPI,2025-08-07
ORD03959,Joshua Turner,Lake Rachael,North,Groceries,Rice,2,4166,8332,1573.22,Cash,2025-01-05
ORD03960,Lori Terry,North Samanthashire,West,Electronics,Tablet,1,1317,1317,180.43,Cash,2024-10-22
ORD03961,Harold Figueroa,Anthonychester,South,Furniture,Table,1,770,770,40.8,Net Banking,2025-11-21
ORD03962,Daniel Hamilton PhD,Chavezhaven,East,Clothing,Shoes,5,3874,19370,4234.47,Cash,2025-10-31
ORD03963,Dana Montoya,Ericaland,East,Sports,Gym Gloves,6,4974,29844,7961.4,Card,2025-04-07
ORD03964,Makayla Mckay,Savannahland,East,Furniture,Sofa,3,3242,9726,2098.64,Cash,2025-11-27
ORD03965,Angelica Thompson,Dawnside,South,Electronics,Tablet,2,3413,6826,826.31,Net Banking,2024-12-23
ORD03966,Stephanie Hartman,Stephenburgh,South,Clothing,T-Shirt,6,861,5166,1421.24,Net Banking,2024-07-11
ORD03967,Kristin Mcguire,New Brendaville,West,Sports,Cricket Bat,8,3571,28568,7115.01,Net Banking,2025-02-08
ORD03968,Joshua Schmidt,Martinville,East,Sports,Football,7,139,973,252.37,Net Banking,2024-11-23
ORD03969,Madison Mclaughlin,Georgeland,East,Electronics,Headphones,5,480,2400,599.96,Net Banking,2025-06-17
ORD03970,Allen Parker,Westfurt,North,Sports,Football,5,2335,11675,2300.65,Cash,2024-02-05
ORD03971,Mark Casey,South Connie,East,Clothing,Shoes,3,2420,7260,1696.07,Net Banking,2025-11-21
ORD03972,Taylor Peters,Jenkinsland,West,Clothing,Jacket,6,319,1914,366.02,Cash,2025-08-14
ORD03973,Theresa Delgado,Patrickstad,North,Furniture,Sofa,6,2094,12564,1624.96,UPI,2025-03-27
ORD03974,Chase Cervantes,New Christopher,North,Electronics,Laptop,1,4344,4344,621.13,Card,2025-12-10
ORD03975,Chad Thompson,Barrettberg,South,Groceries,Eggs,9,4637,41733,9059.32,Cash,2024-11-25
ORD03976,Thomas Raymond,Brooksfort,South,Electronics,Phone,6,4825,28950,4429.71,UPI,2025-05-27
ORD03977,Maria Burns MD,Juliastad,South,Groceries,Milk,5,4457,22285,1160.57,Cash,2024-02-10
ORD03978,Michael Scott,Kentstad,South,Groceries,Bread,3,2935,8805,1796.66,UPI,2025-05-22
ORD03979,Shelby Harrison,North Brandon,West,Clothing,Jacket,5,4578,22890,5872.63,UPI,2025-08-11
ORD03980,Kathleen Patterson,Scottborough,East,Sports,Cricket Bat,2,2409,4818,807.59,Card,2025-11-30
ORD03981,Sharon Cole,Gregoryborough,South,Groceries,Bread,7,140,980,121.2,Net Banking,2025-08-20
ORD03982,Miss Kathy Peterson,West Tiffany,North,Electronics,Headphones,9,2164,19476,4295.4,Card,2024-07-03
ORD03983,Deanna Galloway,Port Alexander,North,Groceries,Rice,8,1600,12800,2236.92,Card,2025-07-02
ORD03984,Jonathan Sanchez,South Ronald,West,Clothing,Jeans,10,1582,15820,2467.22,Net Banking,2025-03-14
ORD03985,Raymond George,South Michelleport,West,Groceries,Bread,5,2383,11915,1576.92,Card,2024-09-21
ORD03986,Justin Riley,New Sergio,South,Electronics,Phone,5,134,670,52.85,Cash,2025-09-17
ORD03987,Jonathan Valdez,West Sherry,East,Groceries,Rice,6,3663,21978,2098.87,UPI,2025-04-09
ORD03988,Sherry Brady,Nancystad,North,Sports,Cricket Bat,5,3187,15935,4365.44,UPI,2025-06-12
ORD03989,Julie Rogers,Dodsonburgh,South,Furniture,Sofa,9,2445,22005,5433.18,Net Banking,2025-05-05
ORD03990,William Kennedy,Michaelside,West,Clothing,Shoes,2,672,1344,396.88,Cash,2025-02-23
ORD03991,Miranda Jones,Hughesberg,East,Furniture,Table,1,3912,3912,223.2,Card,2025-03-04
ORD03992,Louis Rivera,Sanchezview,South,Sports,Football,6,2001,12006,906.87,Cash,2024-02-05
ORD03993,Jason Navarro,West Elizabethfort,South,Groceries,Bread,4,2132,8528,539.09,Net Banking,2025-03-26
ORD03994,Adam Simmons,South Todd,West,Electronics,Headphones,3,2428,7284,907.32,Cash,2024-12-26
ORD03995,Larry Sherman,Wangberg,North,Electronics,Laptop,3,726,2178,223.09,Net Banking,2025-12-16
ORD03996,Kim Singleton,West Marcus,West,Sports,Cricket Bat,9,4099,36891,6821.02,Net Banking,2024-02-18
ORD03997,James Grimes,Munozburgh,East,Electronics,Tablet,5,2940,14700,3022.99,Net Banking,2025-06-06
ORD03998,Christian Sanchez,East Jamesport,North,Groceries,Milk,6,3647,21882,2878.05,UPI,2024-10-30
ORD03999,Kenneth Whitehead,New Heatherbury,West,Furniture,Table,6,1242,7452,514.24,Net Banking,2024-06-24
ORD04000,Sophia Hammond,Jonesfort,East,Sports,Football,6,2332,13992,2064.22,Cash,2025-09-12
ORD04001,Kimberly Espinoza,Herringfort,East,Sports,Cricket Bat,9,2447,22023,3573.27,Cash,2024-02-06
ORD04002,Samuel Morrison,New Bradleyland,West,Electronics,Phone,2,1904,3808,989.83,UPI,2024-06-20
ORD04003,David Murphy,North Jimview,West,Furniture,Table,3,237,711,72.52,Net Banking,2025-03-18
ORD04004,Gary Torres,Colemanburgh,West,Clothing,Jeans,8,4036,32288,6014.77,Card,2024-05-19
ORD04005,Stephen Winters,East Davidfort,North,Furniture,Bed,3,4435,13305,2204.53,Cash,2025-01-22
ORD04006,Kathy Miller,Port Williamshire,East,Furniture,Chair,9,4057,36513,5922.74,Net Banking,2024-08-19
ORD04007,Dwayne Nguyen,Thomaston,South,Electronics,Laptop,7,1590,11130,2409.19,Card,2024-08-21
ORD04008,Kayla Garcia DDS,Paulview,South,Clothing,Jacket,8,2088,16704,2263.91,Cash,2025-03-11
ORD04009,Anthony Jones,East Danny,South,Furniture,Bed,8,399,3192,204.24,Card,2024-12-04
ORD04010,Jose Taylor,Atkinsonstad,West,Sports,Tennis Racket,10,3948,39480,4128.86,Cash,2024-05-08
ORD04011,Sarah Davis,Rebeccamouth,North,Furniture,Table,9,2921,26289,6676.19,Card,2025-04-03
ORD04012,Sandra Bowers,Lake Nicole,East,Furniture,Sofa,1,1348,1348,178.97,Net Banking,2024-12-11
ORD04013,Kathy Jones,Rebeccamouth,North,Sports,Cricket Bat,10,3785,37850,10336.58,Card,2025-04-14
ORD04014,John Vaughn Jr.,Katherineville,North,Electronics,Laptop,7,4004,28028,8205.66,Card,2025-07-04
ORD04015,Mark Arellano,North Christina,South,Sports,Gym Gloves,5,3374,16870,4510.38,Net Banking,2025-04-16
ORD04016,William Simmons,Lake Brianna,East,Clothing,Shoes,10,183,1830,227.39,Net Banking,2024-10-12
ORD04017,Christian Mann,New James,North,Groceries,Milk,4,1635,6540,1490.59,Cash,2025-09-30
ORD04018,Ashley Adams,Port Williamburgh,West,Clothing,Jacket,6,4479,26874,4469.45,UPI,2025-12-07
ORD04019,Omar Herrera,Burnetthaven,East,Electronics,Headphones,3,2059,6177,1354.91,Card,2024-09-25
ORD04020,Paula Rubio,East Kevinchester,East,Furniture,Bed,5,360,1800,309.69,Cash,2024-01-25
ORD04021,James Warner DDS,West Chrisfort,North,Electronics,Laptop,3,486,1458,155.05,UPI,2024-09-07
ORD04022,Kylie Griffin,Courtneychester,South,Furniture,Bed,2,3179,6358,546.44,Card,2024-08-17
ORD04023,Cindy Price,East Robert,North,Groceries,Rice,6,4590,27540,6713.29,UPI,2024-03-18
ORD04024,Kimberly Davidson,Port Dianamouth,East,Electronics,Tablet,4,1793,7172,1178.06,Net Banking,2024-07-21
ORD04025,Mandy Tran,Port Nicole,West,Groceries,Rice,3,3785,11355,1961.58,UPI,2025-06-07
ORD04026,Victoria Pham,Smithtown,West,Clothing,Shoes,6,3634,21804,4688.13,Card,2025-01-11
ORD04027,Roy Rivera,Lake Shelly,East,Clothing,Shoes,6,4755,28530,3874.8,Card,2025-08-06
ORD04028,Jennifer Mitchell,Gregoryfort,South,Electronics,Tablet,6,2066,12396,2752.93,UPI,2025-01-31
ORD04029,Lisa Cochran,South Robertside,North,Groceries,Rice,5,4310,21550,3041.51,Cash,2024-10-20
ORD04030,Katie Washington,West Jamieburgh,East,Sports,Tennis Racket,3,2663,7989,661.05,Cash,2025-11-09
ORD04031,Monique Chapman,Christopherbury,West,Electronics,Headphones,9,4201,37809,3440.86,Card,2024-03-17
ORD04032,Andrea Lee,West Loriland,West,Electronics,Laptop,10,1615,16150,1181.1,Card,2025-01-18
ORD04033,Joshua Brown,Hansenview,South,Clothing,Jacket,3,591,1773,444.95,Net Banking,2024-02-11
ORD04034,Anthony Newman,Davidtown,South,Groceries,Bread,8,1758,14064,793.63,Card,2025-07-14
ORD04035,Julia Ramirez,West Markland,South,Electronics,Phone,6,2082,12492,1162.7,Card,2024-04-03
ORD04036,Lisa Richardson,Andersonton,South,Clothing,T-Shirt,3,4873,14619,1462.91,Card,2025-03-22
ORD04037,Mrs. Judy Leon,Suzanneberg,North,Electronics,Tablet,2,1542,3084,768.85,Card,2024-03-31
ORD04038,Carlos Carroll,Russohaven,North,Furniture,Sofa,8,4783,38264,4945.47,UPI,2025-08-04
ORD04039,Michael Moreno,Rebeccaland,South,Clothing,Shoes,10,2171,21710,1566.05,Cash,2025-11-02
ORD04040,Daniel Perry,North Karenland,North,Clothing,Jacket,7,166,1162,83.18,UPI,2025-08-31
ORD04041,Amanda Patterson,West Emilyton,East,Furniture,Sofa,4,2246,8984,2248.35,Net Banking,2025-12-28
ORD04042,Dr. April Mccoy,West Matthewfurt,West,Electronics,Phone,4,3642,14568,3248.32,Net Banking,2025-04-17
ORD04043,Timothy Lawrence,South Todd,North,Electronics,Phone,8,2059,16472,2019.28,UPI,2024-05-11
ORD04044,Samantha Contreras,North Melissa,South,Furniture,Chair,3,807,2421,655.4,UPI,2025-12-25
ORD04045,Dr. Robert Taylor PhD,Alexanderfort,North,Furniture,Chair,2,2475,4950,980.18,Cash,2024-11-08
ORD04046,Peter Moore,West Rhondaburgh,North,Sports,Football,9,4564,41076,8674.48,Net Banking,2025-12-29
ORD04047,Victoria Stewart,Jasonmouth,North,Groceries,Bread,6,1392,8352,810.68,UPI,2025-08-09
ORD04048,Brooke Poole,Warrenland,South,Sports,Cricket Bat,2,1877,3754,368.07,UPI,2025-02-05
ORD04049,Tamara Castro DVM,East Kimtown,West,Groceries,Milk,4,3631,14524,3925.12,Net Banking,2025-10-03
ORD04050,Sandra Gardner,Port Isaactown,South,Electronics,Tablet,2,4067,8134,579.7,UPI,2025-11-01
ORD04051,Jennifer Hernandez,West Martinfurt,North,Sports,Football,9,4025,36225,4442.65,UPI,2024-11-24
ORD04052,Elizabeth Horne,Stevenbury,East,Furniture,Table,3,287,861,207.38,Card,2024-09-11
ORD04053,Jared Winters,Mcbrideborough,East,Sports,Tennis Racket,7,327,2289,662.75,Net Banking,2024-03-19
ORD04054,Paul Tate,Amyfort,South,Groceries,Bread,1,4162,4162,680.26,Card,2025-12-21
ORD04055,Robert Johnston,Westberg,North,Groceries,Milk,4,716,2864,734.26,Net Banking,2024-08-01
ORD04056,Danny Rogers,Fisherberg,North,Electronics,Phone,8,4227,33816,7846.07,Card,2024-04-05
ORD04057,Matthew Hancock,Kristinborough,North,Groceries,Rice,4,4796,19184,3894.6,Net Banking,2024-07-29
ORD04058,William Reid,North Wandafurt,East,Groceries,Eggs,1,211,211,28.77,Net Banking,2025-09-14
ORD04059,Alejandra Carter,Stevenland,South,Sports,Gym Gloves,7,2111,14777,3920.7,Cash,2024-05-20
ORD04060,Annette Gardner,North Austinborough,East,Groceries,Rice,1,4139,4139,318.8,UPI,2025-11-28
ORD04061,Robin Santiago DDS,Lake Ryanberg,West,Electronics,Headphones,2,2347,4694,1004.47,Cash,2025-07-26
ORD04062,Kevin Paul,Lake Catherine,West,Furniture,Table,4,2543,10172,1056.6,Card,2024-02-01
ORD04063,Mark Weber,Rachelside,South,Sports,Gym Gloves,5,2437,12185,3295.08,Cash,2025-07-08
ORD04064,Jeffrey Crawford,Johnsonhaven,South,Furniture,Bed,6,142,852,221.68,Cash,2025-05-19
ORD04065,Angel Diaz,East Donald,East,Sports,Tennis Racket,9,1258,11322,2507.53,Card,2025-07-17
ORD04066,Michelle Crane,South Markstad,West,Clothing,Jacket,2,1833,3666,751.72,UPI,2024-04-27
ORD04067,Steven Jenkins,Jenniferhaven,West,Furniture,Sofa,9,1452,13068,3196.06,Net Banking,2024-08-28
ORD04068,Robert Hall,Anthonyport,South,Sports,Cricket Bat,9,4106,36954,3653.38,Cash,2025-07-30
ORD04069,Dawn Rivera,Jonesbury,East,Furniture,Chair,1,2214,2214,495.3,Net Banking,2025-02-25
ORD04070,Christopher Banks,Nguyentown,West,Clothing,Jacket,7,3549,24843,6823.04,Net Banking,2024-10-07
ORD04071,Robin Lane,West Oscar,South,Clothing,T-Shirt,7,1991,13937,2407.94,UPI,2024-03-31
ORD04072,Maria Navarro,Port Isabel,West,Groceries,Milk,2,3846,7692,1024.8,Net Banking,2024-06-21
ORD04073,Tiffany Thompson,Ronaldville,North,Groceries,Rice,2,2231,4462,622.84,UPI,2024-11-05
ORD04074,Jerry Miller,North Steven,North,Electronics,Tablet,5,751,3755,534.97,Card,2024-07-01
ORD04075,James Robinson,New Ericaton,North,Furniture,Bed,2,695,1390,213.39,UPI,2025-01-25
ORD04076,Ronald Garrett,West Clarencetown,North,Clothing,Shoes,1,1724,1724,464.38,Cash,2024-03-18
ORD04077,Scott Molina,Carolfurt,East,Groceries,Rice,6,2899,17394,2347.26,Net Banking,2025-10-07
ORD04078,Daniel Ball,West Patricia,West,Clothing,Jacket,3,3362,10086,1767.01,Card,2024-09-09
ORD04079,Tracy Hicks,East Andrea,South,Furniture,Bed,8,833,6664,1980.27,Card,2024-01-28
ORD04080,Shirley Hutchinson,West Carolton,West,Clothing,Jacket,5,2868,14340,3755.64,Net Banking,2024-12-28
ORD04081,Timothy Butler,Johnstonshire,West,Electronics,Laptop,4,156,624,163.99,Cash,2024-04-04
ORD04082,Tracy Garcia,New Kathleenside,West,Furniture,Bed,3,1906,5718,1670.62,Card,2025-01-20
ORD04083,Pamela Gonzales,East Christopher,South,Furniture,Chair,8,1801,14408,2127.27,Card,2025-06-27
ORD04084,Christopher Casey,Jimenezland,South,Electronics,Tablet,8,275,2200,648.91,Card,2025-08-22
ORD04085,Kimberly Gonzalez,Ramosside,North,Electronics,Laptop,7,3054,21378,1246.05,Cash,2024-04-26
ORD04086,Alyssa Cook,Lake Josephmouth,East,Groceries,Bread,1,2070,2070,245.86,Card,2025-06-24
ORD04087,Karl Stone,Mcmillanland,South,Furniture,Bed,8,377,3016,162.56,Net Banking,2025-03-06
ORD04088,Edward Mccarty,Bowersland,East,Sports,Tennis Racket,10,2847,28470,7660.37,Cash,2024-05-07
ORD04089,Angel Thomas,Stephanieton,West,Sports,Tennis Racket,5,2435,12175,2474.74,Card,2025-01-31
ORD04090,Bradley Grant,Walkerfort,East,Clothing,Jeans,2,3999,7998,2084.62,Net Banking,2025-12-15
ORD04091,Donna Smith,Port Charles,North,Furniture,Bed,6,1480,8880,1555.09,Net Banking,2024-01-13
ORD04092,Veronica Hart,South Katherinemouth,East,Electronics,Headphones,4,2319,9276,1173.49,Card,2025-08-16
ORD04093,Brian Thomas,Moniqueport,South,Sports,Cricket Bat,4,2664,10656,2328.76,Cash,2025-02-23
ORD04094,Luke Reynolds,North Angela,North,Furniture,Bed,5,4313,21565,4345.56,UPI,2024-04-03
ORD04095,Sarah King,Riveraside,South,Electronics,Headphones,1,3910,3910,739.17,Card,2024-04-15
ORD04096,Derrick Crosby PhD,Lutzview,North,Clothing,Shoes,7,713,4991,1169.97,Card,2024-09-02
ORD04097,Kelly Boyd,North Josephshire,South,Sports,Tennis Racket,9,2408,21672,1570.47,Cash,2024-10-22
ORD04098,Michael Rogers,Robinsonmouth,West,Clothing,Jacket,3,4538,13614,1368.18,Cash,2024-08-06
ORD04099,Robert Nguyen,Lake Brandonville,North,Sports,Gym Gloves,6,3420,20520,4403.77,Cash,2025-08-10
ORD04100,Andrew Li,Williamsonhaven,West,Electronics,Phone,7,2768,19376,2801.56,Net Banking,2025-10-14
ORD04101,John Taylor Jr.,Jamietown,West,Electronics,Laptop,6,4340,26040,4949.99,UPI,2024-03-07
ORD04102,Juan Parker,Alisonhaven,North,Sports,Tennis Racket,2,116,232,39.88,UPI,2025-08-13
ORD04103,Elizabeth Moore,North Meganville,East,Groceries,Rice,2,2563,5126,1451.97,Net Banking,2024-09-20
ORD04104,Christian Miller,Port Catherinehaven,West,Electronics,Laptop,10,4235,42350,4670.33,Card,2025-08-13
ORD04105,Eric Skinner,Williamsville,East,Clothing,Jeans,5,4109,20545,2120.68,Cash,2025-11-17
ORD04106,Wendy Parker,Port Veronicaborough,West,Furniture,Bed,8,2495,19960,3790.24,UPI,2025-05-22
ORD04107,Traci Melendez,Krystalshire,South,Electronics,Headphones,9,4691,42219,11476.77,Card,2025-10-09
ORD04108,Michael Padilla,Sandershaven,North,Furniture,Table,6,876,5256,468.87,Cash,2025-10-27
ORD04109,David Rodriguez,Summerville,West,Furniture,Bed,8,4783,38264,11207.42,Net Banking,2024-03-02
ORD04110,Jacqueline James,Cynthiaberg,South,Groceries,Rice,3,4533,13599,2143.13,Card,2024-07-27
ORD04111,Paul Wilson,Clarkhaven,South,Groceries,Rice,7,2618,18326,2760.4,UPI,2025-11-15
ORD04112,Lee Morris,Nicholsview,North,Electronics,Laptop,4,3969,15876,832.01,Net Banking,2025-08-30
ORD04113,Krista Stone,North Jillmouth,West,Electronics,Phone,8,4361,34888,8518.88,Net Banking,2025-06-24
ORD04114,Jennifer Willis,Ramseyfort,North,Sports,Cricket Bat,3,399,1197,209.09,Cash,2025-12-24
ORD04115,Richard Campos,West Emmaberg,West,Clothing,Jacket,10,1366,13660,2979.2,Net Banking,2025-12-09
ORD04116,Debra Jones,Port Brandy,North,Clothing,Shoes,7,1541,10787,2199.71,Net Banking,2024-12-21
ORD04117,Brian Sullivan,Moraleston,West,Clothing,Jacket,6,3335,20010,2584.6,Net Banking,2024-05-16
ORD04118,Judith Johnson,Ashleyland,South,Groceries,Bread,5,835,4175,1016.0,UPI,2025-06-06
ORD04119,Ryan Ware,Gabrielton,North,Groceries,Bread,8,4004,32032,6225.38,Cash,2024-01-04
ORD04120,Timothy Nelson,Lamshire,South,Clothing,Jacket,3,1321,3963,258.6,Net Banking,2025-03-23
ORD04121,Heather Mcgee,Port Daniellemouth,East,Sports,Cricket Bat,1,1875,1875,152.35,Card,2025-02-02
ORD04122,Kyle Watson,North Kevin,North,Furniture,Sofa,8,1924,15392,1698.98,Net Banking,2025-09-18
ORD04123,Natasha Espinoza,South Justin,East,Clothing,T-Shirt,7,1960,13720,1835.09,Cash,2025-03-19
ORD04124,Jason Allen,Morganview,North,Furniture,Sofa,8,3374,26992,6374.37,Cash,2025-01-11
ORD04125,Eric Marshall,South Melindahaven,North,Clothing,Jeans,8,4808,38464,7630.82,Card,2024-01-26
ORD04126,Ernest Stanley,Johnsontown,West,Furniture,Bed,7,1811,12677,1249.07,Cash,2025-05-19
ORD04127,Kathy Gonzalez,Churchton,West,Furniture,Sofa,3,1324,3972,727.66,Cash,2024-12-29
ORD04128,Logan Lynch,West Kristenchester,West,Sports,Cricket Bat,8,1245,9960,2727.07,Cash,2024-08-12
ORD04129,Allison Burton,South Catherinefort,South,Furniture,Sofa,10,1803,18030,1361.3,Net Banking,2024-08-26
ORD04130,Harold Larsen,New Patriciafurt,South,Electronics,Laptop,9,4884,43956,5628.5,Card,2025-11-01
ORD04131,Kayla Mckay,East Dylanfurt,South,Electronics,Phone,8,191,1528,178.43,Cash,2024-07-14
ORD04132,Heather Manning,Port James,North,Electronics,Phone,9,2401,21609,3063.8,Cash,2025-10-11
ORD04133,Samuel Hall,Josephburgh,West,Clothing,Shoes,9,203,1827,214.39,UPI,2024-08-12
ORD04134,Hannah Hull,Singhborough,West,Sports,Tennis Racket,2,4011,8022,2305.28,UPI,2025-08-08
ORD04135,Walter Sullivan,Port Amanda,South,Groceries,Bread,6,3020,18120,2297.45,UPI,2025-12-08
ORD04136,Shawn Daniel,North Brandonchester,South,Clothing,Shoes,9,1922,17298,2869.6,Net Banking,2025-11-15
ORD04137,Carol Mcintosh,Kellytown,West,Clothing,T-Shirt,6,1789,10734,2450.81,Cash,2025-10-06
ORD04138,Shawn Ortiz,North Craig,East,Sports,Gym Gloves,9,4436,39924,5615.9,Cash,2024-07-28
ORD04139,Catherine Fleming,New Davidfort,West,Sports,Cricket Bat,10,411,4110,432.52,Cash,2025-04-12
ORD04140,Kelly Lloyd,Bakermouth,East,Furniture,Chair,6,287,1722,188.57,Net Banking,2024-04-06
ORD04141,Tammy Shaw,Jonesfurt,West,Clothing,Jacket,2,344,688,56.38,Net Banking,2024-01-12
ORD04142,Erica Trujillo,Owensport,East,Groceries,Eggs,1,3403,3403,719.93,Net Banking,2024-08-16
ORD04143,Elizabeth Johnson,Nunezborough,West,Groceries,Eggs,2,2539,5078,1306.11,Cash,2025-08-13
ORD04144,Noah Mills,New Sarahborough,South,Furniture,Sofa,10,829,8290,2260.22,Card,2024-01-01
ORD04145,Hannah Anderson,East Michaelfort,North,Furniture,Sofa,3,3947,11841,1720.3,Card,2024-06-05
ORD04146,Jeffrey Bailey,North Kristen,West,Clothing,Shoes,4,3718,14872,1840.25,Cash,2025-08-09
ORD04147,Kaylee Harris,East Kimberlyburgh,North,Sports,Tennis Racket,10,2859,28590,7983.43,Cash,2024-10-22
ORD04148,Mr. Jimmy Howard,East Dawn,East,Sports,Tennis Racket,6,2442,14652,2251.86,Cash,2025-03-21
ORD04149,Jennifer Fritz,East Laurastad,North,Electronics,Headphones,1,4306,4306,743.43,Cash,2024-02-02
ORD04150,Heather Freeman,South Angelachester,West,Electronics,Laptop,3,3931,11793,3361.05,Cash,2025-01-24
ORD04151,Michael Simon,Port Walter,South,Furniture,Sofa,7,3878,27146,2747.77,Cash,2025-12-22
ORD04152,Steven Garrett,Colehaven,North,Furniture,Sofa,9,3802,34218,4002.67,Net Banking,2024-08-06
ORD04153,Zachary Robinson,East Andresmouth,North,Groceries,Rice,2,4853,9706,785.8,Card,2025-09-09
ORD04154,Connie Mcdaniel,West Sarahberg,South,Sports,Gym Gloves,7,287,2009,476.03,Net Banking,2024-07-31
ORD04155,Carol Wilson,Brownview,South,Clothing,Jacket,8,4668,37344,10144.2,Net Banking,2025-10-05
ORD04156,Cynthia James,Millerfurt,North,Sports,Tennis Racket,10,3074,30740,6379.33,Net Banking,2024-10-13
ORD04157,Gregory Miller,Port Jasmine,North,Groceries,Rice,10,290,2900,579.62,Net Banking,2025-05-22
ORD04158,Jonathan Whitaker,Deannamouth,West,Clothing,Jacket,9,980,8820,472.93,Cash,2024-12-24
ORD04159,Donald Rose,Foxmouth,West,Clothing,Shoes,7,4807,33649,8709.97,Cash,2024-09-18
ORD04160,Terry Davis,Brownport,East,Furniture,Bed,9,566,5094,1202.44,Cash,2025-12-29
ORD04161,Darrell Robinson,West Kathryntown,South,Sports,Football,6,3286,19716,3138.51,Net Banking,2024-03-30
ORD04162,Mary Fleming,Emilytown,South,Sports,Tennis Racket,8,3725,29800,2164.75,Net Banking,2025-06-25
ORD04163,Mark Dorsey,Tonyamouth,East,Clothing,Jeans,5,3006,15030,914.56,Cash,2025-02-16
ORD04164,Jennifer Thomas,West Johnhaven,South,Sports,Football,7,1392,9744,2306.66,Cash,2024-02-29
ORD04165,Kevin Arnold,South Christopher,South,Electronics,Headphones,5,3321,16605,4160.45,Card,2025-10-17
ORD04166,Maxwell Tate,West Samantha,East,Furniture,Sofa,4,3035,12140,1369.2,Cash,2025-02-19
ORD04167,Christopher Henderson,Kellymouth,West,Electronics,Phone,2,3013,6026,887.14,UPI,2024-08-28
ORD04168,Gwendolyn Ramos,Ashleyside,East,Electronics,Laptop,4,2804,11216,2994.06,Net Banking,2025-03-05
ORD04169,Michele Kelly,Dodsonside,West,Groceries,Rice,5,4912,24560,6154.62,Net Banking,2024-08-05
ORD04170,Jessica Pena,Toddshire,North,Clothing,Shoes,5,3864,19320,3044.41,UPI,2025-08-19
ORD04171,Thomas Johnson,Lake Aliceview,North,Groceries,Rice,3,1553,4659,367.82,Cash,2024-12-12
ORD04172,Steven Perkins,South Scott,North,Sports,Gym Gloves,6,2976,17856,3353.58,UPI,2025-02-22
ORD04173,Kiara Spencer,Thomasfort,South,Electronics,Tablet,2,2671,5342,963.07,Cash,2024-08-14
ORD04174,Michelle Barton,Howardton,West,Clothing,Jeans,9,3507,31563,7217.26,UPI,2025-11-08
ORD04175,Vanessa Ray,Charlesport,North,Electronics,Phone,9,2670,24030,3097.79,Cash,2024-01-01
ORD04176,Gary Gonzales,Theresahaven,North,Sports,Tennis Racket,8,1681,13448,3327.77,UPI,2024-01-12
ORD04177,Edward Butler,Ruizmouth,North,Electronics,Phone,5,2998,14990,3957.92,Card,2024-04-06
ORD04178,Ashley Baker,Tannermouth,North,Sports,Football,7,842,5894,1175.47,Cash,2025-09-14
ORD04179,Michael Phillips,Howellbury,North,Groceries,Bread,1,3018,3018,404.44,Cash,2025-08-12
ORD04180,Teresa Davis,Ericmouth,West,Sports,Gym Gloves,9,3688,33192,2335.75,UPI,2025-03-19
ORD04181,Donna Mason,North Kyleville,South,Groceries,Rice,9,193,1737,365.64,Cash,2025-09-16
ORD04182,Donald Henry,Angelatown,North,Furniture,Sofa,1,4117,4117,1151.12,Net Banking,2025-12-19
ORD04183,Laura Huber,Adamsshire,North,Electronics,Phone,10,1902,19020,1937.83,Cash,2024-05-23
ORD04184,Daniel Snyder,Wilsonburgh,North,Clothing,Jacket,3,1204,3612,218.61,UPI,2024-09-28
ORD04185,Ariel Deleon,Robertmouth,East,Furniture,Bed,2,3959,7918,1377.78,Net Banking,2025-06-18
ORD04186,Richard Johnson,Lake Ericberg,North,Furniture,Bed,5,4531,22655,1171.86,UPI,2025-02-13
ORD04187,Randall Brown,Lake Douglasfort,West,Furniture,Bed,3,368,1104,234.51,Card,2024-03-01
ORD04188,Christopher Edwards,Colemouth,North,Electronics,Headphones,6,4117,24702,5395.99,UPI,2024-06-21
ORD04189,Monica Thompson,Wagnershire,South,Sports,Gym Gloves,1,619,619,114.83,Cash,2024-05-04
ORD04190,Daniel Cole,North Dustinshire,West,Sports,Cricket Bat,4,585,2340,223.53,Cash,2024-12-31
ORD04191,Sarah Hughes,Moorefurt,East,Electronics,Headphones,3,1911,5733,451.51,Net Banking,2024-10-18
ORD04192,Terry Baldwin,Gloriafort,North,Sports,Football,1,4873,4873,1101.17,Net Banking,2025-10-10
ORD04193,Steven Burton,Ericside,North,Sports,Football,5,3043,15215,878.06,UPI,2024-06-16
ORD04194,Robert Ellis,West James,West,Furniture,Chair,4,3558,14232,732.54,Card,2024-05-05
ORD04195,Donna Carter,Ericaton,North,Electronics,Laptop,5,2189,10945,2591.64,UPI,2025-02-20
ORD04196,Michael Bell,West Shelia,South,Sports,Gym Gloves,2,2202,4404,262.19,Card,2025-07-19
ORD04197,Dustin Chang,Port Robertchester,North,Groceries,Bread,5,2397,11985,2295.24,Net Banking,2024-12-26
ORD04198,Kelli Schmitt,South Miranda,West,Electronics,Tablet,9,384,3456,530.47,Card,2024-05-14
ORD04199,Richard Harrison,Ericbury,East,Clothing,Shoes,7,4967,34769,6584.4,UPI,2025-12-01
ORD04200,Kristie Wade,Conleyhaven,North,Groceries,Bread,3,2346,7038,489.45,Card,2024-05-26
ORD04201,Alec Brown,West Dominicview,East,Sports,Tennis Racket,8,3729,29832,8261.23,Cash,2024-07-02
ORD04202,Thomas Moody,Graychester,North,Sports,Tennis Racket,8,3427,27416,6530.14,Card,2025-09-11
ORD04203,Adam Austin,Taylorview,West,Furniture,Chair,2,3300,6600,1877.96,Cash,2024-10-19
ORD04204,Melanie Porter,Choiville,West,Sports,Gym Gloves,2,3945,7890,2345.75,Card,2025-11-19
ORD04205,Charles Jones,North Robert,West,Sports,Football,3,3273,9819,808.78,UPI,2025-04-01
ORD04206,Nicole Brown,Lake Sabrina,West,Electronics,Headphones,7,1223,8561,2073.32,Net Banking,2025-07-07
ORD04207,Austin Juarez,Haynestown,West,Electronics,Phone,5,4988,24940,4502.25,Net Banking,2024-10-03
ORD04208,Carlos Ellis,Theresaview,West,Groceries,Rice,2,3342,6684,951.76,Net Banking,2024-06-10
ORD04209,Charles Reeves,Bradfordmouth,South,Clothing,T-Shirt,3,615,1845,505.92,Cash,2025-05-24
ORD04210,Cristian Hays,Christianburgh,East,Electronics,Phone,6,1312,7872,931.88,Cash,2024-07-26
ORD04211,Catherine Smith,South Stevenfurt,East,Clothing,Shoes,1,105,105,18.93,Net Banking,2025-06-19
ORD04212,Kyle Peters,Michaelside,East,Electronics,Headphones,3,984,2952,414.73,Cash,2024-02-27
ORD04213,Richard Robinson,Haileyburgh,South,Electronics,Tablet,4,2807,11228,1120.61,UPI,2024-03-30
ORD04214,Amanda Ortega,East Nicolefort,South,Sports,Tennis Racket,6,3489,20934,1133.88,Card,2025-09-19
ORD04215,Charles Williams,South Kim,North,Furniture,Table,3,1139,3417,790.69,UPI,2025-12-29
ORD04216,Lisa Lang,New Kennethville,South,Sports,Football,3,4840,14520,1709.25,UPI,2024-09-21
ORD04217,Ariel Parker,West Lisaland,West,Clothing,T-Shirt,5,353,1765,444.54,Cash,2025-07-05
ORD04218,Tammy Hernandez,Danielsside,South,Clothing,Jeans,8,4046,32368,6406.77,Card,2025-07-11
ORD04219,Rachel Pham,New Vickitown,South,Electronics,Phone,2,1040,2080,326.08,Cash,2025-06-27
ORD04220,Pamela Perez,Timothybury,North,Electronics,Phone,8,4735,37880,10090.23,UPI,2025-06-13
ORD04221,David Underwood,Mcgeeland,South,Electronics,Laptop,10,3236,32360,2836.38,Net Banking,2024-11-14
ORD04222,Peggy Gill,Heatherbury,East,Clothing,Shoes,9,3665,32985,8335.05,Card,2025-11-26
ORD04223,Mary Marquez,East Pedroshire,South,Sports,Gym Gloves,8,2412,19296,4709.68,Net Banking,2024-12-21
ORD04224,Marissa Wright,Isaacshire,South,Furniture,Sofa,9,4381,39429,11339.29,Net Banking,2024-05-27
ORD04225,Lisa Johnson,Mooreborough,East,Furniture,Sofa,5,2520,12600,2985.73,Cash,2024-05-11
ORD04226,Gary Hines,Oliviaview,South,Clothing,T-Shirt,2,3916,7832,2290.85,UPI,2025-11-26
ORD04227,Michael Watson,Curtisstad,South,Clothing,T-Shirt,4,2162,8648,1159.72,Net Banking,2024-08-23
ORD04228,Brandon Compton,Port Jessicaton,West,Furniture,Chair,5,3715,18575,2770.97,Net Banking,2025-03-21
ORD04229,Travis Horton,Lake Markhaven,East,Electronics,Phone,9,4572,41148,12034.44,Net Banking,2024-11-02
ORD04230,Crystal Hall,West Staceyview,South,Electronics,Phone,1,3971,3971,509.68,Net Banking,2024-03-14
ORD04231,Thomas Brooks,Piercetown,South,Sports,Tennis Racket,10,1653,16530,1251.0,Net Banking,2025-12-27
ORD04232,Elizabeth Galloway,South Melissaport,North,Furniture,Chair,1,4038,4038,1051.29,Card,2025-12-29
ORD04233,Kevin Cervantes,New Brandonville,North,Clothing,Jeans,1,1097,1097,59.03,Card,2025-01-31
ORD04234,Rachael Stephens,South Kristymouth,West,Clothing,Jacket,3,4940,14820,3662.22,Card,2025-09-03
ORD04235,Paul Williams,Courtneyside,North,Clothing,Shoes,5,2321,11605,3282.98,Net Banking,2024-08-06
ORD04236,Annette Lee,Jamieton,East,Electronics,Laptop,6,1957,11742,1253.7,Net Banking,2024-09-05
ORD04237,Jeffrey Roberts,Dyerfurt,North,Furniture,Bed,10,3928,39280,2243.78,Cash,2024-01-26
ORD04238,Rebecca Hopkins,Meganstad,East,Clothing,Jeans,5,2570,12850,2569.21,Card,2025-05-23
ORD04239,Carl Medina,East Donnamouth,West,Sports,Gym Gloves,2,4447,8894,1608.69,Net Banking,2024-04-04
ORD04240,Willie Ramirez,Sandratown,West,Electronics,Phone,2,3101,6202,1198.05,Card,2024-06-06
ORD04241,Rhonda Wilson,Juliaton,East,Furniture,Bed,7,1898,13286,2374.77,UPI,2025-05-17
ORD04242,Sharon Guerra,Kinghaven,East,Furniture,Table,2,1412,2824,259.37,Card,2024-08-22
ORD04243,Candice Gates,Lake Ronaldmouth,North,Sports,Football,8,212,1696,207.69,Card,2024-07-30
ORD04244,Mark Valencia,Lambbury,West,Sports,Cricket Bat,7,4651,32557,5398.96,Net Banking,2025-04-15
ORD04245,April Freeman,Lake Heatherborough,West,Clothing,T-Shirt,8,247,1976,208.06,Card,2025-01-29
ORD04246,Tiffany Thompson MD,West Kevin,South,Groceries,Rice,1,3780,3780,545.86,Cash,2024-05-22
ORD04247,Steven Dillon,Hughesbury,West,Electronics,Phone,9,1140,10260,823.17,Cash,2024-08-05
ORD04248,Desiree Liu,East Benjaminville,South,Groceries,Bread,8,1194,9552,1496.47,Cash,2025-12-26
ORD04249,Ronald Figueroa,East Toddbury,South,Furniture,Chair,5,3050,15250,3217.17,UPI,2025-03-17
ORD04250,Mrs. Tammie Marks DDS,Jordanfurt,East,Groceries,Eggs,7,365,2555,694.61,Cash,2025-07-10
ORD04251,Erik Freeman,East Diane,South,Electronics,Phone,4,2167,8668,1849.39,Card,2024-09-27
ORD04252,Norma Diaz,New Maria,East,Sports,Tennis Racket,10,4707,47070,3431.08,Net Banking,2025-06-17
ORD04253,Lindsay Ortiz,Lake Alan,West,Clothing,T-Shirt,3,2241,6723,640.9,Cash,2024-01-30
ORD04254,Amy Bridges,Bennettborough,South,Groceries,Rice,8,255,2040,258.53,Net Banking,2025-12-28
ORD04255,Dylan Roberson,North Travishaven,East,Clothing,T-Shirt,2,3465,6930,1605.35,Card,2025-08-16
ORD04256,Mr. Evan Reyes,Port Stephen,South,Sports,Tennis Racket,10,2213,22130,2029.98,Net Banking,2025-09-29
ORD04257,Molly Moore,South Sarah,South,Sports,Cricket Bat,2,1808,3616,870.61,Net Banking,2025-02-23
ORD04258,Timothy Brown,East Matthewmouth,West,Clothing,Shoes,3,4104,12312,1846.03,Net Banking,2025-03-13
ORD04259,Juan Fleming,North Christopher,West,Groceries,Bread,10,1817,18170,2547.8,UPI,2025-07-26
ORD04260,Daniel Bailey,Lake Amberberg,North,Furniture,Sofa,2,4077,8154,931.27,Card,2025-09-01
ORD04261,Ruth Wagner,West Jenniferside,West,Furniture,Chair,9,4559,41031,10252.08,Net Banking,2024-07-02
ORD04262,Jane Martinez,Delgadoton,West,Furniture,Table,4,206,824,181.19,UPI,2025-05-16
ORD04263,Mark Ochoa,North Kristachester,North,Clothing,T-Shirt,1,869,869,59.74,Card,2024-08-17
ORD04264,Brianna Olson,Watersville,West,Clothing,T-Shirt,5,2418,12090,1158.91,Card,2024-07-22
ORD04265,Anita Cooper,South Thomasbury,North,Groceries,Milk,2,2242,4484,1337.15,UPI,2025-09-10
ORD04266,Sarah Chandler,Nathanville,West,Electronics,Headphones,2,3249,6498,1587.68,UPI,2024-09-13
ORD04267,Julie Davis,Dillonland,North,Clothing,T-Shirt,6,4042,24252,2571.75,Net Banking,2025-11-08
ORD04268,Dr. Scott Henry,Port Seanburgh,North,Groceries,Eggs,8,1993,15944,2340.2,Net Banking,2024-07-04
ORD04269,Robert Ortiz,Bonnieborough,East,Electronics,Laptop,3,1686,5058,832.13,Cash,2025-03-18
ORD04270,Cody Berg,Ashleyport,West,Furniture,Chair,6,4269,25614,6393.5,Cash,2025-08-04
ORD04271,Alicia Galvan,West Waynefurt,East,Clothing,Jacket,10,3941,39410,2990.81,Card,2025-10-23
ORD04272,Erin Dyer,Stephanieland,North,Groceries,Milk,3,4105,12315,2053.23,Card,2024-05-01
ORD04273,Lisa Watson,Robertfort,West,Clothing,T-Shirt,8,4188,33504,3397.32,UPI,2024-07-06
ORD04274,Jenny Potter,North Richard,West,Sports,Gym Gloves,9,2887,25983,3938.38,UPI,2025-07-19
ORD04275,Danielle Bennett,North Saraborough,West,Electronics,Tablet,10,3985,39850,3989.65,Net Banking,2024-12-21
ORD04276,Lisa Blackwell,South Jeremyview,East,Sports,Tennis Racket,4,1693,6772,2019.51,Card,2025-02-24
ORD04277,David Brown,Port Tyler,West,Groceries,Rice,3,3234,9702,972.05,Net Banking,2025-05-16
ORD04278,Diana Nelson,Stephenburgh,East,Groceries,Bread,10,3325,33250,8382.95,Net Banking,2024-09-27
ORD04279,Kelly Simpson,Taylorfort,East,Groceries,Eggs,10,2224,22240,5667.11,Net Banking,2025-10-10
ORD04280,Dustin Porter,Lake Timothyberg,East,Electronics,Tablet,6,2054,12324,1463.71,Card,2025-03-29
ORD04281,Robert Howard,South Johnside,West,Electronics,Phone,5,292,1460,355.75,Net Banking,2024-09-04
ORD04282,William Mora,Amandaberg,West,Furniture,Chair,9,2335,21015,4619.23,Card,2025-06-20
ORD04283,Andrew Smith,Montgomeryburgh,East,Furniture,Sofa,6,321,1926,210.43,UPI,2024-12-23
ORD04284,Jason Hanson,Port Mercedeschester,East,Groceries,Rice,6,1980,11880,2174.32,Net Banking,2024-07-22
ORD04285,Julia Hunter,Port Denise,West,Sports,Cricket Bat,3,1090,3270,365.97,Card,2025-09-07
ORD04286,Daniel Holden,Lake Brian,South,Sports,Football,5,339,1695,285.91,UPI,2025-04-14
ORD04287,Erika Cook,Port Heatherton,South,Clothing,T-Shirt,6,110,660,152.08,Cash,2025-01-30
ORD04288,Jerry Price,Lake Bethanyfurt,West,Clothing,T-Shirt,6,946,5676,348.92,Card,2024-05-24
ORD04289,Kimberly Johnson,North Angela,South,Sports,Cricket Bat,9,3802,34218,7114.26,Cash,2025-03-18
ORD04290,Thomas Wall,Adamsstad,West,Clothing,Shoes,8,2403,19224,4074.14,Net Banking,2024-09-29
ORD04291,Miss Shannon Diaz,Port Matthewland,West,Electronics,Phone,4,1218,4872,1343.98,Card,2024-07-20
ORD04292,Charles Wilson,West Daniel,East,Electronics,Tablet,10,1301,13010,3195.78,UPI,2025-12-26
ORD04293,Luke Bryant,South Dustin,North,Electronics,Laptop,1,1566,1566,324.27,Net Banking,2025-03-22
ORD04294,Tyler Branch,Ryanfort,East,Sports,Football,10,2786,27860,2193.87,Net Banking,2024-11-02
ORD04295,Charles Cunningham,West Mikechester,North,Groceries,Eggs,4,4346,17384,1722.37,Net Banking,2024-08-29
ORD04296,Samuel Davis,Murraybury,East,Electronics,Tablet,5,1860,9300,2532.96,Card,2025-04-02
ORD04297,Ryan Underwood,Brooksmouth,South,Groceries,Milk,6,287,1722,493.28,Net Banking,2024-12-18
ORD04298,Eric Barry,Ianview,West,Electronics,Phone,8,337,2696,624.26,Card,2025-06-24
ORD04299,Michaela Pena,Karenburgh,North,Groceries,Eggs,1,4039,4039,287.98,Cash,2025-12-17
ORD04300,Daniel Santos,Daveville,North,Sports,Cricket Bat,4,3369,13476,3781.5,Cash,2024-08-11
ORD04301,Antonio Turner,Isaacport,East,Furniture,Bed,8,2177,17416,2455.29,UPI,2025-10-22
ORD04302,Gabriel Jones,Annaville,North,Furniture,Table,8,3468,27744,7873.57,Card,2025-04-01
ORD04303,Aaron Holmes,West Brittany,West,Sports,Football,8,4841,38728,2576.75,Card,2024-02-15
ORD04304,Tara Bernard,Castilloburgh,West,Electronics,Laptop,7,2289,16023,964.7,Cash,2024-02-06
ORD04305,Richard Lee,East Elaine,South,Sports,Tennis Racket,8,4449,35592,8281.82,UPI,2025-06-08
ORD04306,Allen Robinson,Laurafurt,East,Furniture,Sofa,9,2977,26793,4437.19,Card,2025-03-19
ORD04307,Casey Swanson MD,Port Brittneyland,North,Electronics,Tablet,5,1159,5795,984.0,UPI,2025-06-10
ORD04308,Michelle Castro,East Maria,South,Furniture,Chair,8,4639,37112,9919.43,Net Banking,2025-06-02
ORD04309,Jillian Skinner,Rosalesshire,East,Clothing,Jeans,2,3606,7212,1248.48,Card,2025-06-15
ORD04310,Daniel Owens,Hendersonview,East,Clothing,Jacket,1,4612,4612,878.55,Cash,2025-08-09
ORD04311,Shawn Phillips,Wongville,West,Electronics,Phone,3,375,1125,185.95,UPI,2025-01-15
ORD04312,Brittany Becker,Solismouth,South,Clothing,Jeans,7,543,3801,308.07,Cash,2025-01-05
ORD04313,Heather Diaz,East Jacquelineside,West,Electronics,Phone,10,4999,49990,10727.81,Cash,2025-02-15
ORD04314,Christina Ingram,South Derek,West,Furniture,Chair,10,1452,14520,4030.22,Card,2025-01-01
ORD04315,Sheila White,Vaughnfurt,North,Clothing,T-Shirt,4,340,1360,217.66,Card,2025-10-20
ORD04316,Vanessa Russell,Chrismouth,North,Clothing,T-Shirt,3,3892,11676,1192.35,UPI,2024-06-16
ORD04317,Timothy Francis,New Marciaview,North,Furniture,Sofa,4,865,3460,656.04,UPI,2024-11-30
ORD04318,Bryan Barron,Lake Angelastad,South,Clothing,Jeans,4,742,2968,641.31,UPI,2025-06-28
ORD04319,Linda Ramirez,Mackport,North,Groceries,Milk,1,2565,2565,467.05,Cash,2024-05-07
ORD04320,Elizabeth Palmer,New Rebecca,South,Electronics,Tablet,5,4447,22235,2712.03,Card,2025-04-04
ORD04321,Jill Greer,Lake Craigberg,South,Groceries,Eggs,10,3762,37620,10204.2,Card,2025-08-23
ORD04322,Steven Vega,North Justinville,North,Clothing,Jacket,4,4411,17644,4542.74,Cash,2025-01-18
ORD04323,Kevin Martinez,Lake Patricia,East,Groceries,Milk,4,4320,17280,4623.87,Cash,2025-03-23
ORD04324,Beth Miller,Port Meganville,East,Sports,Tennis Racket,2,4232,8464,1149.61,Net Banking,2025-01-06
ORD04325,Maria Sanchez,Branchberg,North,Groceries,Rice,6,2872,17232,3410.85,UPI,2024-09-06
ORD04326,George Wheeler,East Megan,West,Sports,Gym Gloves,10,2789,27890,7286.03,Net Banking,2024-09-25
ORD04327,Brandon Ballard,East Alexandra,North,Electronics,Tablet,1,2509,2509,446.91,Card,2024-10-15
ORD04328,Jeffrey Reyes,Robertchester,North,Electronics,Phone,5,2460,12300,1867.21,Cash,2024-10-24
ORD04329,Nathan Gates,Port Sharon,East,Clothing,T-Shirt,8,3483,27864,5542.57,Card,2025-01-04
ORD04330,Kristina Williams DDS,Stephenbury,North,Sports,Cricket Bat,6,2824,16944,3000.37,Cash,2024-03-20
ORD04331,Kara Robbins,West Melody,West,Furniture,Bed,8,2801,22408,2801.14,Net Banking,2025-04-07
ORD04332,Joshua Osborn,East Danielleport,North,Clothing,Jacket,10,1573,15730,2241.28,Cash,2025-12-26
ORD04333,Jessica Johnson,Stewartmouth,West,Furniture,Bed,3,2463,7389,1730.25,Net Banking,2024-09-11
ORD04334,Donald Beard,West Kayla,East,Sports,Football,1,4142,4142,271.43,Card,2024-10-18
ORD04335,John Rojas,Port Joycefurt,West,Sports,Tennis Racket,9,2643,23787,4574.18,Card,2025-03-02
ORD04336,Cynthia Gross,Andrealand,East,Electronics,Headphones,7,1186,8302,824.97,Net Banking,2025-07-31
ORD04337,Omar Johnson,New Yeseniamouth,East,Groceries,Rice,3,2802,8406,1185.27,UPI,2024-08-14
ORD04338,Luke Acosta,Port Deborah,West,Furniture,Bed,7,3759,26313,3049.07,Card,2024-01-22
ORD04339,Jonathan Yates,Deannaland,West,Electronics,Phone,3,4120,12360,1073.85,Card,2025-05-09
ORD04340,Eric Norman,Port Lorettaberg,South,Furniture,Chair,5,3113,15565,4468.85,Card,2025-12-11
ORD04341,Jeffrey Martinez,Jonesburgh,East,Electronics,Headphones,1,557,557,75.05,Cash,2025-01-08
ORD04342,Scott Barton,Dennisshire,West,Clothing,Jacket,6,2854,17124,4656.57,Cash,2025-01-07
ORD04343,Randall Williams,Martinside,West,Electronics,Headphones,9,1858,16722,1686.99,Net Banking,2025-11-04
ORD04344,David Carroll,Hillfort,North,Groceries,Rice,9,3017,27153,6507.4,UPI,2024-11-04
ORD04345,Michael Lopez,New Dawntown,North,Sports,Gym Gloves,1,2506,2506,251.18,Card,2025-04-30
ORD04346,Ashley Reed,Frenchton,West,Clothing,Shoes,9,2730,24570,5933.4,Cash,2024-04-05
ORD04347,Joshua Johnson,New Kevinberg,South,Furniture,Bed,9,3243,29187,7932.79,UPI,2025-09-22
ORD04348,Tami Nguyen,West Susan,East,Groceries,Rice,9,4816,43344,12522.78,UPI,2025-06-14
ORD04349,Monica Baxter,Thomashaven,South,Electronics,Laptop,6,3145,18870,4670.59,UPI,2025-07-19
ORD04350,Tammie Rodriguez,South Aaronview,West,Electronics,Laptop,6,1776,10656,994.24,Card,2024-06-14
ORD04351,Catherine Fisher,New Kathy,South,Electronics,Laptop,10,1655,16550,3665.71,Net Banking,2024-08-31
ORD04352,James Chang,Port Michael,South,Furniture,Bed,10,448,4480,431.13,Net Banking,2024-01-03
ORD04353,David Francis,Scottburgh,East,Sports,Cricket Bat,2,4684,9368,1715.04,Card,2024-08-04
ORD04354,Ralph Thomas,Buckfort,East,Groceries,Rice,7,3809,26663,4214.6,Cash,2024-09-11
ORD04355,Ernest Barnes,Emilyfort,East,Electronics,Phone,5,4298,21490,4831.81,Cash,2024-07-09
ORD04356,Eric Murphy,Kramerbury,East,Groceries,Eggs,5,4038,20190,2413.18,Card,2025-02-26
ORD04357,Faith Jones,Coxhaven,South,Electronics,Tablet,8,4677,37416,3686.64,Net Banking,2025-12-01
ORD04358,Timothy Vega,New Patricia,East,Sports,Gym Gloves,7,2062,14434,2317.9,UPI,2025-10-28
ORD04359,Justin Bell,West Markborough,South,Sports,Gym Gloves,8,2576,20608,2434.97,Card,2025-08-03
ORD04360,Christopher Fowler,Brandonside,West,Groceries,Eggs,2,2606,5212,1475.34,Cash,2024-09-20
ORD04361,Tim Armstrong,North Shelby,West,Sports,Tennis Racket,4,852,3408,860.84,Net Banking,2024-12-04
ORD04362,Timothy Bell,Gabrielaside,West,Clothing,Jeans,4,2386,9544,501.63,UPI,2024-06-05
ORD04363,Bobby Robertson,Mannington,North,Sports,Gym Gloves,5,4926,24630,3624.31,UPI,2025-03-04
ORD04364,Michael Murphy,Jonesbury,South,Sports,Cricket Bat,3,4823,14469,3550.34,Cash,2024-05-29
ORD04365,Mary Guerra,West Melindatown,South,Clothing,Shoes,9,4119,37071,3126.67,Net Banking,2024-02-23
ORD04366,Jenna Moore,Smithstad,West,Furniture,Table,8,4671,37368,9094.79,UPI,2024-02-24
ORD04367,Scott Garcia,Greenborough,East,Furniture,Bed,8,2564,20512,4650.3,Net Banking,2025-06-17
ORD04368,Jill Stanley,North Haleyshire,West,Sports,Cricket Bat,1,2274,2274,561.24,Card,2024-12-01
ORD04369,Paul Edwards,Thomasland,North,Groceries,Eggs,6,3871,23226,4078.58,UPI,2025-07-29
ORD04370,Shannon Ross,Petersonmouth,West,Clothing,Jacket,2,1179,2358,658.21,Net Banking,2025-10-14
ORD04371,Seth Potts,West Erinchester,South,Clothing,Jacket,10,2262,22620,2345.89,Cash,2025-02-28
ORD04372,Stephen Owens,North Andrew,East,Groceries,Rice,6,3467,20802,1598.48,Cash,2025-03-20
ORD04373,Tiffany Wagner,West John,North,Clothing,Jacket,3,446,1338,87.46,Net Banking,2024-06-03
ORD04374,Tonya Jenkins,South Sierraside,North,Groceries,Bread,8,917,7336,1954.05,Cash,2024-05-20
ORD04375,Heidi Houston,Martinezbury,East,Clothing,T-Shirt,10,859,8590,1657.12,UPI,2025-06-24
ORD04376,Norman Graham,Kevinville,East,Clothing,Shoes,6,929,5574,606.78,UPI,2024-11-20
ORD04377,Riley Morales,North Kevinton,West,Sports,Football,5,1636,8180,2274.94,Net Banking,2024-07-09
ORD04378,Amber Johnson,West Martha,North,Groceries,Milk,3,4113,12339,2688.72,Card,2025-12-09
ORD04379,Jillian Wallace,Robertsonburgh,North,Furniture,Table,4,4588,18352,1357.08,UPI,2025-02-15
ORD04380,Brittany Baker,Lake Sarah,North,Groceries,Rice,1,3078,3078,270.17,Card,2025-09-09
ORD04381,Angela Duarte,South Maria,East,Clothing,Shoes,5,4854,24270,6260.95,UPI,2025-02-20
ORD04382,Michael Johnson,East Jessicafort,West,Clothing,Jeans,8,255,2040,460.68,UPI,2024-12-25
ORD04383,Andre Evans,West Amandafort,South,Electronics,Tablet,4,2693,10772,2971.9,UPI,2025-05-30
ORD04384,Erin Edwards,Lake Mark,North,Clothing,T-Shirt,8,4025,32200,7499.16,Cash,2025-01-10
ORD04385,Veronica Moore,South Melindaland,South,Electronics,Headphones,2,188,376,74.76,UPI,2024-06-05
ORD04386,James White,South Jessicamouth,West,Groceries,Eggs,5,2878,14390,3610.37,UPI,2024-07-24
ORD04387,Robert Crawford,East Hannah,North,Clothing,Shoes,4,1369,5476,333.66,Cash,2024-09-08
ORD04388,Angela Sanchez,Andersonview,West,Groceries,Bread,4,812,3248,308.25,Card,2025-03-11
ORD04389,Mark Sampson,Port Tiffanyburgh,West,Groceries,Rice,3,1915,5745,576.29,Card,2024-03-29
ORD04390,Matthew Sanders,South Matthew,East,Clothing,T-Shirt,7,1292,9044,1018.69,Card,2024-11-29
ORD04391,Tamara Mcgrath,North Blakemouth,South,Furniture,Bed,8,1237,9896,2707.17,Net Banking,2025-11-21
ORD04392,David Robinson,New Pattyberg,North,Groceries,Rice,3,3824,11472,2650.1,UPI,2024-04-25
ORD04393,Matthew Miller,Walkerland,North,Clothing,Shoes,9,4093,36837,2225.59,Card,2025-08-15
ORD04394,Steven Turner,Carlmouth,North,Groceries,Rice,2,1556,3112,220.35,Net Banking,2025-06-19
ORD04395,Jessica Miller,West Anne,South,Groceries,Milk,3,2073,6219,878.4,Cash,2024-07-11
ORD04396,Luis Krueger,New Steven,East,Electronics,Tablet,5,4439,22195,2673.81,UPI,2025-08-19
ORD04397,Justin Smith,Port Erica,East,Groceries,Bread,8,559,4472,1225.76,Cash,2025-08-18
ORD04398,Michael Barnes,Tammyton,South,Furniture,Chair,9,1961,17649,1023.94,Net Banking,2024-10-04
ORD04399,Monica Fields,Lake Julia,East,Clothing,Shoes,9,2838,25542,5287.71,UPI,2025-12-01
ORD04400,Kenneth Reynolds,West Adrian,North,Sports,Football,3,382,1146,144.56,Card,2025-10-30
ORD04401,Kelly Acevedo,Port Monicachester,South,Clothing,T-Shirt,6,907,5442,339.99,Card,2024-08-14
ORD04402,Kevin Ali,Tonyview,South,Groceries,Bread,4,1937,7748,2286.67,UPI,2024-07-26
ORD04403,Sabrina Yang,Charlesport,North,Clothing,Shoes,6,2579,15474,1522.28,UPI,2025-12-18
ORD04404,Miguel Roth,Kerrmouth,South,Sports,Tennis Racket,2,3422,6844,1661.5,Net Banking,2024-09-26
ORD04405,Roberto Mora,South Brian,East,Groceries,Rice,3,885,2655,654.65,Net Banking,2024-01-11
ORD04406,Jason Vargas,Frederickport,South,Electronics,Laptop,3,2893,8679,1960.94,Cash,2025-09-29
ORD04407,Christopher Oconnor,Coltonview,East,Furniture,Bed,2,3778,7556,1590.43,Net Banking,2025-07-06
ORD04408,Katherine Wood,Johnchester,North,Sports,Football,8,3201,25608,5154.44,Card,2025-01-18
ORD04409,Richard Shaw,Mitchellchester,South,Sports,Football,8,2039,16312,4762.58,UPI,2025-07-30
ORD04410,Kaitlyn Acosta,New Pennychester,North,Electronics,Laptop,6,3074,18444,5037.43,Net Banking,2025-08-26
ORD04411,Dean Fisher,South Clarence,West,Sports,Cricket Bat,4,703,2812,483.75,Card,2024-08-04
ORD04412,Tracy Jennings,New Jesusmouth,West,Groceries,Rice,9,2211,19899,4590.12,Card,2024-02-14
ORD04413,Mr. James Blevins,Mcleanfort,West,Clothing,Jacket,3,2836,8508,1639.78,UPI,2025-01-12
ORD04414,Mr. Sean Davis,Bryanhaven,South,Groceries,Eggs,6,154,924,179.38,UPI,2025-02-05
ORD04415,Mr. Curtis Barton,Vasquezport,West,Groceries,Bread,7,1305,9135,1947.02,UPI,2024-07-05
ORD04416,Andre House,Austinbury,West,Sports,Cricket Bat,7,313,2191,525.89,UPI,2025-10-08
ORD04417,Daniel Estrada,Port Christopherburgh,South,Electronics,Headphones,9,263,2367,555.95,Net Banking,2024-01-28
ORD04418,Laura Nichols,South Williamberg,North,Electronics,Laptop,10,2380,23800,6213.69,Net Banking,2024-01-04
ORD04419,Alexa Robinson,South Dominiquechester,South,Electronics,Laptop,4,1213,4852,848.61,UPI,2025-02-19
ORD04420,Marvin Richard,Lake Kristen,North,Clothing,Shoes,8,4121,32968,8663.47,Card,2024-02-20
ORD04421,Ryan Lara,Johnland,North,Sports,Gym Gloves,3,3259,9777,1726.91,Card,2024-04-12
ORD04422,Crystal Murillo,Patricktown,West,Groceries,Eggs,5,3655,18275,1042.46,Cash,2025-05-17
ORD04423,Brad Turner,North Rebeccaside,South,Clothing,Jacket,7,4711,32977,7303.14,Cash,2025-08-30
ORD04424,Jeffrey Blanchard,West Kellyville,West,Electronics,Tablet,2,1776,3552,504.73,Card,2024-09-02
ORD04425,Gary Silva,South Ericchester,North,Sports,Cricket Bat,6,467,2802,174.22,Net Banking,2024-12-31
ORD04426,David Holder,Monicafurt,East,Groceries,Bread,9,3508,31572,6621.93,UPI,2024-07-12
ORD04427,Chris Rodriguez,North Danielfort,West,Sports,Cricket Bat,2,4114,8228,1906.71,Card,2024-09-25
ORD04428,Natasha Blackburn,East Michael,East,Groceries,Eggs,10,2055,20550,2947.98,Card,2025-09-20
ORD04429,Marie Mccann,Willieport,West,Furniture,Table,6,3267,19602,3942.01,UPI,2025-08-27
ORD04430,Brenda Hancock,North Thomasbury,South,Furniture,Sofa,3,395,1185,308.8,UPI,2025-09-18
ORD04431,Scott Martinez,Jerryfort,West,Groceries,Bread,7,4834,33838,2733.17,UPI,2025-01-25
ORD04432,Amanda Pope,East Davidton,South,Sports,Football,10,3542,35420,10290.97,Cash,2025-08-12
ORD04433,Tammy Knight,Garciaside,West,Clothing,Jeans,1,1843,1843,381.09,Cash,2024-09-08
ORD04434,Bruce Smith,West Jacqueline,East,Electronics,Tablet,7,4444,31108,2586.67,Cash,2025-05-03
ORD04435,Timothy Casey,West Brett,North,Furniture,Sofa,6,1557,9342,1456.24,Cash,2024-06-24
ORD04436,Debra Santos,Barrychester,North,Sports,Tennis Racket,9,4121,37089,4205.72,UPI,2025-05-31
ORD04437,Stephanie Thomas,Christophershire,South,Furniture,Table,7,4940,34580,9116.1,Card,2025-08-26
ORD04438,Michael Kline,North Ann,South,Clothing,T-Shirt,8,1990,15920,3066.93,Cash,2024-06-18
ORD04439,Jessica Duran,Johnberg,West,Sports,Cricket Bat,2,3708,7416,1566.24,Card,2025-06-06
ORD04440,Kayla Williams DDS,Perezfort,East,Electronics,Phone,10,2368,23680,5243.11,UPI,2025-03-25
ORD04441,Deborah Gibson MD,Fordfort,North,Clothing,Jacket,8,4154,33232,7682.99,Net Banking,2025-07-30
ORD04442,Tara Roberts,South Brenda,East,Clothing,Jeans,2,1128,2256,490.29,Card,2024-08-04
ORD04443,Stephen Freeman,Matthewburgh,North,Furniture,Sofa,4,4219,16876,4746.34,Card,2024-03-19
ORD04444,Cody Reyes,Hessmouth,South,Groceries,Bread,1,4913,4913,418.49,UPI,2025-04-15
ORD04445,John Burke,Jesseshire,West,Sports,Tennis Racket,9,383,3447,804.08,Card,2024-07-11
ORD04446,William Hickman,Brandimouth,South,Groceries,Bread,7,1627,11389,3080.9,Cash,2024-09-19
ORD04447,Oscar Irwin,Port Debra,North,Sports,Football,7,4489,31423,4537.23,Card,2025-04-16
ORD04448,Melinda Bauer,Keithton,East,Clothing,T-Shirt,7,4790,33530,8038.96,Card,2024-08-21
ORD04449,Terri Richard,Howeton,West,Electronics,Laptop,2,228,456,56.98,Card,2025-05-13
ORD04450,Natasha Williams,New Markborough,North,Sports,Cricket Bat,6,2380,14280,3718.13,UPI,2024-06-02
ORD04451,Amy Smith,North Michelleside,West,Electronics,Laptop,9,4570,41130,11077.25,UPI,2025-09-21
ORD04452,Kimberly Wilson,Michaelshire,South,Furniture,Table,10,2110,21100,3005.23,Card,2024-11-24
ORD04453,Steven Ray,Gonzaleztown,North,Sports,Football,2,830,1660,217.85,Cash,2025-05-26
ORD04454,Elizabeth Cruz,Younghaven,West,Clothing,Shoes,6,3340,20040,1268.59,Card,2024-04-04
ORD04455,Richard Conley,Diazland,East,Furniture,Bed,3,2573,7719,1991.83,Card,2024-12-08
ORD04456,Krystal Wallace,Shawnmouth,East,Groceries,Milk,1,1557,1557,452.12,Card,2024-08-24
ORD04457,Kurt Pitts,Carlsonstad,West,Groceries,Milk,3,2147,6441,1239.27,UPI,2024-01-05
ORD04458,Amy Ortiz,Patrickland,North,Groceries,Milk,5,1976,9880,1176.2,Card,2025-01-27
ORD04459,Angel Atkins,Brownville,North,Clothing,Shoes,1,514,514,79.3,UPI,2024-09-12
ORD04460,Katherine Stone,Griffithberg,North,Groceries,Bread,2,3304,6608,644.09,Card,2024-05-16
ORD04461,Helen Morrow,New Jonathanchester,North,Electronics,Phone,1,1496,1496,136.68,Net Banking,2025-10-10
ORD04462,Kimberly Johnson,North Davidland,East,Clothing,Shoes,2,3237,6474,1156.57,Net Banking,2025-09-13
ORD04463,Michelle Smith,Josephton,South,Clothing,T-Shirt,9,2850,25650,3012.67,Cash,2024-07-15
ORD04464,Heidi Williams,Ashleymouth,North,Groceries,Eggs,6,201,1206,102.65,Card,2024-12-14
ORD04465,Dr. Andrea Porter,Jessicaview,North,Groceries,Bread,9,1054,9486,1515.97,Card,2025-09-19
ORD04466,Karen Davis,Chapmanville,East,Groceries,Milk,10,587,5870,1326.46,Cash,2024-06-30
ORD04467,Justin Graham,Tonyashire,East,Furniture,Chair,10,1051,10510,2215.31,Cash,2024-04-15
ORD04468,Tyler Perkins,New Matthewland,North,Sports,Tennis Racket,9,1024,9216,1129.41,UPI,2024-10-18
ORD04469,Stephanie Larson,Garciaborough,North,Furniture,Sofa,7,4828,33796,6599.35,Card,2025-08-17
ORD04470,Brian Hill,Andrewstad,South,Furniture,Bed,6,1360,8160,419.67,UPI,2024-05-03
ORD04471,Michael Duke,Ronaldland,East,Electronics,Headphones,5,451,2255,198.52,Card,2025-09-26
ORD04472,Lori Hall,North Matthewview,North,Groceries,Eggs,7,3081,21567,4444.1,Cash,2025-07-10
ORD04473,Crystal Huynh,New Vanessa,West,Groceries,Milk,10,1120,11200,1252.42,Card,2025-01-29
ORD04474,Patricia Thompson,Tinamouth,North,Sports,Football,7,2657,18599,5377.86,Card,2025-12-11
ORD04475,Jonathan Lane,Port Walter,North,Furniture,Table,2,4685,9370,2001.97,Cash,2024-04-07
ORD04476,Mrs. Taylor Gonzalez DVM,Lake Carolynshire,South,Electronics,Tablet,3,1883,5649,426.98,Cash,2025-02-16
ORD04477,Eric Walker,Pamelaberg,South,Clothing,Jeans,9,2153,19377,5493.8,Cash,2024-01-13
ORD04478,Jean Humphrey,Williamsport,South,Clothing,Shoes,3,3319,9957,1684.26,Cash,2024-03-24
ORD04479,Rachel Adams,New Isaacville,South,Electronics,Phone,6,2122,12732,3620.01,Cash,2024-09-16
ORD04480,Justin Brown,Port Robert,West,Sports,Gym Gloves,8,422,3376,855.43,UPI,2025-04-30
ORD04481,Kimberly Ramos,Susanburgh,West,Clothing,Jeans,10,1721,17210,3664.92,Net Banking,2025-10-11
ORD04482,Robert Anderson,Stefaniemouth,West,Groceries,Eggs,5,524,2620,767.23,Net Banking,2025-12-18
ORD04483,Mr. Justin Foster,North Ernestmouth,East,Furniture,Chair,1,3776,3776,802.67,UPI,2024-07-01
ORD04484,Debra Hunter,Salinastown,North,Electronics,Phone,4,393,1572,425.41,UPI,2025-01-14
ORD04485,Tommy Cook,Port Robert,East,Sports,Gym Gloves,3,2423,7269,1814.12,Card,2024-05-20
ORD04486,Matthew Serrano,Port Megan,South,Furniture,Bed,6,2470,14820,4021.27,Cash,2025-03-23
ORD04487,Benjamin Simmons,West Christine,South,Groceries,Eggs,4,4858,19432,3647.91,Cash,2025-12-17
ORD04488,Kelly Thornton,North Christinehaven,South,Sports,Football,9,1486,13374,3326.9,Net Banking,2025-06-07
ORD04489,Joshua Harrison,Alyssabury,North,Furniture,Table,8,4599,36792,7826.67,Net Banking,2025-06-12
ORD04490,Nancy Gonzalez,Hallmouth,South,Electronics,Tablet,3,2002,6006,829.25,UPI,2025-04-12
ORD04491,George Hernandez,Port Angela,West,Sports,Tennis Racket,10,2027,20270,1372.16,Cash,2024-03-23
ORD04492,Russell Hampton,Port Derekmouth,North,Electronics,Phone,6,2143,12858,1647.31,Card,2025-04-23
ORD04493,Amy Cervantes,Martinville,East,Electronics,Headphones,1,4160,4160,706.67,Card,2024-01-07
ORD04494,Jennifer Butler,Danaville,West,Sports,Gym Gloves,4,2938,11752,1927.53,Net Banking,2025-05-31
ORD04495,Diane Ruiz,Matthewberg,East,Furniture,Chair,4,4579,18316,5194.25,UPI,2024-11-29
ORD04496,Jason Reed,West Richard,South,Sports,Tennis Racket,9,2389,21501,5051.92,Cash,2024-10-11
ORD04497,Robert Miller,Lake Angelamouth,North,Clothing,Jacket,6,925,5550,549.65,Card,2024-07-12
ORD04498,Pamela Miranda,North Michael,South,Sports,Football,6,2509,15054,1115.0,Card,2025-02-27
ORD04499,Julie Moreno,Justinview,East,Electronics,Laptop,1,4987,4987,761.42,UPI,2024-11-12
ORD04500,Wyatt Thomas MD,Cherryfurt,North,Furniture,Bed,4,3392,13568,3243.8,Card,2025-09-11
ORD04501,John Mullen,Michaelmouth,South,Electronics,Tablet,2,4124,8248,901.82,Cash,2024-05-25
ORD04502,Brenda Andersen,Wilsonchester,North,Clothing,Jeans,7,4088,28616,7463.61,Cash,2025-04-22
ORD04503,Steve Foster,Abigailstad,West,Furniture,Table,9,1017,9153,777.84,UPI,2024-03-23
ORD04504,Lisa Kelly,Luisberg,East,Sports,Cricket Bat,6,2616,15696,3432.5,Cash,2025-11-29
ORD04505,Frederick Gonzalez,North Richard,West,Electronics,Laptop,3,3714,11142,2644.01,Cash,2025-08-18
ORD04506,Katelyn Watson,Michaelshire,South,Groceries,Milk,2,818,1636,206.88,UPI,2024-07-29
ORD04507,Kyle Soto,South Sierra,East,Electronics,Headphones,3,2072,6216,394.46,Card,2025-03-18
ORD04508,Todd Meza,Lake Deanna,South,Electronics,Laptop,4,4462,17848,1318.63,Net Banking,2024-01-20
ORD04509,Crystal Sawyer,Lake William,North,Clothing,Jacket,2,406,812,226.89,Cash,2024-05-12
ORD04510,Katie Hall,East Jasontown,North,Clothing,T-Shirt,5,294,1470,273.41,Cash,2025-04-03
ORD04511,Kayla Howard,Chrisborough,West,Sports,Tennis Racket,7,613,4291,670.05,Net Banking,2025-07-17
ORD04512,Amanda Anderson,East Samanthabury,West,Furniture,Table,2,2406,4812,923.75,UPI,2025-08-10
ORD04513,Scott Garner,Port David,West,Furniture,Table,1,2394,2394,232.04,Card,2024-11-14
ORD04514,William Williams,Billybury,West,Furniture,Table,5,2602,13010,1072.38,Card,2024-02-14
ORD04515,Christopher Harris,North Kristin,North,Electronics,Laptop,1,2510,2510,654.77,UPI,2024-01-02
ORD04516,Brian Love,Lewishaven,East,Clothing,T-Shirt,4,1099,4396,477.42,Net Banking,2025-01-10
ORD04517,Jasmine Hawkins,Feliciachester,South,Sports,Tennis Racket,3,487,1461,336.3,Cash,2024-05-30
ORD04518,Nicholas Jimenez,East Nicholasfort,West,Sports,Tennis Racket,7,3903,27321,2257.24,Net Banking,2024-03-28
ORD04519,Angela Bentley,North Ginabury,West,Electronics,Headphones,9,3818,34362,5936.95,Card,2025-05-02
ORD04520,Amber Hoffman,North Brianbury,South,Electronics,Phone,9,4035,36315,6034.82,Cash,2024-03-19
ORD04521,Cheyenne Spears,New Katelynchester,South,Sports,Football,9,4800,43200,4570.63,UPI,2025-04-12
ORD04522,Anthony Santiago,Port Chelsea,East,Clothing,Shoes,4,418,1672,198.51,Card,2024-04-29
ORD04523,Micheal Townsend,Hodgeside,South,Clothing,Shoes,9,792,7128,1506.15,Card,2025-04-12
ORD04524,Brian Harrison,North Reginaborough,North,Electronics,Laptop,8,4841,38728,8300.58,Cash,2024-11-15
ORD04525,Lisa Carter,West Travisborough,South,Electronics,Tablet,8,2713,21704,3852.45,UPI,2025-09-26
ORD04526,Lindsey Sanders,Emilymouth,East,Sports,Tennis Racket,4,3305,13220,3041.57,Card,2024-02-03
ORD04527,John Sullivan,Torresfort,East,Clothing,Jeans,4,4880,19520,1867.58,Card,2024-03-24
ORD04528,Cynthia Watkins,Alexanderland,West,Electronics,Headphones,4,4331,17324,2226.19,UPI,2025-03-06
ORD04529,Tanya Harper,North Heidifort,West,Furniture,Chair,8,711,5688,1376.11,Card,2024-07-20
ORD04530,Samuel Coleman,Rogersville,East,Furniture,Chair,6,3041,18246,4025.26,Cash,2024-12-22
ORD04531,Deanna Henderson,West Catherineside,West,Clothing,Jacket,5,395,1975,321.02,Net Banking,2025-06-12
ORD04532,Cindy Bentley,Bartlettview,North,Groceries,Milk,3,967,2901,697.9,Net Banking,2024-02-02
ORD04533,Jamie Moore,Brianville,East,Furniture,Chair,5,277,1385,335.53,Net Banking,2025-09-25
ORD04534,Krystal Snyder,Andrewhaven,West,Electronics,Laptop,3,2517,7551,1137.43,Card,2025-12-05
ORD04535,Kara Chambers,West Ashley,East,Groceries,Rice,5,876,4380,1251.16,Net Banking,2024-01-24
ORD04536,Michael Serrano,Joshuatown,South,Groceries,Eggs,2,4374,8748,1352.53,Net Banking,2024-10-06
ORD04537,Dawn Smith,Danielton,West,Furniture,Sofa,5,4176,20880,1353.52,Net Banking,2024-09-21
ORD04538,Kathryn Lester,Port Brendaview,North,Electronics,Laptop,1,1062,1062,186.4,Cash,2025-04-22
ORD04539,Adrian Rosario,Port Anthony,East,Furniture,Table,6,3894,23364,5704.08,Card,2025-12-10
ORD04540,Wendy Jones,Macdonaldchester,West,Furniture,Chair,8,2101,16808,1406.01,Net Banking,2025-01-20
ORD04541,Elizabeth Ferrell,Amyshire,North,Clothing,T-Shirt,4,567,2268,261.26,Net Banking,2024-08-21
ORD04542,Nicole Taylor,Harrisbury,East,Groceries,Milk,5,3409,17045,4438.01,Net Banking,2024-06-13
ORD04543,John Gonzalez,Ericton,South,Electronics,Tablet,9,1092,9828,750.08,UPI,2025-11-27
ORD04544,Shelley Chapman,Lisaland,East,Electronics,Headphones,5,2107,10535,884.68,Card,2024-03-26
ORD04545,Laura Contreras,Mitchellchester,West,Groceries,Bread,2,4278,8556,2111.5,Card,2024-06-19
ORD04546,Sandy Rogers,Travismouth,South,Sports,Football,8,565,4520,250.38,Net Banking,2024-10-04
ORD04547,Eduardo Hayden,South Teresaview,West,Clothing,Jeans,3,3000,9000,2448.67,Card,2025-11-30
ORD04548,Diane Miller,North Austinton,South,Electronics,Tablet,4,3212,12848,1085.89,Cash,2024-04-03
ORD04549,Jerome Roberts,South Ericamouth,North,Electronics,Laptop,6,2212,13272,1025.99,UPI,2024-03-09
ORD04550,Kenneth Martinez,Kathrynstad,West,Furniture,Chair,7,194,1358,233.85,Cash,2024-09-10
ORD04551,Maria Doyle,Coxville,East,Electronics,Laptop,6,1153,6918,651.22,Card,2025-11-22
ORD04552,Steven Brown,Jameston,South,Furniture,Bed,8,2101,16808,3984.6,Card,2025-01-09
ORD04553,Samuel Blake,Hortonstad,North,Furniture,Sofa,7,1082,7574,612.91,Card,2025-02-23
ORD04554,Patrick Rojas,Port Edward,North,Sports,Tennis Racket,5,1260,6300,965.61,Card,2025-12-19
ORD04555,Melanie Cole,South Julia,South,Clothing,Jacket,4,3692,14768,3556.09,Net Banking,2024-11-20
ORD04556,Jade Walsh,Port Eric,East,Sports,Cricket Bat,10,3120,31200,2028.21,Card,2024-04-19
ORD04557,Debbie Hernandez,Lake Williamport,East,Electronics,Phone,4,1194,4776,471.46,Cash,2025-07-22
ORD04558,Joseph Moore,East Justinmouth,North,Clothing,T-Shirt,4,2830,11320,3044.78,Card,2024-06-24
ORD04559,Natalie Garcia,Lake Annaside,North,Electronics,Headphones,6,473,2838,761.19,Net Banking,2025-11-12
ORD04560,Sarah Marsh,Lake Emilytown,South,Furniture,Sofa,5,2514,12570,3494.68,Card,2025-01-01
ORD04561,Luke Williams,West Christopherberg,West,Groceries,Eggs,8,4052,32416,3672.02,Card,2024-10-07
ORD04562,Tanya Ross,New Tina,North,Sports,Cricket Bat,1,2607,2607,408.74,Net Banking,2024-02-24
ORD04563,Tristan Moss,South Ryan,West,Electronics,Headphones,10,4458,44580,11967.39,Card,2024-05-18
ORD04564,Juan Walton,New Christinaside,South,Sports,Gym Gloves,3,3847,11541,1627.73,Net Banking,2025-01-08
ORD04565,Kyle Fuentes,Archerhaven,West,Groceries,Milk,9,2980,26820,7397.04,UPI,2024-10-24
ORD04566,Craig Nichols,Millerbury,North,Sports,Football,3,1093,3279,182.1,Net Banking,2024-09-17
ORD04567,Daniel Yoder,West Thomas,West,Furniture,Sofa,5,3001,15005,3492.94,UPI,2025-09-09
ORD04568,Kelly Harrell,East Tamaraberg,South,Electronics,Headphones,1,4798,4798,1240.12,Cash,2025-09-21
ORD04569,Louis Brandt,Meyersfurt,South,Clothing,Shoes,1,3707,3707,707.73,Card,2025-02-10
ORD04570,Sheila Hall,Port Kimberlyfurt,North,Electronics,Headphones,5,1748,8740,708.76,Cash,2025-02-07
ORD04571,Mark Branch,Paulborough,East,Furniture,Sofa,1,1993,1993,473.1,Cash,2025-12-10
ORD04572,Bonnie Villarreal,Washingtonville,East,Sports,Tennis Racket,5,1366,6830,1126.83,Cash,2025-08-09
ORD04573,Darlene Meadows,New Michael,West,Furniture,Bed,2,4190,8380,1658.26,Card,2024-09-27
ORD04574,Ryan Reid,West Steven,West,Clothing,Jacket,10,3002,30020,6838.96,UPI,2024-12-28
ORD04575,Carla Mercado,Jonhaven,South,Furniture,Bed,4,994,3976,688.85,Net Banking,2024-10-21
ORD04576,Anthony Hurst,Lisabury,North,Electronics,Phone,3,1288,3864,1093.29,Cash,2024-10-13
ORD04577,Dr. Tara Holmes,Evanburgh,West,Furniture,Table,7,1159,8113,1370.69,Net Banking,2024-04-14
ORD04578,Andrea Gaines,West Gabriela,East,Clothing,T-Shirt,5,431,2155,257.61,Card,2025-02-02
ORD04579,Valerie Garcia,Harrisland,North,Electronics,Laptop,3,4625,13875,2004.15,UPI,2025-05-31
ORD04580,Caitlin Lewis,East Chad,South,Electronics,Tablet,1,1212,1212,274.93,UPI,2024-05-14
ORD04581,Ebony Woods,New Timothyfurt,South,Groceries,Bread,6,4914,29484,4102.01,Net Banking,2025-06-22
ORD04582,Jessica Mcguire,West James,South,Groceries,Eggs,8,2335,18680,1786.56,Card,2025-10-01
ORD04583,Ryan Richardson,Scottburgh,West,Clothing,Jeans,4,3842,15368,1511.93,Cash,2024-05-16
ORD04584,Antonio Hudson,Millershire,North,Sports,Gym Gloves,10,1632,16320,1141.63,UPI,2024-12-18
ORD04585,Tyler Castillo,Port Carl,North,Electronics,Phone,7,111,777,133.98,Card,2024-06-18
ORD04586,Gregory Dorsey,Zacharychester,West,Furniture,Sofa,9,3256,29304,8471.88,Card,2025-08-05
ORD04587,Margaret Lee,Davismouth,South,Furniture,Bed,2,3058,6116,1685.88,UPI,2025-05-02
ORD04588,Jacob Garrett,North Morganberg,South,Electronics,Tablet,3,135,405,76.98,UPI,2025-07-26
ORD04589,Joshua Simmons,Kennethfurt,East,Sports,Gym Gloves,4,348,1392,301.11,UPI,2025-08-04
ORD04590,William Hubbard,Perrybury,North,Groceries,Milk,4,3926,15704,2549.12,Cash,2024-08-21
ORD04591,Charles Duran,Petersenchester,East,Sports,Gym Gloves,4,2354,9416,2686.72,UPI,2024-11-14
ORD04592,Joel Ware,Rogersfurt,North,Furniture,Bed,6,319,1914,347.14,UPI,2025-02-25
ORD04593,Raymond Griffin,Jessicaberg,West,Sports,Football,8,1334,10672,994.69,UPI,2025-07-28
ORD04594,Arthur Simmons,Thomasland,East,Furniture,Chair,9,4886,43974,11491.17,Cash,2024-10-12
ORD04595,Annette Moreno,New Matthewport,South,Furniture,Sofa,10,3487,34870,8477.12,Cash,2024-05-14
ORD04596,Trevor Price,Port Oscarberg,North,Electronics,Tablet,10,4327,43270,9969.2,Net Banking,2024-12-25
ORD04597,Brittany Castro,Timothyhaven,North,Clothing,Shoes,10,342,3420,340.03,UPI,2024-07-20
ORD04598,Jessica Pham,Huffton,East,Groceries,Rice,10,2418,24180,6885.01,UPI,2025-04-21
ORD04599,Darius Garner,South Tiffanyport,West,Furniture,Sofa,2,1910,3820,1081.78,Net Banking,2024-02-18
ORD04600,Bailey Whitaker,West Dawn,East,Groceries,Bread,9,4069,36621,4802.31,UPI,2025-11-30
ORD04601,Victoria Nicholson,East Michaelbury,East,Sports,Tennis Racket,10,894,8940,1125.68,Net Banking,2024-02-14
ORD04602,Randy Miller,Derekfurt,West,Furniture,Table,7,3477,24339,5001.81,Cash,2025-11-24
ORD04603,Stephanie Poole,Port Natalieberg,North,Groceries,Milk,9,3616,32544,9400.62,Card,2024-04-16
ORD04604,George Smith,Frankborough,East,Furniture,Chair,5,1951,9755,2076.11,UPI,2024-10-03
ORD04605,Amanda Lane,West Michael,East,Clothing,Shoes,3,968,2904,498.76,Cash,2025-01-30
ORD04606,Elizabeth Freeman,Lake Danielborough,West,Clothing,Jeans,10,2447,24470,1875.74,Card,2025-01-21
ORD04607,Rebecca Morales,Hollandberg,West,Electronics,Headphones,9,4685,42165,9192.14,Card,2025-12-12
ORD04608,Deanna Cross,South Justinville,North,Sports,Tennis Racket,8,2317,18536,3802.63,Net Banking,2024-03-29
ORD04609,Erin Ruiz,Gutierreztown,West,Groceries,Eggs,3,3612,10836,1326.59,Cash,2024-04-03
ORD04610,Scott Marks,Youngmouth,North,Sports,Gym Gloves,9,2697,24273,2528.19,UPI,2025-04-29
ORD04611,Tina Carrillo,South Lauramouth,West,Furniture,Sofa,10,1842,18420,4967.94,Card,2024-04-22
ORD04612,Shannon Miller,New Jason,North,Clothing,Jeans,5,2122,10610,3147.37,Card,2025-03-25
ORD04613,Cory Reyes,North Kimberly,South,Groceries,Rice,5,421,2105,359.15,Net Banking,2025-08-26
ORD04614,Michael Anthony,Lake Christina,South,Clothing,T-Shirt,9,3762,33858,4852.44,Net Banking,2025-08-16
ORD04615,Catherine Estrada,Carlosside,West,Sports,Cricket Bat,1,1906,1906,413.71,Cash,2024-06-11
ORD04616,Lisa Newton,South Jennifermouth,South,Clothing,Shoes,2,1254,2508,353.76,UPI,2025-05-10
ORD04617,Nathan Buckley,Nortonport,West,Furniture,Table,1,320,320,60.21,Card,2024-12-15
ORD04618,Caleb Russell,Thomasfort,South,Sports,Football,6,2017,12102,1034.3,Card,2024-11-08
ORD04619,Wendy Williams,South Brittanymouth,East,Groceries,Eggs,1,156,156,30.43,Net Banking,2024-01-01
ORD04620,Clifford Wilson,Lake Timothyhaven,North,Sports,Cricket Bat,7,478,3346,751.0,Cash,2024-07-29
ORD04621,April Hunt,East Douglasberg,South,Clothing,T-Shirt,4,3423,13692,1842.87,Card,2024-07-12
ORD04622,Sheri Becker,Jonesberg,North,Groceries,Bread,10,3735,37350,9951.37,Net Banking,2025-03-27
ORD04623,Jennifer Hogan,Granttown,North,Electronics,Headphones,1,303,303,52.93,Card,2025-01-21
ORD04624,Albert Huber,North Kathleenport,North,Furniture,Table,8,357,2856,851.71,Net Banking,2024-10-11
ORD04625,Joshua Gay,Hollyshire,West,Clothing,Jacket,4,3274,13096,2487.65,Cash,2024-03-25
ORD04626,Shane Clarke,Jasonmouth,West,Sports,Gym Gloves,7,1627,11389,3060.75,Net Banking,2025-01-01
ORD04627,Christopher Richards,West Jennifertown,West,Clothing,T-Shirt,6,2188,13128,3847.28,Net Banking,2025-05-28
ORD04628,Kimberly Russell,Amberstad,North,Electronics,Phone,5,4517,22585,5219.58,Card,2024-11-10
ORD04629,Sonya Dillon,Lindseyfurt,North,Furniture,Bed,9,3061,27549,7454.61,Card,2025-10-04
ORD04630,Jared Nelson,Jonesland,South,Electronics,Headphones,3,3526,10578,1076.95,UPI,2024-09-21
ORD04631,Ronald Holt,New Michaelport,South,Furniture,Table,4,1892,7568,1468.65,UPI,2025-08-22
ORD04632,Erika Norris,Ericfort,South,Clothing,T-Shirt,1,3876,3876,870.82,Cash,2024-05-05
ORD04633,Stacy Carrillo,Port Catherineville,West,Electronics,Tablet,5,4289,21445,2458.49,Net Banking,2024-12-25
ORD04634,Dylan Haney,New Amanda,West,Groceries,Rice,6,2278,13668,1060.85,Net Banking,2025-04-20
ORD04635,Charlotte Mcdaniel,Lake Pennyville,North,Electronics,Tablet,6,3521,21126,3950.86,UPI,2024-08-24
ORD04636,Melanie Lewis,Lake Davidmouth,West,Groceries,Bread,6,3705,22230,4740.04,Net Banking,2025-05-18
ORD04637,Benjamin Neal,Brownton,West,Clothing,Shoes,7,3252,22764,3419.56,Net Banking,2024-09-14
ORD04638,George Ramirez,Scottport,South,Electronics,Tablet,3,168,504,88.22,Net Banking,2024-12-16
ORD04639,Gary Thompson,Huffmouth,North,Clothing,Jacket,6,1615,9690,655.55,Card,2025-01-07
ORD04640,Mr. Gregory Johnson,Ericfurt,West,Sports,Gym Gloves,9,1200,10800,2141.87,Cash,2025-05-28
ORD04641,Rebecca Jones,Jimhaven,West,Groceries,Bread,5,2359,11795,1007.72,UPI,2024-01-06
ORD04642,Kayla Nicholson,Port Christopher,West,Sports,Tennis Racket,1,3492,3492,951.93,Cash,2024-06-23
ORD04643,Joseph Smith,Joshuamouth,South,Sports,Gym Gloves,5,384,1920,125.62,Card,2025-05-05
ORD04644,Jacqueline Jimenez,South Richard,North,Groceries,Eggs,4,4885,19540,1159.81,Card,2024-06-15
ORD04645,Daniel Meyer,Chenside,South,Furniture,Chair,4,828,3312,616.02,Cash,2024-07-13
ORD04646,David Salazar,Klineton,East,Electronics,Laptop,2,1017,2034,508.99,UPI,2025-06-04
ORD04647,Robert Boone DDS,Teresafort,West,Groceries,Bread,5,4210,21050,3850.98,Card,2024-12-17
ORD04648,Andrea Huynh,Andrewland,North,Clothing,Jeans,5,3012,15060,1330.85,Card,2025-02-06
ORD04649,Joseph Douglas,Port Juliemouth,East,Electronics,Tablet,4,3475,13900,2809.93,Net Banking,2024-09-16
ORD04650,Kathryn Reynolds,Port Timothy,South,Sports,Cricket Bat,6,696,4176,1187.51,Net Banking,2025-08-08
ORD04651,Kristen Graves,Nguyenchester,West,Electronics,Phone,6,2959,17754,5188.07,Cash,2025-03-10
ORD04652,Kelly Brown,Mackenzieborough,West,Furniture,Sofa,9,3682,33138,7160.25,Cash,2024-03-10
ORD04653,Seth Wells,Carrfort,North,Clothing,Shoes,1,1104,1104,220.8,Net Banking,2025-08-20
ORD04654,John Garcia,Port Aliciaville,South,Furniture,Sofa,7,2611,18277,3809.93,Cash,2025-03-07
ORD04655,Donna Clark,Heatherside,North,Groceries,Bread,3,3635,10905,1977.11,Net Banking,2025-01-05
ORD04656,Joshua Thompson,Stephanieview,North,Sports,Gym Gloves,4,3656,14624,2491.15,UPI,2025-09-12
ORD04657,Elizabeth Davis,Austinmouth,East,Electronics,Phone,8,731,5848,1179.42,Cash,2024-02-29
ORD04658,Sarah Gregory,East Christophertown,North,Electronics,Phone,9,3820,34380,3084.28,Card,2024-05-11
ORD04659,Joel Guerra,East Stephaniemouth,South,Electronics,Laptop,5,2982,14910,3470.34,Card,2025-01-26
ORD04660,Valerie Salazar,Chelseabury,East,Clothing,Shoes,3,1332,3996,235.42,Net Banking,2025-02-04
ORD04661,Ms. Michelle Evans,New Dylanhaven,North,Groceries,Milk,4,1837,7348,2177.6,Cash,2024-12-27
ORD04662,Benjamin Mendez,Josephville,North,Clothing,Jeans,3,3239,9717,797.34,Card,2024-09-03
ORD04663,Melissa Rogers,New Carrie,East,Electronics,Phone,1,4151,4151,533.28,UPI,2025-09-01
ORD04664,Debbie Norton,Danielton,East,Clothing,Jeans,1,1256,1256,340.42,Cash,2025-06-25
ORD04665,Taylor Harris,Kaylaside,South,Clothing,T-Shirt,8,2393,19144,2723.58,Cash,2025-09-06
ORD04666,Monica Stevens,Gibbsmouth,North,Furniture,Chair,10,4728,47280,9551.76,Cash,2025-04-21
ORD04667,Eric Keith,Murphyshire,North,Clothing,Jacket,1,2576,2576,726.35,UPI,2024-07-26
ORD04668,Logan Adams,Lake Craigside,South,Sports,Football,8,4066,32528,2408.64,Cash,2025-07-24
ORD04669,Abigail Hill,West Christian,South,Clothing,Jeans,3,4105,12315,2077.28,Net Banking,2025-10-20
ORD04670,Miguel Davis,Port Madison,West,Groceries,Bread,6,2207,13242,2121.49,Cash,2024-03-07
ORD04671,Connor Drake,Paynetown,North,Groceries,Bread,8,1945,15560,2091.08,Card,2024-11-13
ORD04672,Raymond Johnson,East Andrew,East,Groceries,Rice,3,3291,9873,1496.47,Cash,2024-04-18
ORD04673,Barbara Davis,North Tonyaville,West,Sports,Cricket Bat,10,1144,11440,2308.64,UPI,2024-07-02
ORD04674,Alexander Thomas,East Joshuafort,South,Furniture,Chair,6,582,3492,989.75,Card,2024-04-10
ORD04675,Kelly Anderson,Jacksonmouth,East,Furniture,Table,10,514,5140,818.11,Cash,2025-04-28
ORD04676,Miss Wendy Tapia,Lake Amanda,North,Clothing,Shoes,8,1647,13176,1367.73,Cash,2025-08-01
ORD04677,Melissa Baker,Meganburgh,North,Sports,Football,4,3785,15140,4235.26,Cash,2025-12-06
ORD04678,Christopher Brown,Thomasshire,East,Groceries,Bread,10,2085,20850,3999.86,Net Banking,2025-01-06
ORD04679,Laura Petty,Port Ashley,West,Electronics,Tablet,3,790,2370,586.44,Cash,2024-04-01
ORD04680,Jeffrey Duncan DDS,Williamview,North,Furniture,Chair,7,2764,19348,3860.12,Card,2024-02-16
ORD04681,Victoria Barrett,East Latoyaside,East,Clothing,Jeans,7,2157,15099,4063.72,Card,2025-02-05
ORD04682,Jennifer Young,Sotoside,North,Clothing,Jeans,3,4715,14145,3565.83,Card,2025-03-04
ORD04683,Mitchell Perry,North Denise,South,Furniture,Table,1,561,561,93.04,Net Banking,2024-06-02
ORD04684,Renee Daugherty,New Clintonshire,West,Groceries,Milk,6,1387,8322,1376.91,Card,2024-02-18
ORD04685,Nicole Kelley,South Ashleyfort,South,Groceries,Rice,1,1888,1888,183.3,UPI,2025-01-16
ORD04686,Kenneth Nelson,New Reginaside,West,Electronics,Laptop,10,455,4550,1250.7,Cash,2025-11-12
ORD04687,Christine Burton,South Claudia,West,Furniture,Sofa,9,3574,32166,6798.19,Card,2025-05-02
ORD04688,Alex Flores,Vasquezport,South,Clothing,Shoes,6,4618,27708,4247.55,Card,2025-05-05
ORD04689,David Cooper,West Shannon,South,Groceries,Rice,4,2469,9876,1170.84,Cash,2025-03-07
ORD04690,Mr. Jacob Roth,Jamesport,West,Furniture,Sofa,7,2997,20979,4450.21,Card,2025-11-17
ORD04691,Lori Vincent,Port Emily,North,Electronics,Tablet,5,3465,17325,4049.06,Net Banking,2024-12-06
ORD04692,Lindsay Mccall,West Lisaport,East,Clothing,Shoes,4,2668,10672,3129.21,UPI,2024-03-10
ORD04693,Emma Vargas,Castillomouth,East,Groceries,Eggs,10,3267,32670,4565.43,Net Banking,2025-08-02
ORD04694,Jonathan Lawrence,West Evelyn,South,Clothing,Shoes,1,442,442,108.91,Cash,2025-10-17
ORD04695,Kelsey Wilson,East Lindachester,East,Groceries,Bread,3,1593,4779,919.2,Card,2025-02-08
ORD04696,Tracy Henry,Mikaylaberg,East,Furniture,Chair,1,4719,4719,424.42,UPI,2024-05-10
ORD04697,Kimberly Arnold,Wuside,East,Clothing,Jacket,6,4031,24186,6758.83,Cash,2025-10-11
ORD04698,William Harrison,Port Nicholas,East,Groceries,Milk,4,4070,16280,2427.75,UPI,2024-02-16
ORD04699,Jeffrey Norman MD,Port Amyshire,West,Clothing,Jeans,7,2614,18298,1893.86,UPI,2024-07-08
ORD04700,Kelli Williams,Owenport,South,Sports,Football,4,4086,16344,1451.57,UPI,2025-08-27
ORD04701,Denise Sanchez,Lake Jamie,South,Electronics,Phone,6,1317,7902,1010.27,Cash,2025-11-18
ORD04702,Alison Lewis,East Lisa,East,Furniture,Sofa,1,812,812,186.01,Net Banking,2025-11-20
ORD04703,Mr. Michael Cox,Lake Julia,East,Furniture,Sofa,1,3875,3875,973.85,Cash,2025-11-24
ORD04704,Heather Goodwin,Oliverborough,East,Sports,Football,9,3932,35388,6533.48,Net Banking,2024-08-05
ORD04705,George Weaver,West Nicholas,South,Groceries,Eggs,10,296,2960,185.22,Card,2025-03-24
ORD04706,Susan Alvarez,Kevinborough,South,Clothing,Shoes,7,3312,23184,3345.95,Net Banking,2024-11-12
ORD04707,Deborah Medina,Kempview,East,Electronics,Tablet,4,4343,17372,2642.61,UPI,2024-06-11
ORD04708,Cynthia Barajas MD,Jeremyton,West,Sports,Tennis Racket,6,4845,29070,2767.23,Cash,2025-10-10
ORD04709,Jose Huynh,Mooremouth,South,Sports,Gym Gloves,3,3188,9564,1387.55,Cash,2024-05-29
ORD04710,Autumn Henderson,East Lori,West,Clothing,Shoes,3,4096,12288,1367.19,Cash,2024-11-07
ORD04711,Laura Hernandez,South Chelsea,South,Groceries,Rice,5,3929,19645,1850.73,Card,2025-11-19
ORD04712,Erin Whitehead,Brandonmouth,North,Clothing,Shoes,7,3358,23506,1794.42,Card,2024-12-27
ORD04713,Clinton Brown,Tinashire,West,Sports,Gym Gloves,2,4579,9158,568.25,Cash,2025-01-22
ORD04714,Gabrielle Mitchell,New Ricardo,South,Sports,Gym Gloves,9,4374,39366,11374.11,Card,2025-09-22
ORD04715,Jason Mason,Kennedymouth,East,Clothing,Jacket,1,2113,2113,464.96,UPI,2025-10-27
ORD04716,Miss Rebecca Romero,Chadland,South,Sports,Gym Gloves,10,2754,27540,4248.65,Card,2024-03-29
ORD04717,Katie May,North Anthonymouth,South,Clothing,T-Shirt,9,4525,40725,4356.13,UPI,2025-11-02
ORD04718,Joel Osborne,West Jessica,South,Sports,Cricket Bat,9,326,2934,235.68,Card,2025-08-16
ORD04719,Erin Bailey,South Christianview,South,Groceries,Eggs,10,658,6580,1652.4,Net Banking,2025-10-22
ORD04720,Kirk Simmons,Cruzhaven,South,Groceries,Milk,10,4614,46140,11616.36,Cash,2024-04-03
ORD04721,Charles Golden,North Randyberg,South,Electronics,Laptop,7,1861,13027,963.35,UPI,2025-01-10
ORD04722,Jacob Romero,Lake Jeffreyside,South,Electronics,Phone,4,4850,19400,1452.12,UPI,2024-06-04
ORD04723,Mr. Anthony Banks,South Lisamouth,North,Furniture,Table,7,1876,13132,2885.39,Cash,2024-10-25
ORD04724,Clayton Griffin,Jeffreyberg,West,Electronics,Phone,8,472,3776,362.11,Net Banking,2024-05-05
ORD04725,Angela Peterson,Michaelstad,North,Furniture,Chair,2,1598,3196,657.12,Cash,2025-09-10
ORD04726,Margaret Delgado,Davisfort,North,Electronics,Headphones,8,2723,21784,3261.35,UPI,2025-08-12
ORD04727,Susan Ortega,Curtismouth,East,Electronics,Laptop,10,748,7480,2152.78,Cash,2025-01-20
ORD04728,Amber Cardenas,Gutierrezfurt,West,Furniture,Sofa,5,4438,22190,2432.35,UPI,2024-08-11
ORD04729,Robin Allen,West Angela,West,Clothing,T-Shirt,6,2432,14592,3351.72,UPI,2024-11-07
ORD04730,Marie Harrington,Ericfort,West,Electronics,Headphones,1,4625,4625,754.1,Cash,2024-05-16
ORD04731,Cindy Rodriguez,Danielville,South,Sports,Cricket Bat,1,2184,2184,138.26,UPI,2025-09-30
ORD04732,Calvin Barrett,New Christinahaven,South,Sports,Cricket Bat,5,4752,23760,4998.58,Cash,2024-07-02
ORD04733,Heather Burton,West Nathanmouth,South,Electronics,Headphones,1,304,304,43.67,Cash,2025-09-06
ORD04734,Timothy Gregory,West Jordan,South,Clothing,T-Shirt,9,2012,18108,1533.89,Net Banking,2024-12-24
ORD04735,Ashley Ayala,Greenland,South,Groceries,Milk,6,1308,7848,1678.57,UPI,2024-02-13
ORD04736,Brittany Coleman,Masonfurt,East,Furniture,Chair,2,3677,7354,1226.87,Cash,2024-12-20
ORD04737,Hannah Jones,South Jim,North,Sports,Cricket Bat,3,3264,9792,1699.18,UPI,2024-01-28
ORD04738,David Walker,West Debbie,West,Groceries,Eggs,9,1007,9063,709.04,Net Banking,2025-03-19
ORD04739,William Holland,North Jeffreyborough,West,Furniture,Chair,3,2720,8160,603.54,Card,2024-07-12
ORD04740,Carol Garcia,Smithberg,South,Furniture,Bed,8,2015,16120,3948.25,UPI,2024-06-23
ORD04741,Elizabeth Holland,Colemantown,South,Sports,Tennis Racket,2,4059,8118,1797.67,UPI,2024-12-12
ORD04742,Patrick Keller,North Ralphfort,East,Clothing,T-Shirt,6,1716,10296,714.55,UPI,2025-06-18
ORD04743,John Bailey,South Johnstad,North,Electronics,Tablet,1,3764,3764,491.53,Card,2024-11-23
ORD04744,Ronnie Caldwell,Brianfort,West,Sports,Tennis Racket,3,4587,13761,1689.9,UPI,2025-05-16
ORD04745,Ms. Valerie Wilson,East Williamberg,West,Furniture,Bed,9,2152,19368,3080.31,UPI,2025-09-16
ORD04746,Kimberly Griffin,Wrightmouth,East,Electronics,Phone,1,3782,3782,560.4,UPI,2025-11-06
ORD04747,Keith Kelly,New Meganmouth,North,Clothing,Jeans,6,2784,16704,3833.09,Net Banking,2024-01-08
ORD04748,Cynthia Gomez,East Michaelhaven,South,Furniture,Bed,3,3823,11469,2412.05,Cash,2025-03-29
ORD04749,Daniel Johnson,South Cindyport,South,Sports,Cricket Bat,10,311,3110,247.09,Cash,2025-12-07
ORD04750,Margaret Hanson,Williamchester,South,Electronics,Tablet,2,837,1674,398.16,Card,2024-03-05
ORD04751,Alicia Harrell,Ramirezport,North,Electronics,Headphones,4,3240,12960,2378.69,Card,2024-03-15
ORD04752,Angela Fisher,Hickstown,North,Electronics,Phone,5,439,2195,329.92,Net Banking,2024-03-06
ORD04753,Christopher Johnson,South Erikaton,West,Clothing,Shoes,2,826,1652,272.95,Card,2025-11-15
ORD04754,Matthew Adams,North Stephanie,West,Sports,Tennis Racket,8,4742,37936,6028.32,Cash,2025-06-06
ORD04755,Dylan Simon,North William,North,Electronics,Phone,5,558,2790,451.86,Card,2025-11-07
ORD04756,Evelyn Delacruz,West Cassandra,North,Clothing,T-Shirt,4,4543,18172,5372.84,UPI,2025-06-17
ORD04757,Richard Anderson,Annabury,West,Electronics,Laptop,5,2846,14230,3197.13,Net Banking,2025-05-26
ORD04758,Carmen Thomas,North Samanthamouth,East,Groceries,Eggs,2,4887,9774,2591.36,Net Banking,2024-05-12
ORD04759,Steven Leonard,Kaitlynview,West,Electronics,Laptop,8,419,3352,643.79,Net Banking,2024-04-06
ORD04760,Julia Burns,Briannatown,North,Clothing,Jacket,2,4058,8116,2171.03,Cash,2025-04-22
ORD04761,Tim Morgan,Jessicafort,South,Furniture,Table,9,134,1206,136.15,Card,2024-12-24
ORD04762,Beth Thompson,Parkertown,South,Groceries,Milk,8,3871,30968,6635.81,Cash,2024-11-26
ORD04763,George Hoover,Natalieside,West,Electronics,Tablet,10,1595,15950,2919.31,Cash,2025-06-20
ORD04764,Aaron Hopkins,Penafort,South,Clothing,Shoes,3,3856,11568,3346.96,Cash,2025-09-26
ORD04765,Stephen Chavez,Eugeneborough,North,Clothing,Shoes,1,1438,1438,323.56,Cash,2024-09-18
ORD04766,Brandon Anderson,North Karaport,East,Sports,Gym Gloves,7,1701,11907,2720.35,Net Banking,2025-06-25
ORD04767,Carla Jacobson,Lake Alyssa,South,Clothing,Jacket,5,1208,6040,1324.77,Card,2024-09-11
ORD04768,Aaron Gibson,North Jeffreymouth,West,Groceries,Bread,3,2064,6192,1242.75,Net Banking,2025-07-20
ORD04769,Samuel Robinson,East Jacquelinemouth,South,Groceries,Milk,3,3977,11931,1339.04,Card,2024-08-19
ORD04770,Jessica Larsen,North Phyllismouth,West,Electronics,Headphones,3,563,1689,444.25,Cash,2025-02-24
ORD04771,Joseph Velasquez,Lake Andres,North,Furniture,Sofa,1,1055,1055,121.8,Card,2024-05-16
ORD04772,Sarah Klein,Loriburgh,South,Groceries,Milk,5,2912,14560,1372.47,Net Banking,2025-03-01
ORD04773,Alexander Ray,North Brettview,North,Furniture,Bed,3,1878,5634,556.3,Card,2025-04-15
ORD04774,Victor Barker,Port Davidburgh,East,Clothing,Jacket,6,3074,18444,4607.37,Cash,2024-04-30
ORD04775,Clayton Bolton,South Arianaburgh,East,Clothing,Jacket,3,788,2364,164.0,Card,2025-04-23
ORD04776,Nancy Ball,Kennethland,East,Sports,Tennis Racket,5,4750,23750,3161.42,Cash,2025-10-18
ORD04777,Kayla Arnold,Port Davidmouth,North,Electronics,Tablet,3,2559,7677,1110.41,Card,2025-06-01
ORD04778,Daniel Yoder,Kennethfort,East,Electronics,Phone,10,1011,10110,816.42,Net Banking,2025-02-21
ORD04779,Christian Olson,Burnsport,West,Sports,Cricket Bat,5,3273,16365,1997.65,Cash,2025-08-23
ORD04780,Anthony Mcintyre,Ruizville,West,Clothing,Shoes,4,2747,10988,1138.38,Card,2025-09-28
ORD04781,Carl Ruiz,North Kimberly,West,Sports,Football,6,2064,12384,3263.39,Card,2024-03-03
ORD04782,Laura Miller,East Melissa,East,Electronics,Tablet,6,716,4296,1070.71,Net Banking,2024-08-13
ORD04783,Brenda Delgado,New Judith,South,Sports,Cricket Bat,4,499,1996,269.26,Card,2025-04-21
ORD04784,Allison Peterson,Boyletown,South,Clothing,Jeans,2,310,620,143.25,Card,2024-04-03
ORD04785,Sarah Moore,South Vincent,West,Groceries,Bread,4,4019,16076,2954.26,Cash,2025-11-27
ORD04786,Matthew Cooke,New Thomasburgh,West,Clothing,Jeans,1,681,681,190.84,UPI,2025-10-09
ORD04787,Lisa Martin,Bobbyburgh,West,Groceries,Eggs,10,3288,32880,2582.99,Net Banking,2024-01-28
ORD04788,Amanda Harvey,Sullivanview,North,Furniture,Bed,5,939,4695,1268.77,Net Banking,2024-05-30
ORD04789,Christina Richardson,South Annashire,East,Sports,Football,7,2870,20090,1049.47,Net Banking,2024-03-20
ORD04790,Brenda Diaz,Wrightland,East,Electronics,Tablet,10,173,1730,130.78,UPI,2024-06-17
ORD04791,Katrina Bishop,Port Sarah,North,Furniture,Table,2,3502,7004,427.42,Cash,2024-09-17
ORD04792,Shaun Carpenter,East Raymondchester,South,Groceries,Milk,9,4532,40788,6277.52,Cash,2025-06-07
ORD04793,Andre Austin,East Austinview,East,Electronics,Phone,1,4639,4639,685.54,Card,2024-03-22
ORD04794,Anthony Jones,Kimberlyview,West,Furniture,Sofa,1,3885,3885,794.95,Card,2025-01-24
ORD04795,Matthew Rivera,Danielfort,East,Furniture,Chair,1,652,652,79.2,Cash,2024-10-11
ORD04796,James Johnson,Seanport,South,Clothing,Shoes,1,3996,3996,422.42,Cash,2025-05-15
ORD04797,Eric Dalton,East Michelleborough,East,Sports,Gym Gloves,2,2999,5998,1167.83,Card,2024-06-22
ORD04798,Timothy Williams,Hornmouth,South,Groceries,Bread,8,3678,29424,3040.53,Cash,2025-05-16
ORD04799,Yvonne Zuniga,South Apriltown,South,Electronics,Tablet,6,4187,25122,4257.3,Net Banking,2025-04-25
ORD04800,Jeffrey Huber,Richardfurt,North,Groceries,Eggs,1,3942,3942,504.46,UPI,2025-10-02
ORD04801,Catherine Howell,South Jessemouth,North,Clothing,Jeans,10,2333,23330,5422.84,Card,2025-07-02
ORD04802,Stephanie Hamilton,Port Ashleyland,East,Electronics,Tablet,4,4767,19068,1218.8,Net Banking,2024-08-30
ORD04803,Joshua Smith,Frankville,West,Electronics,Phone,9,3012,27108,6556.74,Net Banking,2025-10-09
ORD04804,Jessica Meyer,South Patricia,West,Groceries,Rice,10,3533,35330,3634.39,Net Banking,2024-11-10
ORD04805,Elizabeth Jones,Reedtown,North,Electronics,Headphones,6,770,4620,1151.76,UPI,2024-03-30
ORD04806,Lisa Oneill,Benjaminchester,West,Sports,Tennis Racket,3,3290,9870,901.12,Card,2024-05-20
ORD04807,Thomas Ritter,North Kristina,East,Clothing,T-Shirt,9,291,2619,704.81,Card,2024-05-13
ORD04808,Jasmine Smith,Port Charlene,South,Sports,Tennis Racket,1,4210,4210,577.86,Card,2025-09-13
ORD04809,Scott Mendoza,New Kevinview,South,Groceries,Bread,4,2855,11420,1020.6,Net Banking,2024-10-10
ORD04810,Daniel Mccoy,Trevorfurt,East,Groceries,Bread,1,3763,3763,868.06,Card,2025-03-03
ORD04811,Jamie Henry,Heatherville,South,Groceries,Milk,8,2164,17312,3289.85,Card,2024-12-27
ORD04812,Stephen Mercado,Lake Meganmouth,East,Electronics,Phone,3,2811,8433,2399.63,Net Banking,2025-07-18
ORD04813,Yvette Scott,East Melinda,South,Groceries,Rice,2,4128,8256,2075.22,Net Banking,2024-06-22
ORD04814,Wendy Peters,East Williamtown,East,Sports,Cricket Bat,10,2342,23420,4465.07,Cash,2025-03-14
ORD04815,Clarence Jackson,South Jeanberg,North,Furniture,Bed,8,2187,17496,3843.19,Cash,2025-08-21
ORD04816,Christopher Bauer,Markville,North,Electronics,Phone,9,2880,25920,3040.45,UPI,2025-03-24
ORD04817,Kimberly Washington,Port Ryan,South,Sports,Tennis Racket,2,2905,5810,1118.93,Card,2024-03-25
ORD04818,Jacob Rodriguez,Stephaniebury,South,Furniture,Bed,10,2720,27200,4554.54,Card,2024-11-23
ORD04819,Angel Lane,New Angela,East,Electronics,Phone,10,4049,40490,5821.61,Cash,2024-09-10
ORD04820,Gerald Cooley,South Jamestown,South,Sports,Tennis Racket,7,676,4732,606.04,UPI,2025-03-20
ORD04821,Richard Adams,Charlestown,South,Clothing,T-Shirt,9,3001,27009,2300.74,Cash,2025-02-11
ORD04822,Patricia Brown,New Jeffreybury,West,Clothing,Shoes,2,664,1328,241.43,Cash,2025-05-25
ORD04823,Jimmy Ali,South Tara,South,Groceries,Milk,9,1570,14130,3005.12,Cash,2024-12-23
ORD04824,Mr. Derek Buchanan,Lindahaven,North,Sports,Football,5,938,4690,1069.2,Net Banking,2025-09-19
ORD04825,Shawn Lewis,West Barbara,South,Electronics,Headphones,1,2108,2108,212.03,UPI,2025-11-24
ORD04826,Amanda Schwartz,Rickyton,East,Sports,Tennis Racket,5,2404,12020,861.95,Cash,2025-10-27
ORD04827,Paul Garcia,Port Joshua,South,Groceries,Eggs,1,1580,1580,346.41,UPI,2025-10-07
ORD04828,John Avila,East Lynnside,North,Furniture,Bed,9,4526,40734,2528.35,UPI,2024-06-11
ORD04829,Mr. Allen Phelps,Kimberlyhaven,West,Sports,Cricket Bat,7,4077,28539,6598.69,Net Banking,2025-02-27
ORD04830,Christopher Hensley,Port Christinefort,West,Groceries,Eggs,4,3508,14032,1901.57,Card,2025-04-12
ORD04831,Glen Ferguson,Livingstonmouth,South,Clothing,Jacket,5,2810,14050,2871.4,Card,2024-02-29
ORD04832,Crystal Carter,North James,East,Sports,Football,10,2810,28100,7066.61,Cash,2025-12-13
ORD04833,Sarah Johnson,South Luismouth,South,Clothing,T-Shirt,2,513,1026,87.14,Card,2025-10-01
ORD04834,James Morris,Jenniferton,South,Clothing,Jeans,4,503,2012,370.89,Cash,2024-05-18
ORD04835,Thomas Stanley,Lake Rebecca,East,Furniture,Chair,4,3091,12364,2716.11,Card,2024-03-12
ORD04836,Katie Alvarez,Port Davidshire,North,Clothing,T-Shirt,8,287,2296,197.03,Net Banking,2024-09-13
ORD04837,Catherine Thomas,Jamietown,East,Furniture,Bed,1,3258,3258,521.29,UPI,2024-04-18
ORD04838,Thomas Novak,Vanessastad,West,Clothing,Jacket,9,4011,36099,5748.58,Card,2024-04-19
ORD04839,Mary Snyder,Jessicafurt,West,Sports,Cricket Bat,5,1212,6060,989.55,Cash,2025-08-15
ORD04840,Stephanie Sims,South Ashley,East,Electronics,Phone,10,2409,24090,1527.79,Net Banking,2025-08-03
ORD04841,Justin Ayers,Ryanland,South,Furniture,Sofa,3,375,1125,100.6,Net Banking,2025-01-04
ORD04842,Robert Washington,Davidmouth,East,Groceries,Rice,3,3165,9495,1771.29,UPI,2025-07-03
ORD04843,Jeffrey Hancock,Port Lawrenceton,East,Sports,Tennis Racket,10,3034,30340,8735.63,UPI,2025-01-28
ORD04844,Shawna Hernandez,South Erica,East,Sports,Tennis Racket,6,3324,19944,4272.06,Net Banking,2024-10-27
ORD04845,Hailey Torres,Keithtown,North,Clothing,Jacket,3,2051,6153,1576.19,Card,2024-01-07
ORD04846,Tracy Gutierrez,East Katiemouth,West,Electronics,Tablet,3,2583,7749,2078.71,Net Banking,2025-06-22
ORD04847,Brian Burns,Lake Joshua,North,Sports,Tennis Racket,6,2194,13164,2283.0,Net Banking,2024-01-10
ORD04848,Patricia Ramos,Stacystad,West,Groceries,Bread,1,1123,1123,306.94,Net Banking,2024-11-04
ORD04849,Allison Ellis,Ericside,East,Electronics,Phone,7,4114,28798,2471.25,UPI,2025-10-19
ORD04850,Michael Smith,Ronaldborough,West,Furniture,Chair,1,2636,2636,570.71,UPI,2025-04-17
ORD04851,Evelyn Smith,Savannahside,North,Groceries,Milk,5,3568,17840,1083.3,Net Banking,2024-09-11
ORD04852,Kari Ross,Port Bruce,South,Electronics,Phone,5,203,1015,240.18,UPI,2025-08-24
ORD04853,John Ballard,Lanehaven,West,Groceries,Bread,6,4043,24258,3175.46,Card,2024-06-30
ORD04854,Ana Kelly,Watsonshire,West,Clothing,Jeans,9,1748,15732,4205.18,Net Banking,2025-07-29
ORD04855,Christopher Roberts,Jorgeville,West,Sports,Tennis Racket,2,3008,6016,1323.6,UPI,2025-03-09
ORD04856,Olivia Harvey PhD,New Stephanie,West,Clothing,Jacket,8,999,7992,1783.35,Net Banking,2025-01-08
ORD04857,Dean Vasquez,West Donna,North,Electronics,Headphones,7,4684,32788,9719.7,Cash,2024-11-04
ORD04858,Jason Kim,Anthonyport,East,Groceries,Milk,7,2155,15085,2290.4,Card,2024-01-15
ORD04859,Alfred Wood,West Morgan,South,Clothing,T-Shirt,7,1054,7378,1961.84,Cash,2024-03-14
ORD04860,Teresa Duke,Jacksonfurt,East,Sports,Tennis Racket,7,1639,11473,1111.06,UPI,2024-09-24
ORD04861,Denise Strong,West Jamesmouth,South,Sports,Cricket Bat,6,3335,20010,4036.97,UPI,2024-03-09
ORD04862,Misty Gray,North Andreaport,West,Furniture,Bed,10,3794,37940,9918.13,Net Banking,2024-11-15
ORD04863,Misty Hines,Deanland,West,Sports,Tennis Racket,9,4046,36414,7019.42,Cash,2025-06-03
ORD04864,Carrie Lucas,North Diana,North,Electronics,Headphones,4,578,2312,316.46,Card,2025-05-21
ORD04865,Michelle Brown,Brownton,North,Furniture,Bed,10,1600,16000,1521.72,Net Banking,2024-12-21
ORD04866,Patricia Hill,Hudsonton,West,Clothing,Jeans,4,135,540,154.07,Card,2024-05-17
ORD04867,Jason Becker,Jonesland,North,Groceries,Rice,2,4096,8192,1209.25,Net Banking,2024-04-20
ORD04868,Tiffany Garrett,Lake Kimberlyville,South,Furniture,Bed,1,4393,4393,618.12,Net Banking,2024-12-20
ORD04869,Alan Rich,Brookebury,South,Electronics,Headphones,3,1523,4569,448.5,Card,2025-02-27
ORD04870,Shane Colon,Nicoleton,West,Groceries,Eggs,4,2990,11960,2064.09,Card,2025-01-17
ORD04871,Brenda Garza,Lake Lauren,North,Furniture,Sofa,2,115,230,57.46,Cash,2024-01-09
ORD04872,James Taylor,Kristinaberg,East,Furniture,Bed,4,251,1004,104.92,Cash,2024-05-10
ORD04873,Nichole Terry,Reginaldstad,South,Groceries,Bread,7,1795,12565,2978.38,Cash,2024-11-28
ORD04874,Matthew Richards,West Ericastad,South,Clothing,Shoes,2,1049,2098,396.94,UPI,2025-12-08
ORD04875,Daniel Massey,Thomasmouth,West,Furniture,Chair,7,4873,34111,4515.57,Cash,2025-11-13
ORD04876,Wendy Farrell,North Christophertown,South,Electronics,Tablet,4,624,2496,567.95,UPI,2024-04-06
ORD04877,David Jackson,Lake Alisonview,West,Groceries,Eggs,10,345,3450,870.73,Net Banking,2024-08-02
ORD04878,Marissa Martinez,New Christopherville,East,Groceries,Eggs,4,3313,13252,2819.14,Net Banking,2025-09-23
ORD04879,Jessica Lewis,Thompsonmouth,East,Furniture,Chair,4,1397,5588,857.96,Card,2024-11-30
ORD04880,Joseph Chen,East Derrickmouth,East,Electronics,Phone,4,4125,16500,3345.83,UPI,2024-06-26
ORD04881,Shirley Tran,West Lisa,South,Furniture,Bed,6,1891,11346,1546.0,UPI,2025-12-06
ORD04882,Rickey Rodriguez,West Stephanie,West,Furniture,Table,5,2909,14545,1185.94,Card,2025-12-06
ORD04883,Timothy Schmidt,Lake Savannahborough,South,Groceries,Eggs,2,4868,9736,2023.53,UPI,2024-02-18
ORD04884,Brandon Lee,Roberttown,North,Clothing,Shoes,9,3825,34425,6501.58,Cash,2025-04-12
ORD04885,Stephen Smith,Martinezhaven,East,Groceries,Bread,3,2426,7278,1909.05,UPI,2025-09-29
ORD04886,Curtis Brown,Derrickton,South,Sports,Tennis Racket,3,4239,12717,1392.38,UPI,2025-05-29
ORD04887,Luis Hodge,Karenberg,West,Electronics,Tablet,2,2365,4730,930.75,Net Banking,2025-03-28
ORD04888,Daniel Brooks,Patrickview,East,Clothing,T-Shirt,4,3376,13504,3125.78,Net Banking,2025-02-22
ORD04889,Heather Clark,Morrisonberg,South,Groceries,Bread,3,4262,12786,3523.27,Net Banking,2024-06-19
ORD04890,Tina Jones,South Rebecca,South,Electronics,Tablet,5,4716,23580,5107.49,Card,2024-01-25
ORD04891,Dawn Chapman MD,Murrayberg,East,Sports,Tennis Racket,10,2528,25280,2462.98,Net Banking,2024-09-19
ORD04892,Andrew James,West Robertfort,West,Groceries,Eggs,7,729,5103,1176.02,Card,2024-08-31
ORD04893,Samantha Harris,North Gail,East,Clothing,T-Shirt,1,4872,4872,1279.89,Card,2025-12-15
ORD04894,Kyle Moran,Lake Jennifer,East,Groceries,Eggs,9,1636,14724,1257.6,Cash,2024-08-01
ORD04895,Melissa Snyder,Wrightborough,South,Groceries,Rice,2,4844,9688,2374.04,Net Banking,2024-03-30
ORD04896,James Winters,North Randallland,South,Electronics,Headphones,7,968,6776,1290.69,Net Banking,2024-12-01
ORD04897,Lisa Webster,New Gregory,South,Electronics,Headphones,9,440,3960,1183.29,UPI,2025-03-24
ORD04898,Shannon Thomas,Lake Williamville,North,Furniture,Chair,4,1858,7432,1394.58,UPI,2025-07-16
ORD04899,Nicole Rangel,Mannborough,West,Furniture,Chair,10,3597,35970,5359.69,Cash,2025-05-03
ORD04900,Marissa Hunt,Port Joseph,East,Groceries,Milk,1,1733,1733,366.91,Card,2024-08-16
ORD04901,Jennifer Frederick,West Alanhaven,West,Sports,Cricket Bat,7,3062,21434,3325.1,UPI,2024-01-01
ORD04902,Joseph Black,New Howard,West,Sports,Football,6,3422,20532,4411.06,Card,2024-11-29
ORD04903,Angel Johnson,Heatherbury,West,Furniture,Bed,8,4018,32144,1880.16,Net Banking,2024-09-23
ORD04904,Kathleen French,Kathleenfort,North,Furniture,Table,2,3315,6630,747.96,Card,2025-09-03
ORD04905,Pamela Boone,New Cynthia,North,Clothing,Shoes,9,4463,40167,6980.57,Card,2024-09-03
ORD04906,Lance Barton,Phamland,East,Sports,Gym Gloves,9,1120,10080,650.5,Cash,2024-06-13
ORD04907,Bradley Bass,Webbside,South,Electronics,Phone,10,1542,15420,2399.44,Card,2025-03-05
ORD04908,Thomas Tate,Marybury,East,Clothing,Shoes,9,498,4482,993.23,UPI,2025-07-31
ORD04909,Brian Khan,Stevensberg,West,Clothing,T-Shirt,2,2507,5014,734.68,UPI,2024-11-19
ORD04910,Alexandria Rivera,West James,West,Electronics,Laptop,2,4850,9700,2113.44,Cash,2024-02-05
ORD04911,Jose Young,Port Billy,South,Sports,Tennis Racket,5,3315,16575,2656.26,Card,2025-12-27
ORD04912,David Carroll,Joelton,North,Groceries,Bread,4,3392,13568,3233.38,Card,2024-08-25
ORD04913,Daniel Jones,South Mollychester,West,Electronics,Phone,2,4805,9610,1756.54,Net Banking,2025-08-12
ORD04914,Linda Tucker,New Nicholas,East,Electronics,Phone,3,994,2982,299.04,Card,2024-01-14
ORD04915,Laurie Robbins,North Harold,North,Furniture,Sofa,3,3036,9108,1890.5,UPI,2024-04-16
ORD04916,Jennifer Rose,North Jamesburgh,East,Furniture,Sofa,10,2559,25590,6780.19,Cash,2024-01-15
ORD04917,Jeffery Rogers,Brownville,North,Sports,Tennis Racket,2,1586,3172,407.22,Cash,2025-04-04
ORD04918,James Ortega,West Tammy,West,Furniture,Table,9,4542,40878,9296.79,Net Banking,2025-11-26
ORD04919,Karen Simpson DDS,Lake Amandaside,East,Groceries,Eggs,1,3272,3272,843.68,UPI,2025-06-20
ORD04920,Dr. Jonathan Salazar,West Heather,South,Furniture,Sofa,1,1840,1840,351.52,Net Banking,2025-04-26
ORD04921,Spencer Le,Fernandezchester,South,Clothing,Jacket,4,274,1096,199.48,Net Banking,2025-06-06
ORD04922,Jacob Bishop,West Jessicaland,West,Furniture,Table,10,1775,17750,3699.27,UPI,2025-12-01
ORD04923,Bryce Hall,North Alexchester,West,Furniture,Bed,7,2085,14595,2589.88,UPI,2024-01-05
ORD04924,Emily Hughes,East Ian,South,Clothing,Jacket,9,754,6786,1273.96,Cash,2024-04-30
ORD04925,Sandra Mitchell,South Victor,West,Electronics,Laptop,8,4272,34176,5254.23,Net Banking,2024-12-15
ORD04926,Susan Cook,Kylemouth,South,Groceries,Eggs,8,685,5480,1086.29,UPI,2025-12-22
ORD04927,Anthony Williams,Carpenterchester,East,Furniture,Chair,3,4447,13341,3902.65,Net Banking,2025-03-30
ORD04928,Megan Sherman,Clementsshire,South,Clothing,T-Shirt,6,4224,25344,5222.42,UPI,2024-07-09
ORD04929,Kent Hahn,East Ericaville,West,Furniture,Bed,1,3197,3197,509.85,UPI,2025-06-26
ORD04930,Nichole Butler,Kaylastad,West,Sports,Cricket Bat,5,4991,24955,4193.37,Card,2024-06-28
ORD04931,Max Ramirez,West Jorgestad,West,Clothing,Shoes,2,1651,3302,927.39,Net Banking,2024-10-15
ORD04932,Mark Schneider,Brownton,East,Clothing,Jacket,2,2632,5264,679.52,Cash,2025-04-08
ORD04933,Danielle Johnson,Jacquelineberg,South,Clothing,Shoes,5,2534,12670,2780.82,Card,2025-06-14
ORD04934,Julian Adams,Allenport,North,Furniture,Bed,10,4797,47970,13996.94,Card,2025-12-25
ORD04935,Adam Hernandez,Katherinefort,South,Electronics,Laptop,2,2677,5354,1252.59,Cash,2025-05-02
ORD04936,Kristen Valencia,Harrisonmouth,West,Sports,Tennis Racket,2,2719,5438,897.2,Net Banking,2024-10-20
ORD04937,Heather Sanchez,Lake Michelleton,North,Electronics,Tablet,1,3489,3489,829.43,Cash,2025-06-28
ORD04938,Kristen Combs,Kathrynberg,East,Sports,Cricket Bat,2,4875,9750,1031.89,UPI,2025-03-20
ORD04939,Nathan King,Guzmanview,South,Furniture,Bed,6,4270,25620,7385.42,Card,2024-02-22
ORD04940,Aaron Gentry,Lake Loriview,South,Clothing,Shoes,4,2074,8296,2186.22,Cash,2025-07-07
ORD04941,Ashley Pearson,West Stephanie,North,Clothing,Jacket,3,2384,7152,1733.12,Card,2025-04-07
ORD04942,Jennifer Foster,Latashaborough,South,Electronics,Tablet,6,3954,23724,6246.71,Net Banking,2025-10-15
ORD04943,Darren Romero,West Brittney,South,Furniture,Chair,4,1461,5844,1696.97,Net Banking,2025-11-24
ORD04944,Allison Vaughn,Richardberg,South,Electronics,Headphones,2,4403,8806,2085.79,Net Banking,2025-02-03
ORD04945,Derek Peterson,Port Cynthia,South,Sports,Gym Gloves,5,4043,20215,3123.05,Net Banking,2024-07-03
ORD04946,Ricardo Thomas,Morganhaven,West,Electronics,Phone,9,2922,26298,5597.87,Net Banking,2024-10-12
ORD04947,Hailey Lawson,West Samuel,North,Furniture,Bed,9,886,7974,1536.59,Cash,2024-07-12
ORD04948,Robert King,Melissabury,South,Furniture,Sofa,2,1539,3078,871.97,Cash,2025-12-19
ORD04949,Roger Walker,Brandonberg,East,Sports,Football,7,1619,11333,1554.09,UPI,2025-12-02
ORD04950,Joshua Myers,Alvareztown,South,Sports,Tennis Racket,5,2899,14495,2058.5,Card,2024-03-06
ORD04951,Mary Lewis,Peterton,South,Sports,Cricket Bat,2,2240,4480,1081.72,Card,2024-02-22
ORD04952,Paul Harding,West Thomasland,South,Groceries,Milk,1,1763,1763,486.84,Net Banking,2024-06-11
ORD04953,Raymond Foster,Martinezside,East,Groceries,Milk,6,2580,15480,4145.07,Net Banking,2024-01-10
ORD04954,Victoria Perez,West Meghan,West,Sports,Gym Gloves,6,3729,22374,1679.51,Cash,2025-05-30
ORD04955,Kimberly Lowery,Rosetown,South,Electronics,Phone,3,3103,9309,604.35,Net Banking,2025-03-03
ORD04956,Eric Sandoval,Russellmouth,East,Sports,Tennis Racket,7,2493,17451,5062.6,Net Banking,2024-08-03
ORD04957,Jesus Swanson,South Paul,South,Groceries,Rice,9,4509,40581,3802.84,Card,2024-01-21
ORD04958,Caitlin Higgins,Lake Christopherberg,East,Sports,Gym Gloves,3,4365,13095,2612.4,Net Banking,2025-10-28
ORD04959,Erika Neal,Port Meganstad,South,Groceries,Milk,7,1814,12698,882.62,UPI,2024-07-26
ORD04960,Daniel Murphy,Port Travisfort,West,Sports,Tennis Racket,7,443,3101,235.0,Cash,2024-06-10
ORD04961,Nancy Brewer,North David,East,Sports,Football,4,1799,7196,1620.9,UPI,2025-02-18
ORD04962,George Gibson,Lake Michael,North,Sports,Tennis Racket,8,2404,19232,3706.79,Net Banking,2025-10-08
ORD04963,Jessica Hicks,Port Bonnie,North,Furniture,Sofa,4,383,1532,164.21,UPI,2024-04-07
ORD04964,Charles Johnson,Savannahville,East,Groceries,Eggs,4,3174,12696,2004.49,Card,2024-05-27
ORD04965,Alexandra Lam,Jamesfort,East,Clothing,Jacket,2,2476,4952,1176.26,Net Banking,2025-06-30
ORD04966,Dr. Emily Brown,Reginamouth,North,Sports,Gym Gloves,3,1433,4299,1176.92,UPI,2024-12-26
ORD04967,Charles Valencia,Cookeberg,West,Electronics,Tablet,9,3597,32373,2264.48,UPI,2025-01-26
ORD04968,Molly Castillo,South Christopherfurt,North,Electronics,Phone,7,150,1050,130.25,UPI,2025-08-28
ORD04969,Angel Miranda,Michaelport,North,Groceries,Bread,10,2848,28480,2842.67,Net Banking,2025-10-11
ORD04970,Billy Nguyen,East Ronniemouth,West,Furniture,Sofa,5,694,3470,1010.12,Net Banking,2025-03-02
ORD04971,Robert Proctor,Snowtown,South,Sports,Tennis Racket,6,3955,23730,6369.37,UPI,2024-08-14
ORD04972,Megan Forbes,East Antonioburgh,South,Groceries,Bread,1,1555,1555,431.97,Cash,2024-10-07
ORD04973,Stephanie Johnson,Avilaton,West,Sports,Cricket Bat,6,2279,13674,3222.06,UPI,2024-01-15
ORD04974,Karen Powell,Brendaland,North,Electronics,Laptop,8,1505,12040,2457.8,Cash,2025-01-18
ORD04975,Susan Barron,Simonport,West,Furniture,Chair,6,349,2094,544.72,UPI,2025-03-20
ORD04976,Nancy Huang,Port Mark,West,Clothing,Jacket,4,1921,7684,1646.41,UPI,2024-05-04
ORD04977,Helen Morgan,Sabrinaburgh,South,Clothing,Shoes,10,2695,26950,3751.65,Cash,2024-03-08
ORD04978,Kimberly Brown,West Aaron,North,Clothing,Jeans,3,147,441,112.53,Card,2024-07-03
ORD04979,Ricardo Ramirez,Jerryview,East,Furniture,Chair,9,4904,44136,11690.81,Cash,2025-11-27
ORD04980,Christopher Ramirez,New Valeriestad,West,Electronics,Headphones,7,4585,32095,1633.52,Net Banking,2024-06-10
ORD04981,Erika Graham,Adammouth,South,Furniture,Sofa,1,2783,2783,667.39,Cash,2025-05-03
ORD04982,John Pierce,New Kimberlyview,South,Clothing,T-Shirt,4,2519,10076,1104.86,Card,2024-09-09
ORD04983,Taylor Howard,West Julieton,South,Electronics,Phone,8,2152,17216,3444.72,Cash,2024-06-04
ORD04984,Kimberly Walker,Huntmouth,South,Sports,Tennis Racket,5,487,2435,583.6,Net Banking,2025-11-26
ORD04985,Amy Baker,West Tammy,East,Groceries,Bread,5,1824,9120,1815.16,Cash,2025-08-29
ORD04986,Sean Phelps,North Davidstad,West,Sports,Tennis Racket,9,256,2304,225.26,Card,2024-01-27
ORD04987,David Bailey,West Kathleen,North,Electronics,Tablet,9,3470,31230,6678.23,Card,2024-05-11
ORD04988,Melissa Greer,Olivialand,West,Electronics,Tablet,1,2331,2331,662.79,UPI,2025-06-07
ORD04989,Ryan Oliver,Patriciafort,West,Clothing,T-Shirt,6,1065,6390,1209.46,Net Banking,2024-08-04
ORD04990,Johnny Johnson,Hopkinsshire,East,Furniture,Chair,1,525,525,89.68,Net Banking,2024-10-22
ORD04991,Destiny Hardy,West Deborah,North,Sports,Cricket Bat,10,978,9780,2180.49,Net Banking,2025-04-27
ORD04992,Kathleen Mcclain,North Richard,West,Clothing,T-Shirt,1,1741,1741,396.09,Card,2024-12-31
ORD04993,Dana Mcclain,New Jamesview,East,Sports,Gym Gloves,6,4087,24522,5850.41,Card,2025-05-05
ORD04994,Jonathan Andrews,Williamsport,South,Sports,Gym Gloves,7,3188,22316,6391.46,Cash,2025-03-29
ORD04995,Jason Sutton,East Davidmouth,East,Groceries,Eggs,1,2493,2493,655.16,UPI,2025-04-26
ORD04996,David Christian,Shaneberg,West,Furniture,Chair,9,965,8685,1613.74,Cash,2024-07-16
ORD04997,Terrance Chandler,Ernestton,East,Sports,Cricket Bat,6,1187,7122,1763.62,UPI,2025-11-25
ORD04998,Kim Walker,South Kimberly,West,Clothing,Jeans,10,2123,21230,5167.99,UPI,2024-04-29
ORD04999,Alexis Hall,Port Jose,East,Furniture,Bed,10,2791,27910,4766.69,Cash,2025-03-27
ORD05000,Kelly Roberts,Kennethland,South,Groceries,Eggs,9,2472,22248,6380.44,UPI,2024-02-22
